[0.005s] Invoking command in '/home/wu/Desktop/26_wuren_wuchunming/Ros2/ros2_homework_advanced_ws/build/fsd_common_msgs': CMAKE_PREFIX_PATH=${CMAKE_PREFIX_PATH}:/opt/ros/humble /usr/bin/cmake /home/wu/Desktop/26_wuren_wuchunming/Ros2/ros2_homework_advanced_ws/src/fsd_common_msgs -DCMAKE_INSTALL_PREFIX=/home/wu/Desktop/26_wuren_wuchunming/Ros2/ros2_homework_advanced_ws/install/fsd_common_msgs
[0.106s] -- The C compiler identification is GNU 11.4.0
[0.160s] -- The CXX compiler identification is GNU 11.4.0
[0.167s] -- Detecting C compiler ABI info
[0.243s] -- Detecting C compiler ABI info - done
[0.250s] -- Check for working C compiler: /usr/bin/cc - skipped
[0.250s] -- Detecting C compile features
[0.251s] -- Detecting C compile features - done
[0.255s] -- Detecting CXX compiler ABI info
[0.340s] -- Detecting CXX compiler ABI info - done
[0.349s] -- Check for working CXX compiler: /usr/bin/c++ - skipped
[0.349s] -- Detecting CXX compile features
[0.349s] -- Detecting CXX compile features - done
[0.357s] -- Found ament_cmake: 1.3.14 (/opt/ros/humble/share/ament_cmake/cmake)
[0.513s] -- Found Python3: /usr/bin/python3 (found version "3.10.12") found components: Interpreter 
[0.604s] -- Found rosidl_default_generators: 1.2.1 (/opt/ros/humble/share/rosidl_default_generators/cmake)
[0.611s] -- Using all available rosidl_typesupport_c: rosidl_typesupport_fastrtps_c;rosidl_typesupport_introspection_c
[0.620s] -- Found rosidl_adapter: 3.1.8 (/opt/ros/humble/share/rosidl_adapter/cmake)
[0.658s] -- Using all available rosidl_typesupport_cpp: rosidl_typesupport_fastrtps_cpp;rosidl_typesupport_introspection_cpp
[0.697s] -- Found std_msgs: 4.9.1 (/opt/ros/humble/share/std_msgs/cmake)
[0.721s] -- Found geometry_msgs: 4.9.1 (/opt/ros/humble/share/geometry_msgs/cmake)
[0.733s] -- Found can_msgs: 2.0.0 (/opt/ros/humble/share/can_msgs/cmake)
[0.746s] -- Found nav_msgs: 4.9.1 (/opt/ros/humble/share/nav_msgs/cmake)
[1.105s] -- Found ament_cmake_ros: 0.10.0 (/opt/ros/humble/share/ament_cmake_ros/cmake)
[1.326s] -- Using all available rosidl_typesupport_c: rosidl_typesupport_fastrtps_c;rosidl_typesupport_introspection_c
[1.645s] -- Using all available rosidl_typesupport_cpp: rosidl_typesupport_fastrtps_cpp;rosidl_typesupport_introspection_cpp
[1.667s] -- Found PythonInterp: /usr/bin/python3 (found suitable version "3.10.12", minimum required is "3.6") 
[1.668s] -- Found python_cmake_module: 0.10.0 (/opt/ros/humble/share/python_cmake_module/cmake)
[1.692s] -- Found PythonLibs: /usr/lib/x86_64-linux-gnu/libpython3.10.so (found suitable version "3.10.12", minimum required is "3.5") 
[1.692s] -- Using PYTHON_EXECUTABLE: /usr/bin/python3
[1.692s] -- Using PYTHON_INCLUDE_DIRS: /usr/include/python3.10
[1.692s] -- Using PYTHON_LIBRARIES: /usr/lib/x86_64-linux-gnu/libpython3.10.so
[1.712s] -- Found PythonExtra: .so  
[1.843s] -- Configuring done
[1.901s] -- Generating done
[1.912s] -- Build files have been written to: /home/wu/Desktop/26_wuren_wuchunming/Ros2/ros2_homework_advanced_ws/build/fsd_common_msgs
[1.921s] Invoked command in '/home/wu/Desktop/26_wuren_wuchunming/Ros2/ros2_homework_advanced_ws/build/fsd_common_msgs' returned '0': CMAKE_PREFIX_PATH=${CMAKE_PREFIX_PATH}:/opt/ros/humble /usr/bin/cmake /home/wu/Desktop/26_wuren_wuchunming/Ros2/ros2_homework_advanced_ws/src/fsd_common_msgs -DCMAKE_INSTALL_PREFIX=/home/wu/Desktop/26_wuren_wuchunming/Ros2/ros2_homework_advanced_ws/install/fsd_common_msgs
[1.922s] Invoking command in '/home/wu/Desktop/26_wuren_wuchunming/Ros2/ros2_homework_advanced_ws/build/fsd_common_msgs': CMAKE_PREFIX_PATH=${CMAKE_PREFIX_PATH}:/opt/ros/humble /usr/bin/cmake --build /home/wu/Desktop/26_wuren_wuchunming/Ros2/ros2_homework_advanced_ws/build/fsd_common_msgs -- -j24 -l24
[1.970s] [  1%] [34m[1mGenerating C code for ROS interfaces[0m
[1.979s] [  2%] [34m[1mGenerating Rust code for ROS interfaces[0m
[1.980s] [  2%] Built target ament_cmake_python_copy_fsd_common_msgs
[1.982s] [  2%] [34m[1mGenerating C++ code for ROS interfaces[0m
[2.141s] running egg_info
[2.142s] creating fsd_common_msgs.egg-info
[2.142s] writing fsd_common_msgs.egg-info/PKG-INFO
[2.142s] writing dependency_links to fsd_common_msgs.egg-info/dependency_links.txt
[2.142s] writing top-level names to fsd_common_msgs.egg-info/top_level.txt
[2.142s] writing manifest file 'fsd_common_msgs.egg-info/SOURCES.txt'
[2.144s] reading manifest file 'fsd_common_msgs.egg-info/SOURCES.txt'
[2.144s] writing manifest file 'fsd_common_msgs.egg-info/SOURCES.txt'
[2.166s] [  2%] Built target ament_cmake_python_build_fsd_common_msgs_egg
[3.180s] [  2%] Built target fsd_common_msgs__rs
[3.705s] [  2%] [32mBuilding C object CMakeFiles/fsd_common_msgs__rosidl_generator_c.dir/rosidl_generator_c/fsd_common_msgs/msg/detail/can_frames__functions.c.o[0m
[3.706s] [  3%] [32mBuilding C object CMakeFiles/fsd_common_msgs__rosidl_generator_c.dir/rosidl_generator_c/fsd_common_msgs/msg/detail/asensing_message__functions.c.o[0m
[3.706s] [  3%] [32mBuilding C object CMakeFiles/fsd_common_msgs__rosidl_generator_c.dir/rosidl_generator_c/fsd_common_msgs/msg/detail/car_state__functions.c.o[0m
[3.707s] [  3%] [32mBuilding C object CMakeFiles/fsd_common_msgs__rosidl_generator_c.dir/rosidl_generator_c/fsd_common_msgs/msg/detail/cone__functions.c.o[0m
[3.707s] [  3%] [32mBuilding C object CMakeFiles/fsd_common_msgs__rosidl_generator_c.dir/rosidl_generator_c/fsd_common_msgs/msg/detail/as_state__functions.c.o[0m
[3.707s] [  3%] [32mBuilding C object CMakeFiles/fsd_common_msgs__rosidl_generator_c.dir/rosidl_generator_c/fsd_common_msgs/msg/detail/cone_detections__functions.c.o[0m
[3.707s] [  4%] [32mBuilding C object CMakeFiles/fsd_common_msgs__rosidl_generator_c.dir/rosidl_generator_c/fsd_common_msgs/msg/detail/car_state_dt__functions.c.o[0m
[3.708s] [  5%] [32mBuilding C object CMakeFiles/fsd_common_msgs__rosidl_generator_c.dir/rosidl_generator_c/fsd_common_msgs/msg/detail/control_command__functions.c.o[0m
[3.708s] [  5%] [32mBuilding C object CMakeFiles/fsd_common_msgs__rosidl_generator_c.dir/rosidl_generator_c/fsd_common_msgs/msg/detail/cone_detections_dbscan__functions.c.o[0m
[3.708s] [  6%] [32mBuilding C object CMakeFiles/fsd_common_msgs__rosidl_generator_c.dir/rosidl_generator_c/fsd_common_msgs/msg/detail/cone_dbscan__functions.c.o[0m
[3.709s] [  6%] [32mBuilding C object CMakeFiles/fsd_common_msgs__rosidl_generator_c.dir/rosidl_generator_c/fsd_common_msgs/msg/detail/decision_flag__functions.c.o[0m
[3.709s] [  7%] [32mBuilding C object CMakeFiles/fsd_common_msgs__rosidl_generator_c.dir/rosidl_generator_c/fsd_common_msgs/msg/detail/driving_dynamics__functions.c.o[0m
[3.709s] [  7%] [32mBuilding C object CMakeFiles/fsd_common_msgs__rosidl_generator_c.dir/rosidl_generator_c/fsd_common_msgs/msg/detail/map__functions.c.o[0m
[3.710s] [  7%] [32mBuilding C object CMakeFiles/fsd_common_msgs__rosidl_generator_c.dir/rosidl_generator_c/fsd_common_msgs/msg/detail/echiev_message__functions.c.o[0m
[3.710s] [  7%] [32mBuilding C object CMakeFiles/fsd_common_msgs__rosidl_generator_c.dir/rosidl_generator_c/fsd_common_msgs/msg/detail/feedback__functions.c.o[0m
[3.710s] [  8%] [32mBuilding C object CMakeFiles/fsd_common_msgs__rosidl_generator_c.dir/rosidl_generator_c/fsd_common_msgs/msg/detail/mission__functions.c.o[0m
[3.710s] [  8%] [32mBuilding C object CMakeFiles/fsd_common_msgs__rosidl_generator_c.dir/rosidl_generator_c/fsd_common_msgs/msg/detail/res_and_ami__functions.c.o[0m
[3.710s] [  9%] [32mBuilding C object CMakeFiles/fsd_common_msgs__rosidl_generator_c.dir/rosidl_generator_c/fsd_common_msgs/msg/detail/skidpad_global_center_line__functions.c.o[0m
[3.710s] [ 10%] [32mBuilding C object CMakeFiles/fsd_common_msgs__rosidl_generator_c.dir/rosidl_generator_c/fsd_common_msgs/msg/detail/ins_delta__functions.c.o[0m
[3.711s] [ 10%] [32mBuilding C object CMakeFiles/fsd_common_msgs__rosidl_generator_c.dir/rosidl_generator_c/fsd_common_msgs/msg/detail/time__functions.c.o[0m
[3.711s] [ 10%] [32mBuilding C object CMakeFiles/fsd_common_msgs__rosidl_generator_c.dir/rosidl_generator_c/fsd_common_msgs/msg/detail/trajectory_point__functions.c.o[0m
[3.711s] [ 10%] [32mBuilding C object CMakeFiles/fsd_common_msgs__rosidl_generator_c.dir/rosidl_generator_c/fsd_common_msgs/msg/detail/remote_control_command__functions.c.o[0m
[3.712s] [ 11%] [32mBuilding C object CMakeFiles/fsd_common_msgs__rosidl_generator_c.dir/rosidl_generator_c/fsd_common_msgs/msg/detail/track__functions.c.o[0m
[3.771s] [ 12%] [32mBuilding C object CMakeFiles/fsd_common_msgs__rosidl_generator_c.dir/rosidl_generator_c/fsd_common_msgs/msg/detail/yolo_cone__functions.c.o[0m
[3.771s] [ 12%] [32mBuilding C object CMakeFiles/fsd_common_msgs__rosidl_generator_c.dir/rosidl_generator_c/fsd_common_msgs/msg/detail/yolo_cone_track__functions.c.o[0m
[3.771s] [ 12%] [32mBuilding C object CMakeFiles/fsd_common_msgs__rosidl_generator_c.dir/rosidl_generator_c/fsd_common_msgs/msg/detail/visualization__functions.c.o[0m
[3.773s] [ 12%] [32mBuilding C object CMakeFiles/fsd_common_msgs__rosidl_generator_c.dir/rosidl_generator_c/fsd_common_msgs/msg/detail/yolo_cone_detections__functions.c.o[0m
[3.773s] [ 13%] [32mBuilding C object CMakeFiles/fsd_common_msgs__rosidl_generator_c.dir/rosidl_generator_c/fsd_common_msgs/msg/detail/yolo_cone_detections_track__functions.c.o[0m
[3.823s] [ 13%] [32m[1mLinking C shared library libfsd_common_msgs__rosidl_generator_c.so[0m
[3.875s] [ 13%] Built target fsd_common_msgs__rosidl_generator_c
[3.888s] [ 14%] [34m[1mGenerating C type support for eProsima Fast-RTPS[0m
[3.888s] [ 15%] [34m[1mGenerating C introspection for ROS interfaces[0m
[3.888s] [ 16%] [34m[1mGenerating C type support dispatch for ROS interfaces[0m
[3.905s] [ 16%] Built target fsd_common_msgs__cpp
[3.913s] [ 16%] [34m[1mGenerating C++ type support dispatch for ROS interfaces[0m
[3.916s] [ 16%] [34m[1mGenerating C++ introspection for ROS interfaces[0m
[3.916s] [ 16%] [34m[1mGenerating C++ type support for eProsima Fast-RTPS[0m
[5.259s] [ 17%] [32mBuilding CXX object CMakeFiles/fsd_common_msgs__rosidl_typesupport_cpp.dir/rosidl_typesupport_cpp/fsd_common_msgs/msg/cone__type_support.cpp.o[0m
[5.260s] [ 20%] [32mBuilding CXX object CMakeFiles/fsd_common_msgs__rosidl_typesupport_cpp.dir/rosidl_typesupport_cpp/fsd_common_msgs/msg/car_state_dt__type_support.cpp.o[0m
[5.260s] [ 19%] [32mBuilding CXX object CMakeFiles/fsd_common_msgs__rosidl_typesupport_cpp.dir/rosidl_typesupport_cpp/fsd_common_msgs/msg/as_state__type_support.cpp.o[0m
[5.260s] [ 19%] [32mBuilding CXX object CMakeFiles/fsd_common_msgs__rosidl_typesupport_cpp.dir/rosidl_typesupport_cpp/fsd_common_msgs/msg/car_state__type_support.cpp.o[0m
[5.261s] [ 20%] [32mBuilding CXX object CMakeFiles/fsd_common_msgs__rosidl_typesupport_cpp.dir/rosidl_typesupport_cpp/fsd_common_msgs/msg/cone_detections_dbscan__type_support.cpp.o[0m
[5.261s] [ 20%] [32mBuilding CXX object CMakeFiles/fsd_common_msgs__rosidl_typesupport_cpp.dir/rosidl_typesupport_cpp/fsd_common_msgs/msg/control_command__type_support.cpp.o[0m
[5.261s] [ 20%] [32mBuilding CXX object CMakeFiles/fsd_common_msgs__rosidl_typesupport_cpp.dir/rosidl_typesupport_cpp/fsd_common_msgs/msg/feedback__type_support.cpp.o[0m
[5.261s] [ 22%] [32mBuilding CXX object CMakeFiles/fsd_common_msgs__rosidl_typesupport_cpp.dir/rosidl_typesupport_cpp/fsd_common_msgs/msg/decision_flag__type_support.cpp.o[0m
[5.261s] [ 22%] [32mBuilding CXX object CMakeFiles/fsd_common_msgs__rosidl_typesupport_cpp.dir/rosidl_typesupport_cpp/fsd_common_msgs/msg/echiev_message__type_support.cpp.o[0m
[5.261s] [ 19%] [32mBuilding CXX object CMakeFiles/fsd_common_msgs__rosidl_typesupport_cpp.dir/rosidl_typesupport_cpp/fsd_common_msgs/msg/can_frames__type_support.cpp.o[0m
[5.262s] [ 19%] [32mBuilding CXX object CMakeFiles/fsd_common_msgs__rosidl_typesupport_cpp.dir/rosidl_typesupport_cpp/fsd_common_msgs/msg/asensing_message__type_support.cpp.o[0m
[5.262s] [ 22%] [32mBuilding CXX object CMakeFiles/fsd_common_msgs__rosidl_typesupport_cpp.dir/rosidl_typesupport_cpp/fsd_common_msgs/msg/driving_dynamics__type_support.cpp.o[0m
[5.262s] [ 22%] [32mBuilding CXX object CMakeFiles/fsd_common_msgs__rosidl_typesupport_cpp.dir/rosidl_typesupport_cpp/fsd_common_msgs/msg/ins_delta__type_support.cpp.o[0m
[5.264s] [ 19%] [32mBuilding CXX object CMakeFiles/fsd_common_msgs__rosidl_typesupport_cpp.dir/rosidl_typesupport_cpp/fsd_common_msgs/msg/cone_dbscan__type_support.cpp.o[0m
[5.264s] [ 20%] [32mBuilding CXX object CMakeFiles/fsd_common_msgs__rosidl_typesupport_cpp.dir/rosidl_typesupport_cpp/fsd_common_msgs/msg/cone_detections__type_support.cpp.o[0m
[5.264s] [ 22%] [32mBuilding CXX object CMakeFiles/fsd_common_msgs__rosidl_typesupport_cpp.dir/rosidl_typesupport_cpp/fsd_common_msgs/msg/mission__type_support.cpp.o[0m
[5.264s] [ 23%] [32mBuilding CXX object CMakeFiles/fsd_common_msgs__rosidl_typesupport_cpp.dir/rosidl_typesupport_cpp/fsd_common_msgs/msg/map__type_support.cpp.o[0m
[5.265s] [ 24%] [32mBuilding CXX object CMakeFiles/fsd_common_msgs__rosidl_typesupport_cpp.dir/rosidl_typesupport_cpp/fsd_common_msgs/msg/remote_control_command__type_support.cpp.o[0m
[5.266s] [ 24%] [32mBuilding CXX object CMakeFiles/fsd_common_msgs__rosidl_typesupport_cpp.dir/rosidl_typesupport_cpp/fsd_common_msgs/msg/res_and_ami__type_support.cpp.o[0m
[5.581s] [ 24%] [32mBuilding CXX object CMakeFiles/fsd_common_msgs__rosidl_typesupport_cpp.dir/rosidl_typesupport_cpp/fsd_common_msgs/msg/skidpad_global_center_line__type_support.cpp.o[0m
[5.582s] [ 24%] [32mBuilding CXX object CMakeFiles/fsd_common_msgs__rosidl_typesupport_cpp.dir/rosidl_typesupport_cpp/fsd_common_msgs/msg/track__type_support.cpp.o[0m
[5.582s] [ 25%] [32mBuilding CXX object CMakeFiles/fsd_common_msgs__rosidl_typesupport_cpp.dir/rosidl_typesupport_cpp/fsd_common_msgs/msg/time__type_support.cpp.o[0m
[5.589s] [ 26%] [32mBuilding CXX object CMakeFiles/fsd_common_msgs__rosidl_typesupport_cpp.dir/rosidl_typesupport_cpp/fsd_common_msgs/msg/trajectory_point__type_support.cpp.o[0m
[5.589s] [ 26%] [32mBuilding CXX object CMakeFiles/fsd_common_msgs__rosidl_typesupport_cpp.dir/rosidl_typesupport_cpp/fsd_common_msgs/msg/visualization__type_support.cpp.o[0m
[5.591s] [ 26%] [32mBuilding CXX object CMakeFiles/fsd_common_msgs__rosidl_typesupport_cpp.dir/rosidl_typesupport_cpp/fsd_common_msgs/msg/yolo_cone__type_support.cpp.o[0m
[5.599s] [ 27%] [32mBuilding CXX object CMakeFiles/fsd_common_msgs__rosidl_typesupport_cpp.dir/rosidl_typesupport_cpp/fsd_common_msgs/msg/yolo_cone_detections__type_support.cpp.o[0m
[5.601s] [ 27%] [32mBuilding CXX object CMakeFiles/fsd_common_msgs__rosidl_typesupport_cpp.dir/rosidl_typesupport_cpp/fsd_common_msgs/msg/yolo_cone_detections_track__type_support.cpp.o[0m
[5.607s] [ 28%] [32mBuilding CXX object CMakeFiles/fsd_common_msgs__rosidl_typesupport_cpp.dir/rosidl_typesupport_cpp/fsd_common_msgs/msg/yolo_cone_track__type_support.cpp.o[0m
[5.616s] [ 28%] [32mBuilding CXX object CMakeFiles/fsd_common_msgs__rosidl_typesupport_c.dir/rosidl_typesupport_c/fsd_common_msgs/msg/as_state__type_support.cpp.o[0m
[5.630s] [ 28%] [32mBuilding CXX object CMakeFiles/fsd_common_msgs__rosidl_typesupport_c.dir/rosidl_typesupport_c/fsd_common_msgs/msg/car_state__type_support.cpp.o[0m
[5.631s] [ 29%] [32mBuilding CXX object CMakeFiles/fsd_common_msgs__rosidl_typesupport_c.dir/rosidl_typesupport_c/fsd_common_msgs/msg/can_frames__type_support.cpp.o[0m
[5.632s] [ 29%] [32mBuilding CXX object CMakeFiles/fsd_common_msgs__rosidl_typesupport_c.dir/rosidl_typesupport_c/fsd_common_msgs/msg/asensing_message__type_support.cpp.o[0m
[5.640s] [ 30%] [32mBuilding CXX object CMakeFiles/fsd_common_msgs__rosidl_typesupport_c.dir/rosidl_typesupport_c/fsd_common_msgs/msg/car_state_dt__type_support.cpp.o[0m
[5.650s] [ 30%] [32mBuilding CXX object CMakeFiles/fsd_common_msgs__rosidl_typesupport_c.dir/rosidl_typesupport_c/fsd_common_msgs/msg/cone__type_support.cpp.o[0m
[5.650s] [ 31%] [32mBuilding CXX object CMakeFiles/fsd_common_msgs__rosidl_typesupport_c.dir/rosidl_typesupport_c/fsd_common_msgs/msg/cone_detections__type_support.cpp.o[0m
[5.651s] [ 31%] [32mBuilding CXX object CMakeFiles/fsd_common_msgs__rosidl_typesupport_c.dir/rosidl_typesupport_c/fsd_common_msgs/msg/cone_dbscan__type_support.cpp.o[0m
[5.658s] [ 31%] [32mBuilding CXX object CMakeFiles/fsd_common_msgs__rosidl_typesupport_c.dir/rosidl_typesupport_c/fsd_common_msgs/msg/cone_detections_dbscan__type_support.cpp.o[0m
[5.672s] [ 32%] [32mBuilding CXX object CMakeFiles/fsd_common_msgs__rosidl_typesupport_c.dir/rosidl_typesupport_c/fsd_common_msgs/msg/control_command__type_support.cpp.o[0m
[5.678s] [ 32%] [32mBuilding CXX object CMakeFiles/fsd_common_msgs__rosidl_typesupport_c.dir/rosidl_typesupport_c/fsd_common_msgs/msg/decision_flag__type_support.cpp.o[0m
[5.686s] [ 32%] [32mBuilding CXX object CMakeFiles/fsd_common_msgs__rosidl_typesupport_c.dir/rosidl_typesupport_c/fsd_common_msgs/msg/driving_dynamics__type_support.cpp.o[0m
[5.687s] [ 33%] [32mBuilding CXX object CMakeFiles/fsd_common_msgs__rosidl_typesupport_c.dir/rosidl_typesupport_c/fsd_common_msgs/msg/echiev_message__type_support.cpp.o[0m
[5.696s] [ 33%] [32mBuilding CXX object CMakeFiles/fsd_common_msgs__rosidl_typesupport_c.dir/rosidl_typesupport_c/fsd_common_msgs/msg/feedback__type_support.cpp.o[0m
[5.703s] [ 34%] [32mBuilding CXX object CMakeFiles/fsd_common_msgs__rosidl_typesupport_c.dir/rosidl_typesupport_c/fsd_common_msgs/msg/ins_delta__type_support.cpp.o[0m
[5.711s] [ 34%] [32mBuilding CXX object CMakeFiles/fsd_common_msgs__rosidl_typesupport_c.dir/rosidl_typesupport_c/fsd_common_msgs/msg/mission__type_support.cpp.o[0m
[5.711s] [ 35%] [32mBuilding CXX object CMakeFiles/fsd_common_msgs__rosidl_typesupport_c.dir/rosidl_typesupport_c/fsd_common_msgs/msg/remote_control_command__type_support.cpp.o[0m
[5.711s] [ 35%] [32mBuilding CXX object CMakeFiles/fsd_common_msgs__rosidl_typesupport_c.dir/rosidl_typesupport_c/fsd_common_msgs/msg/map__type_support.cpp.o[0m
[5.712s] [ 35%] [32mBuilding CXX object CMakeFiles/fsd_common_msgs__rosidl_typesupport_c.dir/rosidl_typesupport_c/fsd_common_msgs/msg/res_and_ami__type_support.cpp.o[0m
[5.719s] [ 36%] [32mBuilding CXX object CMakeFiles/fsd_common_msgs__rosidl_typesupport_c.dir/rosidl_typesupport_c/fsd_common_msgs/msg/skidpad_global_center_line__type_support.cpp.o[0m
[5.732s] [ 36%] [32mBuilding CXX object CMakeFiles/fsd_common_msgs__rosidl_typesupport_c.dir/rosidl_typesupport_c/fsd_common_msgs/msg/time__type_support.cpp.o[0m
[5.733s] [ 36%] [32mBuilding CXX object CMakeFiles/fsd_common_msgs__rosidl_typesupport_c.dir/rosidl_typesupport_c/fsd_common_msgs/msg/track__type_support.cpp.o[0m
[5.733s] [ 37%] [32mBuilding CXX object CMakeFiles/fsd_common_msgs__rosidl_typesupport_c.dir/rosidl_typesupport_c/fsd_common_msgs/msg/trajectory_point__type_support.cpp.o[0m
[5.746s] [ 37%] [32mBuilding CXX object CMakeFiles/fsd_common_msgs__rosidl_typesupport_c.dir/rosidl_typesupport_c/fsd_common_msgs/msg/visualization__type_support.cpp.o[0m
[5.752s] [ 38%] [32mBuilding CXX object CMakeFiles/fsd_common_msgs__rosidl_typesupport_c.dir/rosidl_typesupport_c/fsd_common_msgs/msg/yolo_cone__type_support.cpp.o[0m
[5.753s] [ 38%] [32mBuilding CXX object CMakeFiles/fsd_common_msgs__rosidl_typesupport_c.dir/rosidl_typesupport_c/fsd_common_msgs/msg/yolo_cone_detections__type_support.cpp.o[0m
[5.759s] [ 38%] [32mBuilding CXX object CMakeFiles/fsd_common_msgs__rosidl_typesupport_c.dir/rosidl_typesupport_c/fsd_common_msgs/msg/yolo_cone_detections_track__type_support.cpp.o[0m
[5.761s] [ 39%] [32mBuilding CXX object CMakeFiles/fsd_common_msgs__rosidl_typesupport_c.dir/rosidl_typesupport_c/fsd_common_msgs/msg/yolo_cone_track__type_support.cpp.o[0m
[5.796s] [ 39%] [32m[1mLinking CXX shared library libfsd_common_msgs__rosidl_typesupport_c.so[0m
[5.811s] [ 40%] [32mBuilding CXX object CMakeFiles/fsd_common_msgs__rosidl_typesupport_introspection_cpp.dir/rosidl_typesupport_introspection_cpp/fsd_common_msgs/msg/detail/as_state__type_support.cpp.o[0m
[5.811s] [ 40%] [32mBuilding CXX object CMakeFiles/fsd_common_msgs__rosidl_typesupport_introspection_cpp.dir/rosidl_typesupport_introspection_cpp/fsd_common_msgs/msg/detail/asensing_message__type_support.cpp.o[0m
[5.811s] [ 41%] [32mBuilding CXX object CMakeFiles/fsd_common_msgs__rosidl_typesupport_introspection_cpp.dir/rosidl_typesupport_introspection_cpp/fsd_common_msgs/msg/detail/can_frames__type_support.cpp.o[0m
[5.811s] [ 41%] [32mBuilding CXX object CMakeFiles/fsd_common_msgs__rosidl_typesupport_introspection_cpp.dir/rosidl_typesupport_introspection_cpp/fsd_common_msgs/msg/detail/car_state__type_support.cpp.o[0m
[5.811s] [ 41%] [32mBuilding CXX object CMakeFiles/fsd_common_msgs__rosidl_typesupport_introspection_cpp.dir/rosidl_typesupport_introspection_cpp/fsd_common_msgs/msg/detail/car_state_dt__type_support.cpp.o[0m
[5.811s] [ 42%] [32mBuilding CXX object CMakeFiles/fsd_common_msgs__rosidl_typesupport_introspection_cpp.dir/rosidl_typesupport_introspection_cpp/fsd_common_msgs/msg/detail/cone__type_support.cpp.o[0m
[5.811s] [ 43%] [32mBuilding CXX object CMakeFiles/fsd_common_msgs__rosidl_typesupport_introspection_cpp.dir/rosidl_typesupport_introspection_cpp/fsd_common_msgs/msg/detail/cone_detections__type_support.cpp.o[0m
[5.811s] [ 43%] [32mBuilding CXX object CMakeFiles/fsd_common_msgs__rosidl_typesupport_introspection_cpp.dir/rosidl_typesupport_introspection_cpp/fsd_common_msgs/msg/detail/cone_dbscan__type_support.cpp.o[0m
[5.812s] [ 44%] [32mBuilding CXX object CMakeFiles/fsd_common_msgs__rosidl_typesupport_introspection_cpp.dir/rosidl_typesupport_introspection_cpp/fsd_common_msgs/msg/detail/decision_flag__type_support.cpp.o[0m
[5.816s] [ 44%] [32mBuilding CXX object CMakeFiles/fsd_common_msgs__rosidl_typesupport_introspection_cpp.dir/rosidl_typesupport_introspection_cpp/fsd_common_msgs/msg/detail/cone_detections_dbscan__type_support.cpp.o[0m
[5.816s] [ 44%] [32mBuilding CXX object CMakeFiles/fsd_common_msgs__rosidl_typesupport_introspection_cpp.dir/rosidl_typesupport_introspection_cpp/fsd_common_msgs/msg/detail/control_command__type_support.cpp.o[0m
[5.824s] [ 44%] [32mBuilding C object CMakeFiles/fsd_common_msgs__rosidl_typesupport_introspection_c.dir/rosidl_typesupport_introspection_c/fsd_common_msgs/msg/detail/as_state__type_support.c.o[0m
[5.861s] [ 44%] Built target fsd_common_msgs__rosidl_typesupport_c
[5.881s] [ 44%] [32mBuilding C object CMakeFiles/fsd_common_msgs__rosidl_typesupport_introspection_c.dir/rosidl_typesupport_introspection_c/fsd_common_msgs/msg/detail/asensing_message__type_support.c.o[0m
[5.882s] [ 44%] [32mBuilding CXX object CMakeFiles/fsd_common_msgs__rosidl_typesupport_introspection_cpp.dir/rosidl_typesupport_introspection_cpp/fsd_common_msgs/msg/detail/driving_dynamics__type_support.cpp.o[0m
[5.894s] [ 45%] [32mBuilding C object CMakeFiles/fsd_common_msgs__rosidl_typesupport_introspection_c.dir/rosidl_typesupport_introspection_c/fsd_common_msgs/msg/detail/can_frames__type_support.c.o[0m
[5.895s] [ 45%] [32mBuilding C object CMakeFiles/fsd_common_msgs__rosidl_typesupport_introspection_c.dir/rosidl_typesupport_introspection_c/fsd_common_msgs/msg/detail/car_state__type_support.c.o[0m
[5.904s] [ 46%] [32mBuilding C object CMakeFiles/fsd_common_msgs__rosidl_typesupport_introspection_c.dir/rosidl_typesupport_introspection_c/fsd_common_msgs/msg/detail/car_state_dt__type_support.c.o[0m
[5.907s] [ 47%] [32mBuilding CXX object CMakeFiles/fsd_common_msgs__rosidl_typesupport_introspection_cpp.dir/rosidl_typesupport_introspection_cpp/fsd_common_msgs/msg/detail/echiev_message__type_support.cpp.o[0m
[5.921s] [ 47%] [32mBuilding CXX object CMakeFiles/fsd_common_msgs__rosidl_typesupport_introspection_cpp.dir/rosidl_typesupport_introspection_cpp/fsd_common_msgs/msg/detail/feedback__type_support.cpp.o[0m
[5.929s] [ 47%] [32mBuilding C object CMakeFiles/fsd_common_msgs__rosidl_typesupport_introspection_c.dir/rosidl_typesupport_introspection_c/fsd_common_msgs/msg/detail/cone__type_support.c.o[0m
[5.936s] [ 47%] [32mBuilding C object CMakeFiles/fsd_common_msgs__rosidl_typesupport_introspection_c.dir/rosidl_typesupport_introspection_c/fsd_common_msgs/msg/detail/cone_dbscan__type_support.c.o[0m
[5.936s] [ 47%] [32mBuilding CXX object CMakeFiles/fsd_common_msgs__rosidl_typesupport_introspection_cpp.dir/rosidl_typesupport_introspection_cpp/fsd_common_msgs/msg/detail/ins_delta__type_support.cpp.o[0m
[5.946s] [ 48%] [32mBuilding C object CMakeFiles/fsd_common_msgs__rosidl_typesupport_introspection_c.dir/rosidl_typesupport_introspection_c/fsd_common_msgs/msg/detail/cone_detections_dbscan__type_support.c.o[0m
[5.946s] [ 48%] [32mBuilding C object CMakeFiles/fsd_common_msgs__rosidl_typesupport_introspection_c.dir/rosidl_typesupport_introspection_c/fsd_common_msgs/msg/detail/cone_detections__type_support.c.o[0m
[5.952s] [ 49%] [32mBuilding C object CMakeFiles/fsd_common_msgs__rosidl_typesupport_introspection_c.dir/rosidl_typesupport_introspection_c/fsd_common_msgs/msg/detail/control_command__type_support.c.o[0m
[5.953s] [ 49%] [32m[1mLinking CXX shared library libfsd_common_msgs__rosidl_typesupport_cpp.so[0m
[5.958s] [ 49%] [32mBuilding C object CMakeFiles/fsd_common_msgs__rosidl_typesupport_introspection_c.dir/rosidl_typesupport_introspection_c/fsd_common_msgs/msg/detail/decision_flag__type_support.c.o[0m
[5.980s] [ 49%] [32mBuilding C object CMakeFiles/fsd_common_msgs__rosidl_typesupport_introspection_c.dir/rosidl_typesupport_introspection_c/fsd_common_msgs/msg/detail/driving_dynamics__type_support.c.o[0m
[5.983s] [ 50%] [32mBuilding C object CMakeFiles/fsd_common_msgs__rosidl_typesupport_introspection_c.dir/rosidl_typesupport_introspection_c/fsd_common_msgs/msg/detail/echiev_message__type_support.c.o[0m
[5.995s] [ 50%] [32mBuilding C object CMakeFiles/fsd_common_msgs__rosidl_typesupport_introspection_c.dir/rosidl_typesupport_introspection_c/fsd_common_msgs/msg/detail/feedback__type_support.c.o[0m
[6.003s] [ 51%] [32mBuilding C object CMakeFiles/fsd_common_msgs__rosidl_typesupport_introspection_c.dir/rosidl_typesupport_introspection_c/fsd_common_msgs/msg/detail/ins_delta__type_support.c.o[0m
[6.015s] [ 52%] [32mBuilding CXX object CMakeFiles/fsd_common_msgs__rosidl_typesupport_introspection_cpp.dir/rosidl_typesupport_introspection_cpp/fsd_common_msgs/msg/detail/map__type_support.cpp.o[0m
[6.029s] [ 52%] [32mBuilding C object CMakeFiles/fsd_common_msgs__rosidl_typesupport_introspection_c.dir/rosidl_typesupport_introspection_c/fsd_common_msgs/msg/detail/map__type_support.c.o[0m
[6.037s] [ 52%] [32mBuilding CXX object CMakeFiles/fsd_common_msgs__rosidl_typesupport_introspection_cpp.dir/rosidl_typesupport_introspection_cpp/fsd_common_msgs/msg/detail/mission__type_support.cpp.o[0m
[6.040s] [ 52%] Built target fsd_common_msgs__rosidl_typesupport_cpp
[6.048s] [ 53%] [32mBuilding CXX object CMakeFiles/fsd_common_msgs__rosidl_typesupport_introspection_cpp.dir/rosidl_typesupport_introspection_cpp/fsd_common_msgs/msg/detail/remote_control_command__type_support.cpp.o[0m
[6.049s] [ 53%] [32mBuilding CXX object CMakeFiles/fsd_common_msgs__rosidl_typesupport_introspection_cpp.dir/rosidl_typesupport_introspection_cpp/fsd_common_msgs/msg/detail/res_and_ami__type_support.cpp.o[0m
[6.055s] [ 53%] [32mBuilding C object CMakeFiles/fsd_common_msgs__rosidl_typesupport_introspection_c.dir/rosidl_typesupport_introspection_c/fsd_common_msgs/msg/detail/mission__type_support.c.o[0m
[6.058s] [ 53%] [32mBuilding CXX object CMakeFiles/fsd_common_msgs__rosidl_typesupport_introspection_cpp.dir/rosidl_typesupport_introspection_cpp/fsd_common_msgs/msg/detail/skidpad_global_center_line__type_support.cpp.o[0m
[6.094s] [ 54%] [32mBuilding CXX object CMakeFiles/fsd_common_msgs__rosidl_typesupport_introspection_cpp.dir/rosidl_typesupport_introspection_cpp/fsd_common_msgs/msg/detail/time__type_support.cpp.o[0m
[6.104s] [ 55%] [32mBuilding C object CMakeFiles/fsd_common_msgs__rosidl_typesupport_introspection_c.dir/rosidl_typesupport_introspection_c/fsd_common_msgs/msg/detail/remote_control_command__type_support.c.o[0m
[6.155s] [ 55%] [32mBuilding C object CMakeFiles/fsd_common_msgs__rosidl_typesupport_introspection_c.dir/rosidl_typesupport_introspection_c/fsd_common_msgs/msg/detail/res_and_ami__type_support.c.o[0m
[6.211s] [ 56%] [32mBuilding C object CMakeFiles/fsd_common_msgs__rosidl_typesupport_introspection_c.dir/rosidl_typesupport_introspection_c/fsd_common_msgs/msg/detail/skidpad_global_center_line__type_support.c.o[0m
[6.257s] [ 56%] [32mBuilding C object CMakeFiles/fsd_common_msgs__rosidl_typesupport_introspection_c.dir/rosidl_typesupport_introspection_c/fsd_common_msgs/msg/detail/time__type_support.c.o[0m
[6.297s] [ 56%] [32mBuilding C object CMakeFiles/fsd_common_msgs__rosidl_typesupport_introspection_c.dir/rosidl_typesupport_introspection_c/fsd_common_msgs/msg/detail/track__type_support.c.o[0m
[6.297s] [ 57%] [32mBuilding C object CMakeFiles/fsd_common_msgs__rosidl_typesupport_introspection_c.dir/rosidl_typesupport_introspection_c/fsd_common_msgs/msg/detail/trajectory_point__type_support.c.o[0m
[6.305s] [ 57%] [32mBuilding CXX object CMakeFiles/fsd_common_msgs__rosidl_typesupport_introspection_cpp.dir/rosidl_typesupport_introspection_cpp/fsd_common_msgs/msg/detail/track__type_support.cpp.o[0m
[6.319s] [ 57%] [32mBuilding C object CMakeFiles/fsd_common_msgs__rosidl_typesupport_introspection_c.dir/rosidl_typesupport_introspection_c/fsd_common_msgs/msg/detail/visualization__type_support.c.o[0m
[6.322s] [ 58%] [32mBuilding C object CMakeFiles/fsd_common_msgs__rosidl_typesupport_introspection_c.dir/rosidl_typesupport_introspection_c/fsd_common_msgs/msg/detail/yolo_cone__type_support.c.o[0m
[6.327s] [ 58%] [32mBuilding C object CMakeFiles/fsd_common_msgs__rosidl_typesupport_introspection_c.dir/rosidl_typesupport_introspection_c/fsd_common_msgs/msg/detail/yolo_cone_detections__type_support.c.o[0m
[6.330s] [ 58%] [32mBuilding CXX object CMakeFiles/fsd_common_msgs__rosidl_typesupport_introspection_cpp.dir/rosidl_typesupport_introspection_cpp/fsd_common_msgs/msg/detail/visualization__type_support.cpp.o[0m
[6.331s] [ 59%] [32mBuilding CXX object CMakeFiles/fsd_common_msgs__rosidl_typesupport_introspection_cpp.dir/rosidl_typesupport_introspection_cpp/fsd_common_msgs/msg/detail/trajectory_point__type_support.cpp.o[0m
[6.372s] [ 60%] [32mBuilding CXX object CMakeFiles/fsd_common_msgs__rosidl_typesupport_introspection_cpp.dir/rosidl_typesupport_introspection_cpp/fsd_common_msgs/msg/detail/yolo_cone_detections__type_support.cpp.o[0m
[6.375s] [ 60%] [32mBuilding C object CMakeFiles/fsd_common_msgs__rosidl_typesupport_introspection_c.dir/rosidl_typesupport_introspection_c/fsd_common_msgs/msg/detail/yolo_cone_detections_track__type_support.c.o[0m
[6.380s] [ 61%] [32mBuilding C object CMakeFiles/fsd_common_msgs__rosidl_typesupport_introspection_c.dir/rosidl_typesupport_introspection_c/fsd_common_msgs/msg/detail/yolo_cone_track__type_support.c.o[0m
[6.380s] [ 61%] [32mBuilding CXX object CMakeFiles/fsd_common_msgs__rosidl_typesupport_introspection_cpp.dir/rosidl_typesupport_introspection_cpp/fsd_common_msgs/msg/detail/yolo_cone_detections_track__type_support.cpp.o[0m
[6.380s] [ 61%] [32mBuilding CXX object CMakeFiles/fsd_common_msgs__rosidl_typesupport_introspection_cpp.dir/rosidl_typesupport_introspection_cpp/fsd_common_msgs/msg/detail/yolo_cone__type_support.cpp.o[0m
[6.381s] [ 62%] [32mBuilding CXX object CMakeFiles/fsd_common_msgs__rosidl_typesupport_introspection_cpp.dir/rosidl_typesupport_introspection_cpp/fsd_common_msgs/msg/detail/yolo_cone_track__type_support.cpp.o[0m
[6.414s] [ 62%] [32mBuilding CXX object CMakeFiles/fsd_common_msgs__rosidl_typesupport_fastrtps_c.dir/rosidl_typesupport_fastrtps_c/fsd_common_msgs/msg/detail/as_state__type_support_c.cpp.o[0m
[6.416s] [ 62%] [32mBuilding CXX object CMakeFiles/fsd_common_msgs__rosidl_typesupport_fastrtps_c.dir/rosidl_typesupport_fastrtps_c/fsd_common_msgs/msg/detail/asensing_message__type_support_c.cpp.o[0m
[6.425s] [ 63%] [32mBuilding CXX object CMakeFiles/fsd_common_msgs__rosidl_typesupport_fastrtps_c.dir/rosidl_typesupport_fastrtps_c/fsd_common_msgs/msg/detail/can_frames__type_support_c.cpp.o[0m
[6.427s] [ 63%] [32mBuilding CXX object CMakeFiles/fsd_common_msgs__rosidl_typesupport_fastrtps_c.dir/rosidl_typesupport_fastrtps_c/fsd_common_msgs/msg/detail/car_state__type_support_c.cpp.o[0m
[6.428s] [ 64%] [32mBuilding CXX object CMakeFiles/fsd_common_msgs__rosidl_typesupport_fastrtps_c.dir/rosidl_typesupport_fastrtps_c/fsd_common_msgs/msg/detail/car_state_dt__type_support_c.cpp.o[0m
[6.429s] [ 64%] [32m[1mLinking C shared library libfsd_common_msgs__rosidl_typesupport_introspection_c.so[0m
[6.431s] [ 64%] [32mBuilding CXX object CMakeFiles/fsd_common_msgs__rosidl_typesupport_fastrtps_c.dir/rosidl_typesupport_fastrtps_c/fsd_common_msgs/msg/detail/cone__type_support_c.cpp.o[0m
[6.433s] [ 65%] [32mBuilding CXX object CMakeFiles/fsd_common_msgs__rosidl_typesupport_fastrtps_c.dir/rosidl_typesupport_fastrtps_c/fsd_common_msgs/msg/detail/cone_detections__type_support_c.cpp.o[0m
[6.440s] [ 65%] [32mBuilding CXX object CMakeFiles/fsd_common_msgs__rosidl_typesupport_fastrtps_c.dir/rosidl_typesupport_fastrtps_c/fsd_common_msgs/msg/detail/cone_detections_dbscan__type_support_c.cpp.o[0m
[6.442s] [ 65%] [32mBuilding CXX object CMakeFiles/fsd_common_msgs__rosidl_typesupport_fastrtps_c.dir/rosidl_typesupport_fastrtps_c/fsd_common_msgs/msg/detail/cone_dbscan__type_support_c.cpp.o[0m
[6.463s] [ 66%] [32mBuilding CXX object CMakeFiles/fsd_common_msgs__rosidl_typesupport_fastrtps_cpp.dir/rosidl_typesupport_fastrtps_cpp/fsd_common_msgs/msg/detail/dds_fastrtps/as_state__type_support.cpp.o[0m
[6.503s] [ 66%] [32mBuilding CXX object CMakeFiles/fsd_common_msgs__rosidl_typesupport_fastrtps_cpp.dir/rosidl_typesupport_fastrtps_cpp/fsd_common_msgs/msg/detail/dds_fastrtps/asensing_message__type_support.cpp.o[0m
[6.514s] [ 66%] Built target fsd_common_msgs__rosidl_typesupport_introspection_c
[6.515s] [ 67%] [32mBuilding CXX object CMakeFiles/fsd_common_msgs__rosidl_typesupport_fastrtps_cpp.dir/rosidl_typesupport_fastrtps_cpp/fsd_common_msgs/msg/detail/dds_fastrtps/can_frames__type_support.cpp.o[0m
[6.526s] [ 68%] [32mBuilding CXX object CMakeFiles/fsd_common_msgs__rosidl_typesupport_fastrtps_c.dir/rosidl_typesupport_fastrtps_c/fsd_common_msgs/msg/detail/control_command__type_support_c.cpp.o[0m
[6.561s] [ 68%] [32mBuilding CXX object CMakeFiles/fsd_common_msgs__rosidl_typesupport_fastrtps_cpp.dir/rosidl_typesupport_fastrtps_cpp/fsd_common_msgs/msg/detail/dds_fastrtps/car_state__type_support.cpp.o[0m
[6.585s] [ 68%] [32mBuilding CXX object CMakeFiles/fsd_common_msgs__rosidl_typesupport_fastrtps_c.dir/rosidl_typesupport_fastrtps_c/fsd_common_msgs/msg/detail/decision_flag__type_support_c.cpp.o[0m
[6.589s] [ 68%] [32mBuilding CXX object CMakeFiles/fsd_common_msgs__rosidl_typesupport_fastrtps_c.dir/rosidl_typesupport_fastrtps_c/fsd_common_msgs/msg/detail/driving_dynamics__type_support_c.cpp.o[0m
[6.615s] [ 69%] [32mBuilding CXX object CMakeFiles/fsd_common_msgs__rosidl_typesupport_fastrtps_c.dir/rosidl_typesupport_fastrtps_c/fsd_common_msgs/msg/detail/echiev_message__type_support_c.cpp.o[0m
[6.825s] [ 69%] [32mBuilding CXX object CMakeFiles/fsd_common_msgs__rosidl_typesupport_fastrtps_cpp.dir/rosidl_typesupport_fastrtps_cpp/fsd_common_msgs/msg/detail/dds_fastrtps/car_state_dt__type_support.cpp.o[0m
[6.856s] [ 69%] [32mBuilding CXX object CMakeFiles/fsd_common_msgs__rosidl_typesupport_fastrtps_c.dir/rosidl_typesupport_fastrtps_c/fsd_common_msgs/msg/detail/feedback__type_support_c.cpp.o[0m
[6.861s] [ 70%] [32mBuilding CXX object CMakeFiles/fsd_common_msgs__rosidl_typesupport_fastrtps_cpp.dir/rosidl_typesupport_fastrtps_cpp/fsd_common_msgs/msg/detail/dds_fastrtps/cone__type_support.cpp.o[0m
[6.865s] [ 70%] [32mBuilding CXX object CMakeFiles/fsd_common_msgs__rosidl_typesupport_fastrtps_cpp.dir/rosidl_typesupport_fastrtps_cpp/fsd_common_msgs/msg/detail/dds_fastrtps/cone_dbscan__type_support.cpp.o[0m
[6.871s] [ 71%] [32mBuilding CXX object CMakeFiles/fsd_common_msgs__rosidl_typesupport_fastrtps_cpp.dir/rosidl_typesupport_fastrtps_cpp/fsd_common_msgs/msg/detail/dds_fastrtps/cone_detections__type_support.cpp.o[0m
[6.877s] [ 72%] [32mBuilding CXX object CMakeFiles/fsd_common_msgs__rosidl_typesupport_fastrtps_c.dir/rosidl_typesupport_fastrtps_c/fsd_common_msgs/msg/detail/ins_delta__type_support_c.cpp.o[0m
[6.878s] [ 72%] [32mBuilding CXX object CMakeFiles/fsd_common_msgs__rosidl_typesupport_fastrtps_c.dir/rosidl_typesupport_fastrtps_c/fsd_common_msgs/msg/detail/map__type_support_c.cpp.o[0m
[6.880s] [ 72%] [32mBuilding CXX object CMakeFiles/fsd_common_msgs__rosidl_typesupport_fastrtps_cpp.dir/rosidl_typesupport_fastrtps_cpp/fsd_common_msgs/msg/detail/dds_fastrtps/cone_detections_dbscan__type_support.cpp.o[0m
[6.883s] [ 72%] [32mBuilding CXX object CMakeFiles/fsd_common_msgs__rosidl_typesupport_fastrtps_cpp.dir/rosidl_typesupport_fastrtps_cpp/fsd_common_msgs/msg/detail/dds_fastrtps/control_command__type_support.cpp.o[0m
[6.889s] [ 73%] [32mBuilding CXX object CMakeFiles/fsd_common_msgs__rosidl_typesupport_fastrtps_cpp.dir/rosidl_typesupport_fastrtps_cpp/fsd_common_msgs/msg/detail/dds_fastrtps/decision_flag__type_support.cpp.o[0m
[6.889s] [ 73%] [32mBuilding CXX object CMakeFiles/fsd_common_msgs__rosidl_typesupport_fastrtps_cpp.dir/rosidl_typesupport_fastrtps_cpp/fsd_common_msgs/msg/detail/dds_fastrtps/driving_dynamics__type_support.cpp.o[0m
[6.891s] [ 73%] [32mBuilding CXX object CMakeFiles/fsd_common_msgs__rosidl_typesupport_fastrtps_c.dir/rosidl_typesupport_fastrtps_c/fsd_common_msgs/msg/detail/mission__type_support_c.cpp.o[0m
[6.899s] [ 74%] [32mBuilding CXX object CMakeFiles/fsd_common_msgs__rosidl_typesupport_fastrtps_cpp.dir/rosidl_typesupport_fastrtps_cpp/fsd_common_msgs/msg/detail/dds_fastrtps/echiev_message__type_support.cpp.o[0m
[6.939s] [ 74%] [32mBuilding CXX object CMakeFiles/fsd_common_msgs__rosidl_typesupport_fastrtps_cpp.dir/rosidl_typesupport_fastrtps_cpp/fsd_common_msgs/msg/detail/dds_fastrtps/feedback__type_support.cpp.o[0m
[6.940s] [ 74%] [32mBuilding CXX object CMakeFiles/fsd_common_msgs__rosidl_typesupport_fastrtps_cpp.dir/rosidl_typesupport_fastrtps_cpp/fsd_common_msgs/msg/detail/dds_fastrtps/ins_delta__type_support.cpp.o[0m
[6.953s] [ 74%] [32m[1mLinking CXX shared library libfsd_common_msgs__rosidl_typesupport_introspection_cpp.so[0m
[6.953s] [ 75%] [32mBuilding CXX object CMakeFiles/fsd_common_msgs__rosidl_typesupport_fastrtps_c.dir/rosidl_typesupport_fastrtps_c/fsd_common_msgs/msg/detail/remote_control_command__type_support_c.cpp.o[0m
[7.034s] [ 75%] [32mBuilding CXX object CMakeFiles/fsd_common_msgs__rosidl_typesupport_fastrtps_c.dir/rosidl_typesupport_fastrtps_c/fsd_common_msgs/msg/detail/res_and_ami__type_support_c.cpp.o[0m
[7.042s] [ 76%] [32mBuilding CXX object CMakeFiles/fsd_common_msgs__rosidl_typesupport_fastrtps_c.dir/rosidl_typesupport_fastrtps_c/fsd_common_msgs/msg/detail/skidpad_global_center_line__type_support_c.cpp.o[0m
[7.043s] [ 77%] [32mBuilding CXX object CMakeFiles/fsd_common_msgs__rosidl_typesupport_fastrtps_cpp.dir/rosidl_typesupport_fastrtps_cpp/fsd_common_msgs/msg/detail/dds_fastrtps/map__type_support.cpp.o[0m
[7.048s] [ 77%] [32mBuilding CXX object CMakeFiles/fsd_common_msgs__rosidl_typesupport_fastrtps_c.dir/rosidl_typesupport_fastrtps_c/fsd_common_msgs/msg/detail/time__type_support_c.cpp.o[0m
[7.060s] [ 77%] [32mBuilding CXX object CMakeFiles/fsd_common_msgs__rosidl_typesupport_fastrtps_cpp.dir/rosidl_typesupport_fastrtps_cpp/fsd_common_msgs/msg/detail/dds_fastrtps/mission__type_support.cpp.o[0m
[7.097s] [ 77%] Built target fsd_common_msgs__rosidl_typesupport_introspection_cpp
[7.108s] [ 77%] [32mBuilding CXX object CMakeFiles/fsd_common_msgs__rosidl_typesupport_fastrtps_c.dir/rosidl_typesupport_fastrtps_c/fsd_common_msgs/msg/detail/track__type_support_c.cpp.o[0m
[7.129s] [ 78%] [32mBuilding CXX object CMakeFiles/fsd_common_msgs__rosidl_typesupport_fastrtps_c.dir/rosidl_typesupport_fastrtps_c/fsd_common_msgs/msg/detail/trajectory_point__type_support_c.cpp.o[0m
[7.168s] [ 79%] [32mBuilding CXX object CMakeFiles/fsd_common_msgs__rosidl_typesupport_fastrtps_cpp.dir/rosidl_typesupport_fastrtps_cpp/fsd_common_msgs/msg/detail/dds_fastrtps/remote_control_command__type_support.cpp.o[0m
[7.287s] [ 79%] [32mBuilding CXX object CMakeFiles/fsd_common_msgs__rosidl_typesupport_fastrtps_cpp.dir/rosidl_typesupport_fastrtps_cpp/fsd_common_msgs/msg/detail/dds_fastrtps/res_and_ami__type_support.cpp.o[0m
[7.303s] [ 79%] [32mBuilding CXX object CMakeFiles/fsd_common_msgs__rosidl_typesupport_fastrtps_cpp.dir/rosidl_typesupport_fastrtps_cpp/fsd_common_msgs/msg/detail/dds_fastrtps/skidpad_global_center_line__type_support.cpp.o[0m
[7.312s] [ 80%] [32mBuilding CXX object CMakeFiles/fsd_common_msgs__rosidl_typesupport_fastrtps_cpp.dir/rosidl_typesupport_fastrtps_cpp/fsd_common_msgs/msg/detail/dds_fastrtps/time__type_support.cpp.o[0m
[7.358s] [ 80%] [32mBuilding CXX object CMakeFiles/fsd_common_msgs__rosidl_typesupport_fastrtps_cpp.dir/rosidl_typesupport_fastrtps_cpp/fsd_common_msgs/msg/detail/dds_fastrtps/track__type_support.cpp.o[0m
[7.358s] [ 80%] [32mBuilding CXX object CMakeFiles/fsd_common_msgs__rosidl_typesupport_fastrtps_c.dir/rosidl_typesupport_fastrtps_c/fsd_common_msgs/msg/detail/visualization__type_support_c.cpp.o[0m
[7.360s] [ 81%] [32mBuilding CXX object CMakeFiles/fsd_common_msgs__rosidl_typesupport_fastrtps_cpp.dir/rosidl_typesupport_fastrtps_cpp/fsd_common_msgs/msg/detail/dds_fastrtps/trajectory_point__type_support.cpp.o[0m
[7.363s] [ 81%] [32mBuilding CXX object CMakeFiles/fsd_common_msgs__rosidl_typesupport_fastrtps_cpp.dir/rosidl_typesupport_fastrtps_cpp/fsd_common_msgs/msg/detail/dds_fastrtps/visualization__type_support.cpp.o[0m
[7.420s] [ 82%] [32mBuilding CXX object CMakeFiles/fsd_common_msgs__rosidl_typesupport_fastrtps_c.dir/rosidl_typesupport_fastrtps_c/fsd_common_msgs/msg/detail/yolo_cone__type_support_c.cpp.o[0m
[7.426s] [ 82%] [32mBuilding CXX object CMakeFiles/fsd_common_msgs__rosidl_typesupport_fastrtps_cpp.dir/rosidl_typesupport_fastrtps_cpp/fsd_common_msgs/msg/detail/dds_fastrtps/yolo_cone__type_support.cpp.o[0m
[7.428s] [ 83%] [32mBuilding CXX object CMakeFiles/fsd_common_msgs__rosidl_typesupport_fastrtps_cpp.dir/rosidl_typesupport_fastrtps_cpp/fsd_common_msgs/msg/detail/dds_fastrtps/yolo_cone_detections__type_support.cpp.o[0m
[7.429s] [ 83%] [32mBuilding CXX object CMakeFiles/fsd_common_msgs__rosidl_typesupport_fastrtps_c.dir/rosidl_typesupport_fastrtps_c/fsd_common_msgs/msg/detail/yolo_cone_detections__type_support_c.cpp.o[0m
[7.454s] [ 83%] [32mBuilding CXX object CMakeFiles/fsd_common_msgs__rosidl_typesupport_fastrtps_cpp.dir/rosidl_typesupport_fastrtps_cpp/fsd_common_msgs/msg/detail/dds_fastrtps/yolo_cone_detections_track__type_support.cpp.o[0m
[7.466s] [ 83%] [32mBuilding CXX object CMakeFiles/fsd_common_msgs__rosidl_typesupport_fastrtps_c.dir/rosidl_typesupport_fastrtps_c/fsd_common_msgs/msg/detail/yolo_cone_detections_track__type_support_c.cpp.o[0m
[7.474s] [ 84%] [32mBuilding CXX object CMakeFiles/fsd_common_msgs__rosidl_typesupport_fastrtps_cpp.dir/rosidl_typesupport_fastrtps_cpp/fsd_common_msgs/msg/detail/dds_fastrtps/yolo_cone_track__type_support.cpp.o[0m
[7.475s] [ 85%] [32mBuilding CXX object CMakeFiles/fsd_common_msgs__rosidl_typesupport_fastrtps_c.dir/rosidl_typesupport_fastrtps_c/fsd_common_msgs/msg/detail/yolo_cone_track__type_support_c.cpp.o[0m
[7.844s] [ 85%] [32m[1mLinking CXX shared library libfsd_common_msgs__rosidl_typesupport_fastrtps_c.so[0m
[7.898s] [ 85%] [32m[1mLinking CXX shared library libfsd_common_msgs__rosidl_typesupport_fastrtps_cpp.so[0m
[7.916s] [ 85%] Built target fsd_common_msgs__rosidl_typesupport_fastrtps_c
[7.977s] [ 85%] Built target fsd_common_msgs__rosidl_typesupport_fastrtps_cpp
[7.992s] [ 85%] Built target fsd_common_msgs
[8.011s] [ 85%] [34m[1mGenerating Python code for ROS interfaces[0m
[11.104s] [ 85%] Built target fsd_common_msgs__py
[11.127s] [ 85%] [32mBuilding C object CMakeFiles/fsd_common_msgs__rosidl_generator_py.dir/rosidl_generator_py/fsd_common_msgs/msg/_car_state_dt_s.c.o[0m
[11.127s] [ 85%] [32mBuilding C object CMakeFiles/fsd_common_msgs__rosidl_generator_py.dir/rosidl_generator_py/fsd_common_msgs/msg/_car_state_s.c.o[0m
[11.127s] [ 86%] [32mBuilding C object CMakeFiles/fsd_common_msgs__rosidl_generator_py.dir/rosidl_generator_py/fsd_common_msgs/msg/_as_state_s.c.o[0m
[11.128s] [ 86%] [32mBuilding C object CMakeFiles/fsd_common_msgs__rosidl_generator_py.dir/rosidl_generator_py/fsd_common_msgs/msg/_cone_dbscan_s.c.o[0m
[11.128s] [ 88%] [32mBuilding C object CMakeFiles/fsd_common_msgs__rosidl_generator_py.dir/rosidl_generator_py/fsd_common_msgs/msg/_control_command_s.c.o[0m
[11.128s] [ 88%] [32mBuilding C object CMakeFiles/fsd_common_msgs__rosidl_generator_py.dir/rosidl_generator_py/fsd_common_msgs/msg/_can_frames_s.c.o[0m
[11.128s] [ 88%] [32mBuilding C object CMakeFiles/fsd_common_msgs__rosidl_generator_py.dir/rosidl_generator_py/fsd_common_msgs/msg/_cone_detections_dbscan_s.c.o[0m
[11.129s] [ 88%] [32mBuilding C object CMakeFiles/fsd_common_msgs__rosidl_generator_py.dir/rosidl_generator_py/fsd_common_msgs/msg/_driving_dynamics_s.c.o[0m
[11.130s] [ 89%] [32mBuilding C object CMakeFiles/fsd_common_msgs__rosidl_generator_py.dir/rosidl_generator_py/fsd_common_msgs/msg/_decision_flag_s.c.o[0m
[11.131s] [ 88%] [32mBuilding C object CMakeFiles/fsd_common_msgs__rosidl_generator_py.dir/rosidl_generator_py/fsd_common_msgs/msg/_cone_detections_s.c.o[0m
[11.131s] [ 88%] [32mBuilding C object CMakeFiles/fsd_common_msgs__rosidl_generator_py.dir/rosidl_generator_py/fsd_common_msgs/msg/_asensing_message_s.c.o[0m
[11.131s] [ 90%] [32mBuilding C object CMakeFiles/fsd_common_msgs__rosidl_generator_py.dir/rosidl_generator_py/fsd_common_msgs/msg/_cone_s.c.o[0m
[11.131s] [ 90%] [32mBuilding C object CMakeFiles/fsd_common_msgs__rosidl_generator_py.dir/rosidl_generator_py/fsd_common_msgs/msg/_feedback_s.c.o[0m
[11.131s] [ 90%] [32mBuilding C object CMakeFiles/fsd_common_msgs__rosidl_generator_py.dir/rosidl_generator_py/fsd_common_msgs/msg/_ins_delta_s.c.o[0m
[11.131s] [ 91%] [32mBuilding C object CMakeFiles/fsd_common_msgs__rosidl_generator_py.dir/rosidl_generator_py/fsd_common_msgs/msg/_map_s.c.o[0m
[11.131s] [ 91%] [32mBuilding C object CMakeFiles/fsd_common_msgs__rosidl_generator_py.dir/rosidl_generator_py/fsd_common_msgs/msg/_mission_s.c.o[0m
[11.131s] [ 91%] [32mBuilding C object CMakeFiles/fsd_common_msgs__rosidl_generator_py.dir/rosidl_generator_py/fsd_common_msgs/msg/_res_and_ami_s.c.o[0m
[11.131s] [ 91%] [32mBuilding C object CMakeFiles/fsd_common_msgs__rosidl_generator_py.dir/rosidl_generator_py/fsd_common_msgs/msg/_skidpad_global_center_line_s.c.o[0m
[11.132s] [ 93%] [32mBuilding C object CMakeFiles/fsd_common_msgs__rosidl_generator_py.dir/rosidl_generator_py/fsd_common_msgs/msg/_remote_control_command_s.c.o[0m
[11.132s] [ 93%] [32mBuilding C object CMakeFiles/fsd_common_msgs__rosidl_generator_py.dir/rosidl_generator_py/fsd_common_msgs/msg/_time_s.c.o[0m
[11.132s] [ 94%] [32mBuilding C object CMakeFiles/fsd_common_msgs__rosidl_generator_py.dir/rosidl_generator_py/fsd_common_msgs/msg/_echiev_message_s.c.o[0m
[11.135s] [ 95%] [32mBuilding C object CMakeFiles/fsd_common_msgs__rosidl_generator_py.dir/rosidl_generator_py/fsd_common_msgs/msg/_trajectory_point_s.c.o[0m
[11.135s] [ 95%] [32mBuilding C object CMakeFiles/fsd_common_msgs__rosidl_generator_py.dir/rosidl_generator_py/fsd_common_msgs/msg/_track_s.c.o[0m
[11.136s] [ 95%] [32mBuilding C object CMakeFiles/fsd_common_msgs__rosidl_generator_py.dir/rosidl_generator_py/fsd_common_msgs/msg/_visualization_s.c.o[0m
[11.275s] [ 95%] [32mBuilding C object CMakeFiles/fsd_common_msgs__rosidl_generator_py.dir/rosidl_generator_py/fsd_common_msgs/msg/_yolo_cone_s.c.o[0m
[11.275s] [ 96%] [32mBuilding C object CMakeFiles/fsd_common_msgs__rosidl_generator_py.dir/rosidl_generator_py/fsd_common_msgs/msg/_yolo_cone_detections_s.c.o[0m
[11.276s] [ 96%] [32mBuilding C object CMakeFiles/fsd_common_msgs__rosidl_generator_py.dir/rosidl_generator_py/fsd_common_msgs/msg/_yolo_cone_detections_track_s.c.o[0m
[11.278s] [ 97%] [32mBuilding C object CMakeFiles/fsd_common_msgs__rosidl_generator_py.dir/rosidl_generator_py/fsd_common_msgs/msg/_yolo_cone_track_s.c.o[0m
[11.351s] [ 97%] [32m[1mLinking C shared library rosidl_generator_py/fsd_common_msgs/libfsd_common_msgs__rosidl_generator_py.so[0m
[11.396s] [ 97%] Built target fsd_common_msgs__rosidl_generator_py
[11.411s] [ 98%] [32mBuilding C object CMakeFiles/fsd_common_msgs__rosidl_typesupport_c__pyext.dir/rosidl_generator_py/fsd_common_msgs/_fsd_common_msgs_s.ep.rosidl_typesupport_c.c.o[0m
[11.413s] [ 99%] [32mBuilding C object CMakeFiles/fsd_common_msgs__rosidl_typesupport_introspection_c__pyext.dir/rosidl_generator_py/fsd_common_msgs/_fsd_common_msgs_s.ep.rosidl_typesupport_introspection_c.c.o[0m
[11.414s] [100%] [32mBuilding C object CMakeFiles/fsd_common_msgs__rosidl_typesupport_fastrtps_c__pyext.dir/rosidl_generator_py/fsd_common_msgs/_fsd_common_msgs_s.ep.rosidl_typesupport_fastrtps_c.c.o[0m
[11.532s] [100%] [32m[1mLinking C shared library rosidl_generator_py/fsd_common_msgs/fsd_common_msgs_s__rosidl_typesupport_c.cpython-310-x86_64-linux-gnu.so[0m
[11.532s] [100%] [32m[1mLinking C shared library rosidl_generator_py/fsd_common_msgs/fsd_common_msgs_s__rosidl_typesupport_fastrtps_c.cpython-310-x86_64-linux-gnu.so[0m
[11.561s] [100%] [32m[1mLinking C shared library rosidl_generator_py/fsd_common_msgs/fsd_common_msgs_s__rosidl_typesupport_introspection_c.cpython-310-x86_64-linux-gnu.so[0m
[11.567s] [100%] Built target fsd_common_msgs__rosidl_typesupport_fastrtps_c__pyext
[11.575s] [100%] Built target fsd_common_msgs__rosidl_typesupport_c__pyext
[11.594s] [100%] Built target fsd_common_msgs__rosidl_typesupport_introspection_c__pyext
[11.607s] Invoked command in '/home/wu/Desktop/26_wuren_wuchunming/Ros2/ros2_homework_advanced_ws/build/fsd_common_msgs' returned '0': CMAKE_PREFIX_PATH=${CMAKE_PREFIX_PATH}:/opt/ros/humble /usr/bin/cmake --build /home/wu/Desktop/26_wuren_wuchunming/Ros2/ros2_homework_advanced_ws/build/fsd_common_msgs -- -j24 -l24
[11.613s] Invoking command in '/home/wu/Desktop/26_wuren_wuchunming/Ros2/ros2_homework_advanced_ws/build/fsd_common_msgs': CMAKE_PREFIX_PATH=${CMAKE_PREFIX_PATH}:/opt/ros/humble /usr/bin/cmake --install /home/wu/Desktop/26_wuren_wuchunming/Ros2/ros2_homework_advanced_ws/build/fsd_common_msgs
[11.619s] -- Install configuration: ""
[11.619s] -- Installing: /home/wu/Desktop/26_wuren_wuchunming/Ros2/ros2_homework_advanced_ws/install/fsd_common_msgs/share/ament_index/resource_index/rosidl_interfaces/fsd_common_msgs
[11.619s] -- Installing: /home/wu/Desktop/26_wuren_wuchunming/Ros2/ros2_homework_advanced_ws/install/fsd_common_msgs/include/fsd_common_msgs/fsd_common_msgs
[11.619s] -- Installing: /home/wu/Desktop/26_wuren_wuchunming/Ros2/ros2_homework_advanced_ws/install/fsd_common_msgs/include/fsd_common_msgs/fsd_common_msgs/msg
[11.619s] -- Installing: /home/wu/Desktop/26_wuren_wuchunming/Ros2/ros2_homework_advanced_ws/install/fsd_common_msgs/include/fsd_common_msgs/fsd_common_msgs/msg/cone_detections_dbscan.h
[11.619s] -- Installing: /home/wu/Desktop/26_wuren_wuchunming/Ros2/ros2_homework_advanced_ws/install/fsd_common_msgs/include/fsd_common_msgs/fsd_common_msgs/msg/as_state.h
[11.619s] -- Installing: /home/wu/Desktop/26_wuren_wuchunming/Ros2/ros2_homework_advanced_ws/install/fsd_common_msgs/include/fsd_common_msgs/fsd_common_msgs/msg/control_command.h
[11.620s] -- Installing: /home/wu/Desktop/26_wuren_wuchunming/Ros2/ros2_homework_advanced_ws/install/fsd_common_msgs/include/fsd_common_msgs/fsd_common_msgs/msg/feedback.h
[11.620s] -- Installing: /home/wu/Desktop/26_wuren_wuchunming/Ros2/ros2_homework_advanced_ws/install/fsd_common_msgs/include/fsd_common_msgs/fsd_common_msgs/msg/driving_dynamics.h
[11.620s] -- Installing: /home/wu/Desktop/26_wuren_wuchunming/Ros2/ros2_homework_advanced_ws/install/fsd_common_msgs/include/fsd_common_msgs/fsd_common_msgs/msg/yolo_cone.h
[11.620s] -- Installing: /home/wu/Desktop/26_wuren_wuchunming/Ros2/ros2_homework_advanced_ws/install/fsd_common_msgs/include/fsd_common_msgs/fsd_common_msgs/msg/time.h
[11.620s] -- Installing: /home/wu/Desktop/26_wuren_wuchunming/Ros2/ros2_homework_advanced_ws/install/fsd_common_msgs/include/fsd_common_msgs/fsd_common_msgs/msg/car_state_dt.h
[11.620s] -- Installing: /home/wu/Desktop/26_wuren_wuchunming/Ros2/ros2_homework_advanced_ws/install/fsd_common_msgs/include/fsd_common_msgs/fsd_common_msgs/msg/echiev_message.h
[11.620s] -- Installing: /home/wu/Desktop/26_wuren_wuchunming/Ros2/ros2_homework_advanced_ws/install/fsd_common_msgs/include/fsd_common_msgs/fsd_common_msgs/msg/track.h
[11.620s] -- Installing: /home/wu/Desktop/26_wuren_wuchunming/Ros2/ros2_homework_advanced_ws/install/fsd_common_msgs/include/fsd_common_msgs/fsd_common_msgs/msg/yolo_cone_detections_track.h
[11.620s] -- Installing: /home/wu/Desktop/26_wuren_wuchunming/Ros2/ros2_homework_advanced_ws/install/fsd_common_msgs/include/fsd_common_msgs/fsd_common_msgs/msg/asensing_message.h
[11.620s] -- Installing: /home/wu/Desktop/26_wuren_wuchunming/Ros2/ros2_homework_advanced_ws/install/fsd_common_msgs/include/fsd_common_msgs/fsd_common_msgs/msg/map.h
[11.620s] -- Installing: /home/wu/Desktop/26_wuren_wuchunming/Ros2/ros2_homework_advanced_ws/install/fsd_common_msgs/include/fsd_common_msgs/fsd_common_msgs/msg/yolo_cone_track.h
[11.620s] -- Installing: /home/wu/Desktop/26_wuren_wuchunming/Ros2/ros2_homework_advanced_ws/install/fsd_common_msgs/include/fsd_common_msgs/fsd_common_msgs/msg/cone.h
[11.620s] -- Installing: /home/wu/Desktop/26_wuren_wuchunming/Ros2/ros2_homework_advanced_ws/install/fsd_common_msgs/include/fsd_common_msgs/fsd_common_msgs/msg/can_frames.h
[11.620s] -- Installing: /home/wu/Desktop/26_wuren_wuchunming/Ros2/ros2_homework_advanced_ws/install/fsd_common_msgs/include/fsd_common_msgs/fsd_common_msgs/msg/ins_delta.h
[11.620s] -- Installing: /home/wu/Desktop/26_wuren_wuchunming/Ros2/ros2_homework_advanced_ws/install/fsd_common_msgs/include/fsd_common_msgs/fsd_common_msgs/msg/res_and_ami.h
[11.620s] -- Installing: /home/wu/Desktop/26_wuren_wuchunming/Ros2/ros2_homework_advanced_ws/install/fsd_common_msgs/include/fsd_common_msgs/fsd_common_msgs/msg/detail
[11.620s] -- Installing: /home/wu/Desktop/26_wuren_wuchunming/Ros2/ros2_homework_advanced_ws/install/fsd_common_msgs/include/fsd_common_msgs/fsd_common_msgs/msg/detail/feedback__functions.c
[11.620s] -- Installing: /home/wu/Desktop/26_wuren_wuchunming/Ros2/ros2_homework_advanced_ws/install/fsd_common_msgs/include/fsd_common_msgs/fsd_common_msgs/msg/detail/ins_delta__functions.c
[11.621s] -- Installing: /home/wu/Desktop/26_wuren_wuchunming/Ros2/ros2_homework_advanced_ws/install/fsd_common_msgs/include/fsd_common_msgs/fsd_common_msgs/msg/detail/yolo_cone_detections_track__type_support.h
[11.621s] -- Installing: /home/wu/Desktop/26_wuren_wuchunming/Ros2/ros2_homework_advanced_ws/install/fsd_common_msgs/include/fsd_common_msgs/fsd_common_msgs/msg/detail/can_frames__type_support.h
[11.621s] -- Installing: /home/wu/Desktop/26_wuren_wuchunming/Ros2/ros2_homework_advanced_ws/install/fsd_common_msgs/include/fsd_common_msgs/fsd_common_msgs/msg/detail/driving_dynamics__functions.c
[11.621s] -- Installing: /home/wu/Desktop/26_wuren_wuchunming/Ros2/ros2_homework_advanced_ws/install/fsd_common_msgs/include/fsd_common_msgs/fsd_common_msgs/msg/detail/car_state__functions.c
[11.621s] -- Installing: /home/wu/Desktop/26_wuren_wuchunming/Ros2/ros2_homework_advanced_ws/install/fsd_common_msgs/include/fsd_common_msgs/fsd_common_msgs/msg/detail/asensing_message__struct.h
[11.621s] -- Installing: /home/wu/Desktop/26_wuren_wuchunming/Ros2/ros2_homework_advanced_ws/install/fsd_common_msgs/include/fsd_common_msgs/fsd_common_msgs/msg/detail/feedback__functions.h
[11.621s] -- Installing: /home/wu/Desktop/26_wuren_wuchunming/Ros2/ros2_homework_advanced_ws/install/fsd_common_msgs/include/fsd_common_msgs/fsd_common_msgs/msg/detail/control_command__functions.h
[11.621s] -- Installing: /home/wu/Desktop/26_wuren_wuchunming/Ros2/ros2_homework_advanced_ws/install/fsd_common_msgs/include/fsd_common_msgs/fsd_common_msgs/msg/detail/car_state_dt__type_support.h
[11.621s] -- Installing: /home/wu/Desktop/26_wuren_wuchunming/Ros2/ros2_homework_advanced_ws/install/fsd_common_msgs/include/fsd_common_msgs/fsd_common_msgs/msg/detail/cone_dbscan__functions.h
[11.621s] -- Installing: /home/wu/Desktop/26_wuren_wuchunming/Ros2/ros2_homework_advanced_ws/install/fsd_common_msgs/include/fsd_common_msgs/fsd_common_msgs/msg/detail/remote_control_command__struct.h
[11.621s] -- Installing: /home/wu/Desktop/26_wuren_wuchunming/Ros2/ros2_homework_advanced_ws/install/fsd_common_msgs/include/fsd_common_msgs/fsd_common_msgs/msg/detail/res_and_ami__functions.c
[11.621s] -- Installing: /home/wu/Desktop/26_wuren_wuchunming/Ros2/ros2_homework_advanced_ws/install/fsd_common_msgs/include/fsd_common_msgs/fsd_common_msgs/msg/detail/control_command__type_support.h
[11.621s] -- Installing: /home/wu/Desktop/26_wuren_wuchunming/Ros2/ros2_homework_advanced_ws/install/fsd_common_msgs/include/fsd_common_msgs/fsd_common_msgs/msg/detail/cone_detections__struct.h
[11.621s] -- Installing: /home/wu/Desktop/26_wuren_wuchunming/Ros2/ros2_homework_advanced_ws/install/fsd_common_msgs/include/fsd_common_msgs/fsd_common_msgs/msg/detail/yolo_cone__functions.h
[11.621s] -- Installing: /home/wu/Desktop/26_wuren_wuchunming/Ros2/ros2_homework_advanced_ws/install/fsd_common_msgs/include/fsd_common_msgs/fsd_common_msgs/msg/detail/decision_flag__type_support.h
[11.621s] -- Installing: /home/wu/Desktop/26_wuren_wuchunming/Ros2/ros2_homework_advanced_ws/install/fsd_common_msgs/include/fsd_common_msgs/fsd_common_msgs/msg/detail/car_state__type_support.h
[11.621s] -- Installing: /home/wu/Desktop/26_wuren_wuchunming/Ros2/ros2_homework_advanced_ws/install/fsd_common_msgs/include/fsd_common_msgs/fsd_common_msgs/msg/detail/mission__type_support.h
[11.622s] -- Installing: /home/wu/Desktop/26_wuren_wuchunming/Ros2/ros2_homework_advanced_ws/install/fsd_common_msgs/include/fsd_common_msgs/fsd_common_msgs/msg/detail/time__type_support.h
[11.622s] -- Installing: /home/wu/Desktop/26_wuren_wuchunming/Ros2/ros2_homework_advanced_ws/install/fsd_common_msgs/include/fsd_common_msgs/fsd_common_msgs/msg/detail/as_state__type_support.h
[11.622s] -- Installing: /home/wu/Desktop/26_wuren_wuchunming/Ros2/ros2_homework_advanced_ws/install/fsd_common_msgs/include/fsd_common_msgs/fsd_common_msgs/msg/detail/trajectory_point__functions.h
[11.622s] -- Installing: /home/wu/Desktop/26_wuren_wuchunming/Ros2/ros2_homework_advanced_ws/install/fsd_common_msgs/include/fsd_common_msgs/fsd_common_msgs/msg/detail/feedback__struct.h
[11.622s] -- Installing: /home/wu/Desktop/26_wuren_wuchunming/Ros2/ros2_homework_advanced_ws/install/fsd_common_msgs/include/fsd_common_msgs/fsd_common_msgs/msg/detail/yolo_cone_detections__struct.h
[11.622s] -- Installing: /home/wu/Desktop/26_wuren_wuchunming/Ros2/ros2_homework_advanced_ws/install/fsd_common_msgs/include/fsd_common_msgs/fsd_common_msgs/msg/detail/yolo_cone_track__struct.h
[11.622s] -- Installing: /home/wu/Desktop/26_wuren_wuchunming/Ros2/ros2_homework_advanced_ws/install/fsd_common_msgs/include/fsd_common_msgs/fsd_common_msgs/msg/detail/decision_flag__functions.h
[11.622s] -- Installing: /home/wu/Desktop/26_wuren_wuchunming/Ros2/ros2_homework_advanced_ws/install/fsd_common_msgs/include/fsd_common_msgs/fsd_common_msgs/msg/detail/track__functions.c
[11.622s] -- Installing: /home/wu/Desktop/26_wuren_wuchunming/Ros2/ros2_homework_advanced_ws/install/fsd_common_msgs/include/fsd_common_msgs/fsd_common_msgs/msg/detail/visualization__type_support.h
[11.622s] -- Installing: /home/wu/Desktop/26_wuren_wuchunming/Ros2/ros2_homework_advanced_ws/install/fsd_common_msgs/include/fsd_common_msgs/fsd_common_msgs/msg/detail/yolo_cone_detections__functions.h
[11.622s] -- Installing: /home/wu/Desktop/26_wuren_wuchunming/Ros2/ros2_homework_advanced_ws/install/fsd_common_msgs/include/fsd_common_msgs/fsd_common_msgs/msg/detail/can_frames__functions.c
[11.622s] -- Installing: /home/wu/Desktop/26_wuren_wuchunming/Ros2/ros2_homework_advanced_ws/install/fsd_common_msgs/include/fsd_common_msgs/fsd_common_msgs/msg/detail/yolo_cone_track__functions.h
[11.622s] -- Installing: /home/wu/Desktop/26_wuren_wuchunming/Ros2/ros2_homework_advanced_ws/install/fsd_common_msgs/include/fsd_common_msgs/fsd_common_msgs/msg/detail/car_state__struct.h
[11.622s] -- Installing: /home/wu/Desktop/26_wuren_wuchunming/Ros2/ros2_homework_advanced_ws/install/fsd_common_msgs/include/fsd_common_msgs/fsd_common_msgs/msg/detail/yolo_cone_track__functions.c
[11.622s] -- Installing: /home/wu/Desktop/26_wuren_wuchunming/Ros2/ros2_homework_advanced_ws/install/fsd_common_msgs/include/fsd_common_msgs/fsd_common_msgs/msg/detail/driving_dynamics__functions.h
[11.622s] -- Installing: /home/wu/Desktop/26_wuren_wuchunming/Ros2/ros2_homework_advanced_ws/install/fsd_common_msgs/include/fsd_common_msgs/fsd_common_msgs/msg/detail/control_command__functions.c
[11.622s] -- Installing: /home/wu/Desktop/26_wuren_wuchunming/Ros2/ros2_homework_advanced_ws/install/fsd_common_msgs/include/fsd_common_msgs/fsd_common_msgs/msg/detail/car_state_dt__functions.c
[11.622s] -- Installing: /home/wu/Desktop/26_wuren_wuchunming/Ros2/ros2_homework_advanced_ws/install/fsd_common_msgs/include/fsd_common_msgs/fsd_common_msgs/msg/detail/res_and_ami__type_support.h
[11.623s] -- Installing: /home/wu/Desktop/26_wuren_wuchunming/Ros2/ros2_homework_advanced_ws/install/fsd_common_msgs/include/fsd_common_msgs/fsd_common_msgs/msg/detail/yolo_cone_detections__functions.c
[11.623s] -- Installing: /home/wu/Desktop/26_wuren_wuchunming/Ros2/ros2_homework_advanced_ws/install/fsd_common_msgs/include/fsd_common_msgs/fsd_common_msgs/msg/detail/track__functions.h
[11.623s] -- Installing: /home/wu/Desktop/26_wuren_wuchunming/Ros2/ros2_homework_advanced_ws/install/fsd_common_msgs/include/fsd_common_msgs/fsd_common_msgs/msg/detail/cone_detections__functions.c
[11.623s] -- Installing: /home/wu/Desktop/26_wuren_wuchunming/Ros2/ros2_homework_advanced_ws/install/fsd_common_msgs/include/fsd_common_msgs/fsd_common_msgs/msg/detail/driving_dynamics__type_support.h
[11.623s] -- Installing: /home/wu/Desktop/26_wuren_wuchunming/Ros2/ros2_homework_advanced_ws/install/fsd_common_msgs/include/fsd_common_msgs/fsd_common_msgs/msg/detail/map__struct.h
[11.623s] -- Installing: /home/wu/Desktop/26_wuren_wuchunming/Ros2/ros2_homework_advanced_ws/install/fsd_common_msgs/include/fsd_common_msgs/fsd_common_msgs/msg/detail/res_and_ami__functions.h
[11.623s] -- Installing: /home/wu/Desktop/26_wuren_wuchunming/Ros2/ros2_homework_advanced_ws/install/fsd_common_msgs/include/fsd_common_msgs/fsd_common_msgs/msg/detail/skidpad_global_center_line__functions.h
[11.623s] -- Installing: /home/wu/Desktop/26_wuren_wuchunming/Ros2/ros2_homework_advanced_ws/install/fsd_common_msgs/include/fsd_common_msgs/fsd_common_msgs/msg/detail/map__functions.c
[11.623s] -- Installing: /home/wu/Desktop/26_wuren_wuchunming/Ros2/ros2_homework_advanced_ws/install/fsd_common_msgs/include/fsd_common_msgs/fsd_common_msgs/msg/detail/cone_detections_dbscan__struct.h
[11.623s] -- Installing: /home/wu/Desktop/26_wuren_wuchunming/Ros2/ros2_homework_advanced_ws/install/fsd_common_msgs/include/fsd_common_msgs/fsd_common_msgs/msg/detail/trajectory_point__type_support.h
[11.623s] -- Installing: /home/wu/Desktop/26_wuren_wuchunming/Ros2/ros2_homework_advanced_ws/install/fsd_common_msgs/include/fsd_common_msgs/fsd_common_msgs/msg/detail/feedback__type_support.h
[11.623s] -- Installing: /home/wu/Desktop/26_wuren_wuchunming/Ros2/ros2_homework_advanced_ws/install/fsd_common_msgs/include/fsd_common_msgs/fsd_common_msgs/msg/detail/mission__struct.h
[11.623s] -- Installing: /home/wu/Desktop/26_wuren_wuchunming/Ros2/ros2_homework_advanced_ws/install/fsd_common_msgs/include/fsd_common_msgs/fsd_common_msgs/msg/detail/as_state__functions.c
[11.623s] -- Installing: /home/wu/Desktop/26_wuren_wuchunming/Ros2/ros2_homework_advanced_ws/install/fsd_common_msgs/include/fsd_common_msgs/fsd_common_msgs/msg/detail/time__functions.h
[11.623s] -- Installing: /home/wu/Desktop/26_wuren_wuchunming/Ros2/ros2_homework_advanced_ws/install/fsd_common_msgs/include/fsd_common_msgs/fsd_common_msgs/msg/detail/decision_flag__functions.c
[11.623s] -- Installing: /home/wu/Desktop/26_wuren_wuchunming/Ros2/ros2_homework_advanced_ws/install/fsd_common_msgs/include/fsd_common_msgs/fsd_common_msgs/msg/detail/cone_dbscan__type_support.h
[11.623s] -- Installing: /home/wu/Desktop/26_wuren_wuchunming/Ros2/ros2_homework_advanced_ws/install/fsd_common_msgs/include/fsd_common_msgs/fsd_common_msgs/msg/detail/echiev_message__functions.h
[11.624s] -- Installing: /home/wu/Desktop/26_wuren_wuchunming/Ros2/ros2_homework_advanced_ws/install/fsd_common_msgs/include/fsd_common_msgs/fsd_common_msgs/msg/detail/yolo_cone_detections_track__struct.h
[11.624s] -- Installing: /home/wu/Desktop/26_wuren_wuchunming/Ros2/ros2_homework_advanced_ws/install/fsd_common_msgs/include/fsd_common_msgs/fsd_common_msgs/msg/detail/asensing_message__functions.c
[11.624s] -- Installing: /home/wu/Desktop/26_wuren_wuchunming/Ros2/ros2_homework_advanced_ws/install/fsd_common_msgs/include/fsd_common_msgs/fsd_common_msgs/msg/detail/cone_dbscan__functions.c
[11.624s] -- Installing: /home/wu/Desktop/26_wuren_wuchunming/Ros2/ros2_homework_advanced_ws/install/fsd_common_msgs/include/fsd_common_msgs/fsd_common_msgs/msg/detail/cone_detections_dbscan__functions.h
[11.624s] -- Installing: /home/wu/Desktop/26_wuren_wuchunming/Ros2/ros2_homework_advanced_ws/install/fsd_common_msgs/include/fsd_common_msgs/fsd_common_msgs/msg/detail/yolo_cone__type_support.h
[11.624s] -- Installing: /home/wu/Desktop/26_wuren_wuchunming/Ros2/ros2_homework_advanced_ws/install/fsd_common_msgs/include/fsd_common_msgs/fsd_common_msgs/msg/detail/visualization__functions.h
[11.624s] -- Installing: /home/wu/Desktop/26_wuren_wuchunming/Ros2/ros2_homework_advanced_ws/install/fsd_common_msgs/include/fsd_common_msgs/fsd_common_msgs/msg/detail/echiev_message__type_support.h
[11.624s] -- Installing: /home/wu/Desktop/26_wuren_wuchunming/Ros2/ros2_homework_advanced_ws/install/fsd_common_msgs/include/fsd_common_msgs/fsd_common_msgs/msg/detail/cone_detections__functions.h
[11.624s] -- Installing: /home/wu/Desktop/26_wuren_wuchunming/Ros2/ros2_homework_advanced_ws/install/fsd_common_msgs/include/fsd_common_msgs/fsd_common_msgs/msg/detail/visualization__struct.h
[11.624s] -- Installing: /home/wu/Desktop/26_wuren_wuchunming/Ros2/ros2_homework_advanced_ws/install/fsd_common_msgs/include/fsd_common_msgs/fsd_common_msgs/msg/detail/yolo_cone_detections_track__functions.h
[11.624s] -- Installing: /home/wu/Desktop/26_wuren_wuchunming/Ros2/ros2_homework_advanced_ws/install/fsd_common_msgs/include/fsd_common_msgs/fsd_common_msgs/msg/detail/track__struct.h
[11.624s] -- Installing: /home/wu/Desktop/26_wuren_wuchunming/Ros2/ros2_homework_advanced_ws/install/fsd_common_msgs/include/fsd_common_msgs/fsd_common_msgs/msg/detail/driving_dynamics__struct.h
[11.624s] -- Installing: /home/wu/Desktop/26_wuren_wuchunming/Ros2/ros2_homework_advanced_ws/install/fsd_common_msgs/include/fsd_common_msgs/fsd_common_msgs/msg/detail/car_state_dt__struct.h
[11.624s] -- Installing: /home/wu/Desktop/26_wuren_wuchunming/Ros2/ros2_homework_advanced_ws/install/fsd_common_msgs/include/fsd_common_msgs/fsd_common_msgs/msg/detail/as_state__functions.h
[11.624s] -- Installing: /home/wu/Desktop/26_wuren_wuchunming/Ros2/ros2_homework_advanced_ws/install/fsd_common_msgs/include/fsd_common_msgs/fsd_common_msgs/msg/detail/control_command__struct.h
[11.624s] -- Installing: /home/wu/Desktop/26_wuren_wuchunming/Ros2/ros2_homework_advanced_ws/install/fsd_common_msgs/include/fsd_common_msgs/fsd_common_msgs/msg/detail/cone__functions.c
[11.624s] -- Installing: /home/wu/Desktop/26_wuren_wuchunming/Ros2/ros2_homework_advanced_ws/install/fsd_common_msgs/include/fsd_common_msgs/fsd_common_msgs/msg/detail/yolo_cone__functions.c
[11.624s] -- Installing: /home/wu/Desktop/26_wuren_wuchunming/Ros2/ros2_homework_advanced_ws/install/fsd_common_msgs/include/fsd_common_msgs/fsd_common_msgs/msg/detail/cone__struct.h
[11.624s] -- Installing: /home/wu/Desktop/26_wuren_wuchunming/Ros2/ros2_homework_advanced_ws/install/fsd_common_msgs/include/fsd_common_msgs/fsd_common_msgs/msg/detail/skidpad_global_center_line__struct.h
[11.624s] -- Installing: /home/wu/Desktop/26_wuren_wuchunming/Ros2/ros2_homework_advanced_ws/install/fsd_common_msgs/include/fsd_common_msgs/fsd_common_msgs/msg/detail/can_frames__functions.h
[11.625s] -- Installing: /home/wu/Desktop/26_wuren_wuchunming/Ros2/ros2_homework_advanced_ws/install/fsd_common_msgs/include/fsd_common_msgs/fsd_common_msgs/msg/detail/asensing_message__functions.h
[11.625s] -- Installing: /home/wu/Desktop/26_wuren_wuchunming/Ros2/ros2_homework_advanced_ws/install/fsd_common_msgs/include/fsd_common_msgs/fsd_common_msgs/msg/detail/yolo_cone_detections_track__functions.c
[11.625s] -- Installing: /home/wu/Desktop/26_wuren_wuchunming/Ros2/ros2_homework_advanced_ws/install/fsd_common_msgs/include/fsd_common_msgs/fsd_common_msgs/msg/detail/ins_delta__struct.h
[11.625s] -- Installing: /home/wu/Desktop/26_wuren_wuchunming/Ros2/ros2_homework_advanced_ws/install/fsd_common_msgs/include/fsd_common_msgs/fsd_common_msgs/msg/detail/cone_dbscan__struct.h
[11.625s] -- Installing: /home/wu/Desktop/26_wuren_wuchunming/Ros2/ros2_homework_advanced_ws/install/fsd_common_msgs/include/fsd_common_msgs/fsd_common_msgs/msg/detail/echiev_message__functions.c
[11.625s] -- Installing: /home/wu/Desktop/26_wuren_wuchunming/Ros2/ros2_homework_advanced_ws/install/fsd_common_msgs/include/fsd_common_msgs/fsd_common_msgs/msg/detail/skidpad_global_center_line__functions.c
[11.625s] -- Installing: /home/wu/Desktop/26_wuren_wuchunming/Ros2/ros2_homework_advanced_ws/install/fsd_common_msgs/include/fsd_common_msgs/fsd_common_msgs/msg/detail/remote_control_command__functions.h
[11.625s] -- Installing: /home/wu/Desktop/26_wuren_wuchunming/Ros2/ros2_homework_advanced_ws/install/fsd_common_msgs/include/fsd_common_msgs/fsd_common_msgs/msg/detail/visualization__functions.c
[11.625s] -- Installing: /home/wu/Desktop/26_wuren_wuchunming/Ros2/ros2_homework_advanced_ws/install/fsd_common_msgs/include/fsd_common_msgs/fsd_common_msgs/msg/detail/skidpad_global_center_line__type_support.h
[11.625s] -- Installing: /home/wu/Desktop/26_wuren_wuchunming/Ros2/ros2_homework_advanced_ws/install/fsd_common_msgs/include/fsd_common_msgs/fsd_common_msgs/msg/detail/car_state_dt__functions.h
[11.625s] -- Installing: /home/wu/Desktop/26_wuren_wuchunming/Ros2/ros2_homework_advanced_ws/install/fsd_common_msgs/include/fsd_common_msgs/fsd_common_msgs/msg/detail/echiev_message__struct.h
[11.625s] -- Installing: /home/wu/Desktop/26_wuren_wuchunming/Ros2/ros2_homework_advanced_ws/install/fsd_common_msgs/include/fsd_common_msgs/fsd_common_msgs/msg/detail/asensing_message__type_support.h
[11.625s] -- Installing: /home/wu/Desktop/26_wuren_wuchunming/Ros2/ros2_homework_advanced_ws/install/fsd_common_msgs/include/fsd_common_msgs/fsd_common_msgs/msg/detail/ins_delta__functions.h
[11.625s] -- Installing: /home/wu/Desktop/26_wuren_wuchunming/Ros2/ros2_homework_advanced_ws/install/fsd_common_msgs/include/fsd_common_msgs/fsd_common_msgs/msg/detail/ins_delta__type_support.h
[11.625s] -- Installing: /home/wu/Desktop/26_wuren_wuchunming/Ros2/ros2_homework_advanced_ws/install/fsd_common_msgs/include/fsd_common_msgs/fsd_common_msgs/msg/detail/car_state__functions.h
[11.625s] -- Installing: /home/wu/Desktop/26_wuren_wuchunming/Ros2/ros2_homework_advanced_ws/install/fsd_common_msgs/include/fsd_common_msgs/fsd_common_msgs/msg/detail/time__struct.h
[11.625s] -- Installing: /home/wu/Desktop/26_wuren_wuchunming/Ros2/ros2_homework_advanced_ws/install/fsd_common_msgs/include/fsd_common_msgs/fsd_common_msgs/msg/detail/can_frames__struct.h
[11.625s] -- Installing: /home/wu/Desktop/26_wuren_wuchunming/Ros2/ros2_homework_advanced_ws/install/fsd_common_msgs/include/fsd_common_msgs/fsd_common_msgs/msg/detail/cone_detections__type_support.h
[11.625s] -- Installing: /home/wu/Desktop/26_wuren_wuchunming/Ros2/ros2_homework_advanced_ws/install/fsd_common_msgs/include/fsd_common_msgs/fsd_common_msgs/msg/detail/track__type_support.h
[11.625s] -- Installing: /home/wu/Desktop/26_wuren_wuchunming/Ros2/ros2_homework_advanced_ws/install/fsd_common_msgs/include/fsd_common_msgs/fsd_common_msgs/msg/detail/cone__functions.h
[11.626s] -- Installing: /home/wu/Desktop/26_wuren_wuchunming/Ros2/ros2_homework_advanced_ws/install/fsd_common_msgs/include/fsd_common_msgs/fsd_common_msgs/msg/detail/remote_control_command__functions.c
[11.626s] -- Installing: /home/wu/Desktop/26_wuren_wuchunming/Ros2/ros2_homework_advanced_ws/install/fsd_common_msgs/include/fsd_common_msgs/fsd_common_msgs/msg/detail/map__functions.h
[11.626s] -- Installing: /home/wu/Desktop/26_wuren_wuchunming/Ros2/ros2_homework_advanced_ws/install/fsd_common_msgs/include/fsd_common_msgs/fsd_common_msgs/msg/detail/cone_detections_dbscan__functions.c
[11.626s] -- Installing: /home/wu/Desktop/26_wuren_wuchunming/Ros2/ros2_homework_advanced_ws/install/fsd_common_msgs/include/fsd_common_msgs/fsd_common_msgs/msg/detail/yolo_cone_detections__type_support.h
[11.626s] -- Installing: /home/wu/Desktop/26_wuren_wuchunming/Ros2/ros2_homework_advanced_ws/install/fsd_common_msgs/include/fsd_common_msgs/fsd_common_msgs/msg/detail/yolo_cone__struct.h
[11.626s] -- Installing: /home/wu/Desktop/26_wuren_wuchunming/Ros2/ros2_homework_advanced_ws/install/fsd_common_msgs/include/fsd_common_msgs/fsd_common_msgs/msg/detail/trajectory_point__struct.h
[11.626s] -- Installing: /home/wu/Desktop/26_wuren_wuchunming/Ros2/ros2_homework_advanced_ws/install/fsd_common_msgs/include/fsd_common_msgs/fsd_common_msgs/msg/detail/time__functions.c
[11.626s] -- Installing: /home/wu/Desktop/26_wuren_wuchunming/Ros2/ros2_homework_advanced_ws/install/fsd_common_msgs/include/fsd_common_msgs/fsd_common_msgs/msg/detail/mission__functions.c
[11.626s] -- Installing: /home/wu/Desktop/26_wuren_wuchunming/Ros2/ros2_homework_advanced_ws/install/fsd_common_msgs/include/fsd_common_msgs/fsd_common_msgs/msg/detail/res_and_ami__struct.h
[11.626s] -- Installing: /home/wu/Desktop/26_wuren_wuchunming/Ros2/ros2_homework_advanced_ws/install/fsd_common_msgs/include/fsd_common_msgs/fsd_common_msgs/msg/detail/mission__functions.h
[11.626s] -- Installing: /home/wu/Desktop/26_wuren_wuchunming/Ros2/ros2_homework_advanced_ws/install/fsd_common_msgs/include/fsd_common_msgs/fsd_common_msgs/msg/detail/decision_flag__struct.h
[11.626s] -- Installing: /home/wu/Desktop/26_wuren_wuchunming/Ros2/ros2_homework_advanced_ws/install/fsd_common_msgs/include/fsd_common_msgs/fsd_common_msgs/msg/detail/remote_control_command__type_support.h
[11.626s] -- Installing: /home/wu/Desktop/26_wuren_wuchunming/Ros2/ros2_homework_advanced_ws/install/fsd_common_msgs/include/fsd_common_msgs/fsd_common_msgs/msg/detail/yolo_cone_track__type_support.h
[11.626s] -- Installing: /home/wu/Desktop/26_wuren_wuchunming/Ros2/ros2_homework_advanced_ws/install/fsd_common_msgs/include/fsd_common_msgs/fsd_common_msgs/msg/detail/as_state__struct.h
[11.626s] -- Installing: /home/wu/Desktop/26_wuren_wuchunming/Ros2/ros2_homework_advanced_ws/install/fsd_common_msgs/include/fsd_common_msgs/fsd_common_msgs/msg/detail/cone__type_support.h
[11.626s] -- Installing: /home/wu/Desktop/26_wuren_wuchunming/Ros2/ros2_homework_advanced_ws/install/fsd_common_msgs/include/fsd_common_msgs/fsd_common_msgs/msg/detail/map__type_support.h
[11.626s] -- Installing: /home/wu/Desktop/26_wuren_wuchunming/Ros2/ros2_homework_advanced_ws/install/fsd_common_msgs/include/fsd_common_msgs/fsd_common_msgs/msg/detail/trajectory_point__functions.c
[11.626s] -- Installing: /home/wu/Desktop/26_wuren_wuchunming/Ros2/ros2_homework_advanced_ws/install/fsd_common_msgs/include/fsd_common_msgs/fsd_common_msgs/msg/detail/cone_detections_dbscan__type_support.h
[11.626s] -- Installing: /home/wu/Desktop/26_wuren_wuchunming/Ros2/ros2_homework_advanced_ws/install/fsd_common_msgs/include/fsd_common_msgs/fsd_common_msgs/msg/trajectory_point.h
[11.626s] -- Installing: /home/wu/Desktop/26_wuren_wuchunming/Ros2/ros2_homework_advanced_ws/install/fsd_common_msgs/include/fsd_common_msgs/fsd_common_msgs/msg/visualization.h
[11.627s] -- Installing: /home/wu/Desktop/26_wuren_wuchunming/Ros2/ros2_homework_advanced_ws/install/fsd_common_msgs/include/fsd_common_msgs/fsd_common_msgs/msg/decision_flag.h
[11.627s] -- Installing: /home/wu/Desktop/26_wuren_wuchunming/Ros2/ros2_homework_advanced_ws/install/fsd_common_msgs/include/fsd_common_msgs/fsd_common_msgs/msg/cone_dbscan.h
[11.627s] -- Installing: /home/wu/Desktop/26_wuren_wuchunming/Ros2/ros2_homework_advanced_ws/install/fsd_common_msgs/include/fsd_common_msgs/fsd_common_msgs/msg/mission.h
[11.627s] -- Installing: /home/wu/Desktop/26_wuren_wuchunming/Ros2/ros2_homework_advanced_ws/install/fsd_common_msgs/include/fsd_common_msgs/fsd_common_msgs/msg/yolo_cone_detections.h
[11.627s] -- Installing: /home/wu/Desktop/26_wuren_wuchunming/Ros2/ros2_homework_advanced_ws/install/fsd_common_msgs/include/fsd_common_msgs/fsd_common_msgs/msg/skidpad_global_center_line.h
[11.627s] -- Installing: /home/wu/Desktop/26_wuren_wuchunming/Ros2/ros2_homework_advanced_ws/install/fsd_common_msgs/include/fsd_common_msgs/fsd_common_msgs/msg/car_state.h
[11.627s] -- Installing: /home/wu/Desktop/26_wuren_wuchunming/Ros2/ros2_homework_advanced_ws/install/fsd_common_msgs/include/fsd_common_msgs/fsd_common_msgs/msg/cone_detections.h
[11.627s] -- Installing: /home/wu/Desktop/26_wuren_wuchunming/Ros2/ros2_homework_advanced_ws/install/fsd_common_msgs/include/fsd_common_msgs/fsd_common_msgs/msg/remote_control_command.h
[11.627s] -- Installing: /home/wu/Desktop/26_wuren_wuchunming/Ros2/ros2_homework_advanced_ws/install/fsd_common_msgs/include/fsd_common_msgs/fsd_common_msgs/msg/rosidl_generator_c__visibility_control.h
[11.627s] -- Installing: /home/wu/Desktop/26_wuren_wuchunming/Ros2/ros2_homework_advanced_ws/install/fsd_common_msgs/share/fsd_common_msgs/environment/library_path.sh
[11.627s] -- Installing: /home/wu/Desktop/26_wuren_wuchunming/Ros2/ros2_homework_advanced_ws/install/fsd_common_msgs/share/fsd_common_msgs/environment/library_path.dsv
[11.627s] -- Installing: /home/wu/Desktop/26_wuren_wuchunming/Ros2/ros2_homework_advanced_ws/install/fsd_common_msgs/lib/libfsd_common_msgs__rosidl_generator_c.so
[11.627s] -- Set runtime path of "/home/wu/Desktop/26_wuren_wuchunming/Ros2/ros2_homework_advanced_ws/install/fsd_common_msgs/lib/libfsd_common_msgs__rosidl_generator_c.so" to ""
[11.628s] -- Up-to-date: /home/wu/Desktop/26_wuren_wuchunming/Ros2/ros2_homework_advanced_ws/install/fsd_common_msgs/include/fsd_common_msgs/fsd_common_msgs
[11.628s] -- Up-to-date: /home/wu/Desktop/26_wuren_wuchunming/Ros2/ros2_homework_advanced_ws/install/fsd_common_msgs/include/fsd_common_msgs/fsd_common_msgs/msg
[11.628s] -- Installing: /home/wu/Desktop/26_wuren_wuchunming/Ros2/ros2_homework_advanced_ws/install/fsd_common_msgs/include/fsd_common_msgs/fsd_common_msgs/msg/rosidl_typesupport_fastrtps_c__visibility_control.h
[11.628s] -- Up-to-date: /home/wu/Desktop/26_wuren_wuchunming/Ros2/ros2_homework_advanced_ws/install/fsd_common_msgs/include/fsd_common_msgs/fsd_common_msgs/msg/detail
[11.628s] -- Installing: /home/wu/Desktop/26_wuren_wuchunming/Ros2/ros2_homework_advanced_ws/install/fsd_common_msgs/include/fsd_common_msgs/fsd_common_msgs/msg/detail/cone_detections__rosidl_typesupport_fastrtps_c.h
[11.628s] -- Installing: /home/wu/Desktop/26_wuren_wuchunming/Ros2/ros2_homework_advanced_ws/install/fsd_common_msgs/include/fsd_common_msgs/fsd_common_msgs/msg/detail/cone_dbscan__rosidl_typesupport_fastrtps_c.h
[11.628s] -- Installing: /home/wu/Desktop/26_wuren_wuchunming/Ros2/ros2_homework_advanced_ws/install/fsd_common_msgs/include/fsd_common_msgs/fsd_common_msgs/msg/detail/yolo_cone_detections_track__rosidl_typesupport_fastrtps_c.h
[11.628s] -- Installing: /home/wu/Desktop/26_wuren_wuchunming/Ros2/ros2_homework_advanced_ws/install/fsd_common_msgs/include/fsd_common_msgs/fsd_common_msgs/msg/detail/skidpad_global_center_line__rosidl_typesupport_fastrtps_c.h
[11.628s] -- Installing: /home/wu/Desktop/26_wuren_wuchunming/Ros2/ros2_homework_advanced_ws/install/fsd_common_msgs/include/fsd_common_msgs/fsd_common_msgs/msg/detail/asensing_message__rosidl_typesupport_fastrtps_c.h
[11.628s] -- Installing: /home/wu/Desktop/26_wuren_wuchunming/Ros2/ros2_homework_advanced_ws/install/fsd_common_msgs/include/fsd_common_msgs/fsd_common_msgs/msg/detail/track__rosidl_typesupport_fastrtps_c.h
[11.628s] -- Installing: /home/wu/Desktop/26_wuren_wuchunming/Ros2/ros2_homework_advanced_ws/install/fsd_common_msgs/include/fsd_common_msgs/fsd_common_msgs/msg/detail/yolo_cone_detections__rosidl_typesupport_fastrtps_c.h
[11.628s] -- Installing: /home/wu/Desktop/26_wuren_wuchunming/Ros2/ros2_homework_advanced_ws/install/fsd_common_msgs/include/fsd_common_msgs/fsd_common_msgs/msg/detail/mission__rosidl_typesupport_fastrtps_c.h
[11.628s] -- Installing: /home/wu/Desktop/26_wuren_wuchunming/Ros2/ros2_homework_advanced_ws/install/fsd_common_msgs/include/fsd_common_msgs/fsd_common_msgs/msg/detail/ins_delta__rosidl_typesupport_fastrtps_c.h
[11.628s] -- Installing: /home/wu/Desktop/26_wuren_wuchunming/Ros2/ros2_homework_advanced_ws/install/fsd_common_msgs/include/fsd_common_msgs/fsd_common_msgs/msg/detail/as_state__rosidl_typesupport_fastrtps_c.h
[11.628s] -- Installing: /home/wu/Desktop/26_wuren_wuchunming/Ros2/ros2_homework_advanced_ws/install/fsd_common_msgs/include/fsd_common_msgs/fsd_common_msgs/msg/detail/feedback__rosidl_typesupport_fastrtps_c.h
[11.628s] -- Installing: /home/wu/Desktop/26_wuren_wuchunming/Ros2/ros2_homework_advanced_ws/install/fsd_common_msgs/include/fsd_common_msgs/fsd_common_msgs/msg/detail/yolo_cone_track__rosidl_typesupport_fastrtps_c.h
[11.628s] -- Installing: /home/wu/Desktop/26_wuren_wuchunming/Ros2/ros2_homework_advanced_ws/install/fsd_common_msgs/include/fsd_common_msgs/fsd_common_msgs/msg/detail/car_state__rosidl_typesupport_fastrtps_c.h
[11.628s] -- Installing: /home/wu/Desktop/26_wuren_wuchunming/Ros2/ros2_homework_advanced_ws/install/fsd_common_msgs/include/fsd_common_msgs/fsd_common_msgs/msg/detail/echiev_message__rosidl_typesupport_fastrtps_c.h
[11.628s] -- Installing: /home/wu/Desktop/26_wuren_wuchunming/Ros2/ros2_homework_advanced_ws/install/fsd_common_msgs/include/fsd_common_msgs/fsd_common_msgs/msg/detail/trajectory_point__rosidl_typesupport_fastrtps_c.h
[11.628s] -- Installing: /home/wu/Desktop/26_wuren_wuchunming/Ros2/ros2_homework_advanced_ws/install/fsd_common_msgs/include/fsd_common_msgs/fsd_common_msgs/msg/detail/yolo_cone__rosidl_typesupport_fastrtps_c.h
[11.629s] -- Installing: /home/wu/Desktop/26_wuren_wuchunming/Ros2/ros2_homework_advanced_ws/install/fsd_common_msgs/include/fsd_common_msgs/fsd_common_msgs/msg/detail/control_command__rosidl_typesupport_fastrtps_c.h
[11.629s] -- Installing: /home/wu/Desktop/26_wuren_wuchunming/Ros2/ros2_homework_advanced_ws/install/fsd_common_msgs/include/fsd_common_msgs/fsd_common_msgs/msg/detail/car_state_dt__rosidl_typesupport_fastrtps_c.h
[11.629s] -- Installing: /home/wu/Desktop/26_wuren_wuchunming/Ros2/ros2_homework_advanced_ws/install/fsd_common_msgs/include/fsd_common_msgs/fsd_common_msgs/msg/detail/map__rosidl_typesupport_fastrtps_c.h
[11.629s] -- Installing: /home/wu/Desktop/26_wuren_wuchunming/Ros2/ros2_homework_advanced_ws/install/fsd_common_msgs/include/fsd_common_msgs/fsd_common_msgs/msg/detail/driving_dynamics__rosidl_typesupport_fastrtps_c.h
[11.629s] -- Installing: /home/wu/Desktop/26_wuren_wuchunming/Ros2/ros2_homework_advanced_ws/install/fsd_common_msgs/include/fsd_common_msgs/fsd_common_msgs/msg/detail/visualization__rosidl_typesupport_fastrtps_c.h
[11.629s] -- Installing: /home/wu/Desktop/26_wuren_wuchunming/Ros2/ros2_homework_advanced_ws/install/fsd_common_msgs/include/fsd_common_msgs/fsd_common_msgs/msg/detail/cone__rosidl_typesupport_fastrtps_c.h
[11.629s] -- Installing: /home/wu/Desktop/26_wuren_wuchunming/Ros2/ros2_homework_advanced_ws/install/fsd_common_msgs/include/fsd_common_msgs/fsd_common_msgs/msg/detail/cone_detections_dbscan__rosidl_typesupport_fastrtps_c.h
[11.629s] -- Installing: /home/wu/Desktop/26_wuren_wuchunming/Ros2/ros2_homework_advanced_ws/install/fsd_common_msgs/include/fsd_common_msgs/fsd_common_msgs/msg/detail/time__rosidl_typesupport_fastrtps_c.h
[11.629s] -- Installing: /home/wu/Desktop/26_wuren_wuchunming/Ros2/ros2_homework_advanced_ws/install/fsd_common_msgs/include/fsd_common_msgs/fsd_common_msgs/msg/detail/decision_flag__rosidl_typesupport_fastrtps_c.h
[11.629s] -- Installing: /home/wu/Desktop/26_wuren_wuchunming/Ros2/ros2_homework_advanced_ws/install/fsd_common_msgs/include/fsd_common_msgs/fsd_common_msgs/msg/detail/res_and_ami__rosidl_typesupport_fastrtps_c.h
[11.629s] -- Installing: /home/wu/Desktop/26_wuren_wuchunming/Ros2/ros2_homework_advanced_ws/install/fsd_common_msgs/include/fsd_common_msgs/fsd_common_msgs/msg/detail/remote_control_command__rosidl_typesupport_fastrtps_c.h
[11.629s] -- Installing: /home/wu/Desktop/26_wuren_wuchunming/Ros2/ros2_homework_advanced_ws/install/fsd_common_msgs/include/fsd_common_msgs/fsd_common_msgs/msg/detail/can_frames__rosidl_typesupport_fastrtps_c.h
[11.629s] -- Installing: /home/wu/Desktop/26_wuren_wuchunming/Ros2/ros2_homework_advanced_ws/install/fsd_common_msgs/lib/libfsd_common_msgs__rosidl_typesupport_fastrtps_c.so
[11.630s] -- Set runtime path of "/home/wu/Desktop/26_wuren_wuchunming/Ros2/ros2_homework_advanced_ws/install/fsd_common_msgs/lib/libfsd_common_msgs__rosidl_typesupport_fastrtps_c.so" to ""
[11.630s] -- Up-to-date: /home/wu/Desktop/26_wuren_wuchunming/Ros2/ros2_homework_advanced_ws/install/fsd_common_msgs/include/fsd_common_msgs/fsd_common_msgs
[11.630s] -- Up-to-date: /home/wu/Desktop/26_wuren_wuchunming/Ros2/ros2_homework_advanced_ws/install/fsd_common_msgs/include/fsd_common_msgs/fsd_common_msgs/msg
[11.630s] -- Up-to-date: /home/wu/Desktop/26_wuren_wuchunming/Ros2/ros2_homework_advanced_ws/install/fsd_common_msgs/include/fsd_common_msgs/fsd_common_msgs/msg/detail
[11.630s] -- Installing: /home/wu/Desktop/26_wuren_wuchunming/Ros2/ros2_homework_advanced_ws/install/fsd_common_msgs/include/fsd_common_msgs/fsd_common_msgs/msg/detail/time__rosidl_typesupport_introspection_c.h
[11.630s] -- Installing: /home/wu/Desktop/26_wuren_wuchunming/Ros2/ros2_homework_advanced_ws/install/fsd_common_msgs/include/fsd_common_msgs/fsd_common_msgs/msg/detail/asensing_message__type_support.c
[11.630s] -- Installing: /home/wu/Desktop/26_wuren_wuchunming/Ros2/ros2_homework_advanced_ws/install/fsd_common_msgs/include/fsd_common_msgs/fsd_common_msgs/msg/detail/control_command__type_support.c
[11.630s] -- Installing: /home/wu/Desktop/26_wuren_wuchunming/Ros2/ros2_homework_advanced_ws/install/fsd_common_msgs/include/fsd_common_msgs/fsd_common_msgs/msg/detail/mission__rosidl_typesupport_introspection_c.h
[11.630s] -- Installing: /home/wu/Desktop/26_wuren_wuchunming/Ros2/ros2_homework_advanced_ws/install/fsd_common_msgs/include/fsd_common_msgs/fsd_common_msgs/msg/detail/yolo_cone_detections__type_support.c
[11.630s] -- Installing: /home/wu/Desktop/26_wuren_wuchunming/Ros2/ros2_homework_advanced_ws/install/fsd_common_msgs/include/fsd_common_msgs/fsd_common_msgs/msg/detail/ins_delta__type_support.c
[11.630s] -- Installing: /home/wu/Desktop/26_wuren_wuchunming/Ros2/ros2_homework_advanced_ws/install/fsd_common_msgs/include/fsd_common_msgs/fsd_common_msgs/msg/detail/skidpad_global_center_line__rosidl_typesupport_introspection_c.h
[11.630s] -- Installing: /home/wu/Desktop/26_wuren_wuchunming/Ros2/ros2_homework_advanced_ws/install/fsd_common_msgs/include/fsd_common_msgs/fsd_common_msgs/msg/detail/control_command__rosidl_typesupport_introspection_c.h
[11.630s] -- Installing: /home/wu/Desktop/26_wuren_wuchunming/Ros2/ros2_homework_advanced_ws/install/fsd_common_msgs/include/fsd_common_msgs/fsd_common_msgs/msg/detail/mission__type_support.c
[11.630s] -- Installing: /home/wu/Desktop/26_wuren_wuchunming/Ros2/ros2_homework_advanced_ws/install/fsd_common_msgs/include/fsd_common_msgs/fsd_common_msgs/msg/detail/echiev_message__rosidl_typesupport_introspection_c.h
[11.630s] -- Installing: /home/wu/Desktop/26_wuren_wuchunming/Ros2/ros2_homework_advanced_ws/install/fsd_common_msgs/include/fsd_common_msgs/fsd_common_msgs/msg/detail/car_state__rosidl_typesupport_introspection_c.h
[11.630s] -- Installing: /home/wu/Desktop/26_wuren_wuchunming/Ros2/ros2_homework_advanced_ws/install/fsd_common_msgs/include/fsd_common_msgs/fsd_common_msgs/msg/detail/decision_flag__rosidl_typesupport_introspection_c.h
[11.630s] -- Installing: /home/wu/Desktop/26_wuren_wuchunming/Ros2/ros2_homework_advanced_ws/install/fsd_common_msgs/include/fsd_common_msgs/fsd_common_msgs/msg/detail/skidpad_global_center_line__type_support.c
[11.630s] -- Installing: /home/wu/Desktop/26_wuren_wuchunming/Ros2/ros2_homework_advanced_ws/install/fsd_common_msgs/include/fsd_common_msgs/fsd_common_msgs/msg/detail/decision_flag__type_support.c
[11.630s] -- Installing: /home/wu/Desktop/26_wuren_wuchunming/Ros2/ros2_homework_advanced_ws/install/fsd_common_msgs/include/fsd_common_msgs/fsd_common_msgs/msg/detail/feedback__type_support.c
[11.630s] -- Installing: /home/wu/Desktop/26_wuren_wuchunming/Ros2/ros2_homework_advanced_ws/install/fsd_common_msgs/include/fsd_common_msgs/fsd_common_msgs/msg/detail/feedback__rosidl_typesupport_introspection_c.h
[11.630s] -- Installing: /home/wu/Desktop/26_wuren_wuchunming/Ros2/ros2_homework_advanced_ws/install/fsd_common_msgs/include/fsd_common_msgs/fsd_common_msgs/msg/detail/trajectory_point__type_support.c
[11.630s] -- Installing: /home/wu/Desktop/26_wuren_wuchunming/Ros2/ros2_homework_advanced_ws/install/fsd_common_msgs/include/fsd_common_msgs/fsd_common_msgs/msg/detail/remote_control_command__type_support.c
[11.630s] -- Installing: /home/wu/Desktop/26_wuren_wuchunming/Ros2/ros2_homework_advanced_ws/install/fsd_common_msgs/include/fsd_common_msgs/fsd_common_msgs/msg/detail/as_state__type_support.c
[11.631s] -- Installing: /home/wu/Desktop/26_wuren_wuchunming/Ros2/ros2_homework_advanced_ws/install/fsd_common_msgs/include/fsd_common_msgs/fsd_common_msgs/msg/detail/res_and_ami__rosidl_typesupport_introspection_c.h
[11.631s] -- Installing: /home/wu/Desktop/26_wuren_wuchunming/Ros2/ros2_homework_advanced_ws/install/fsd_common_msgs/include/fsd_common_msgs/fsd_common_msgs/msg/detail/yolo_cone_track__rosidl_typesupport_introspection_c.h
[11.631s] -- Installing: /home/wu/Desktop/26_wuren_wuchunming/Ros2/ros2_homework_advanced_ws/install/fsd_common_msgs/include/fsd_common_msgs/fsd_common_msgs/msg/detail/cone__rosidl_typesupport_introspection_c.h
[11.631s] -- Installing: /home/wu/Desktop/26_wuren_wuchunming/Ros2/ros2_homework_advanced_ws/install/fsd_common_msgs/include/fsd_common_msgs/fsd_common_msgs/msg/detail/yolo_cone_detections_track__rosidl_typesupport_introspection_c.h
[11.631s] -- Installing: /home/wu/Desktop/26_wuren_wuchunming/Ros2/ros2_homework_advanced_ws/install/fsd_common_msgs/include/fsd_common_msgs/fsd_common_msgs/msg/detail/car_state__type_support.c
[11.631s] -- Installing: /home/wu/Desktop/26_wuren_wuchunming/Ros2/ros2_homework_advanced_ws/install/fsd_common_msgs/include/fsd_common_msgs/fsd_common_msgs/msg/detail/map__type_support.c
[11.631s] -- Installing: /home/wu/Desktop/26_wuren_wuchunming/Ros2/ros2_homework_advanced_ws/install/fsd_common_msgs/include/fsd_common_msgs/fsd_common_msgs/msg/detail/driving_dynamics__rosidl_typesupport_introspection_c.h
[11.631s] -- Installing: /home/wu/Desktop/26_wuren_wuchunming/Ros2/ros2_homework_advanced_ws/install/fsd_common_msgs/include/fsd_common_msgs/fsd_common_msgs/msg/detail/cone_dbscan__rosidl_typesupport_introspection_c.h
[11.631s] -- Installing: /home/wu/Desktop/26_wuren_wuchunming/Ros2/ros2_homework_advanced_ws/install/fsd_common_msgs/include/fsd_common_msgs/fsd_common_msgs/msg/detail/ins_delta__rosidl_typesupport_introspection_c.h
[11.631s] -- Installing: /home/wu/Desktop/26_wuren_wuchunming/Ros2/ros2_homework_advanced_ws/install/fsd_common_msgs/include/fsd_common_msgs/fsd_common_msgs/msg/detail/visualization__type_support.c
[11.631s] -- Installing: /home/wu/Desktop/26_wuren_wuchunming/Ros2/ros2_homework_advanced_ws/install/fsd_common_msgs/include/fsd_common_msgs/fsd_common_msgs/msg/detail/yolo_cone_track__type_support.c
[11.631s] -- Installing: /home/wu/Desktop/26_wuren_wuchunming/Ros2/ros2_homework_advanced_ws/install/fsd_common_msgs/include/fsd_common_msgs/fsd_common_msgs/msg/detail/cone_detections__type_support.c
[11.631s] -- Installing: /home/wu/Desktop/26_wuren_wuchunming/Ros2/ros2_homework_advanced_ws/install/fsd_common_msgs/include/fsd_common_msgs/fsd_common_msgs/msg/detail/remote_control_command__rosidl_typesupport_introspection_c.h
[11.631s] -- Installing: /home/wu/Desktop/26_wuren_wuchunming/Ros2/ros2_homework_advanced_ws/install/fsd_common_msgs/include/fsd_common_msgs/fsd_common_msgs/msg/detail/driving_dynamics__type_support.c
[11.631s] -- Installing: /home/wu/Desktop/26_wuren_wuchunming/Ros2/ros2_homework_advanced_ws/install/fsd_common_msgs/include/fsd_common_msgs/fsd_common_msgs/msg/detail/map__rosidl_typesupport_introspection_c.h
[11.631s] -- Installing: /home/wu/Desktop/26_wuren_wuchunming/Ros2/ros2_homework_advanced_ws/install/fsd_common_msgs/include/fsd_common_msgs/fsd_common_msgs/msg/detail/car_state_dt__type_support.c
[11.631s] -- Installing: /home/wu/Desktop/26_wuren_wuchunming/Ros2/ros2_homework_advanced_ws/install/fsd_common_msgs/include/fsd_common_msgs/fsd_common_msgs/msg/detail/can_frames__rosidl_typesupport_introspection_c.h
[11.631s] -- Installing: /home/wu/Desktop/26_wuren_wuchunming/Ros2/ros2_homework_advanced_ws/install/fsd_common_msgs/include/fsd_common_msgs/fsd_common_msgs/msg/detail/time__type_support.c
[11.631s] -- Installing: /home/wu/Desktop/26_wuren_wuchunming/Ros2/ros2_homework_advanced_ws/install/fsd_common_msgs/include/fsd_common_msgs/fsd_common_msgs/msg/detail/yolo_cone_detections__rosidl_typesupport_introspection_c.h
[11.632s] -- Installing: /home/wu/Desktop/26_wuren_wuchunming/Ros2/ros2_homework_advanced_ws/install/fsd_common_msgs/include/fsd_common_msgs/fsd_common_msgs/msg/detail/car_state_dt__rosidl_typesupport_introspection_c.h
[11.632s] -- Installing: /home/wu/Desktop/26_wuren_wuchunming/Ros2/ros2_homework_advanced_ws/install/fsd_common_msgs/include/fsd_common_msgs/fsd_common_msgs/msg/detail/res_and_ami__type_support.c
[11.632s] -- Installing: /home/wu/Desktop/26_wuren_wuchunming/Ros2/ros2_homework_advanced_ws/install/fsd_common_msgs/include/fsd_common_msgs/fsd_common_msgs/msg/detail/echiev_message__type_support.c
[11.632s] -- Installing: /home/wu/Desktop/26_wuren_wuchunming/Ros2/ros2_homework_advanced_ws/install/fsd_common_msgs/include/fsd_common_msgs/fsd_common_msgs/msg/detail/cone_detections_dbscan__type_support.c
[11.632s] -- Installing: /home/wu/Desktop/26_wuren_wuchunming/Ros2/ros2_homework_advanced_ws/install/fsd_common_msgs/include/fsd_common_msgs/fsd_common_msgs/msg/detail/asensing_message__rosidl_typesupport_introspection_c.h
[11.632s] -- Installing: /home/wu/Desktop/26_wuren_wuchunming/Ros2/ros2_homework_advanced_ws/install/fsd_common_msgs/include/fsd_common_msgs/fsd_common_msgs/msg/detail/visualization__rosidl_typesupport_introspection_c.h
[11.632s] -- Installing: /home/wu/Desktop/26_wuren_wuchunming/Ros2/ros2_homework_advanced_ws/install/fsd_common_msgs/include/fsd_common_msgs/fsd_common_msgs/msg/detail/can_frames__type_support.c
[11.632s] -- Installing: /home/wu/Desktop/26_wuren_wuchunming/Ros2/ros2_homework_advanced_ws/install/fsd_common_msgs/include/fsd_common_msgs/fsd_common_msgs/msg/detail/yolo_cone_detections_track__type_support.c
[11.632s] -- Installing: /home/wu/Desktop/26_wuren_wuchunming/Ros2/ros2_homework_advanced_ws/install/fsd_common_msgs/include/fsd_common_msgs/fsd_common_msgs/msg/detail/as_state__rosidl_typesupport_introspection_c.h
[11.632s] -- Installing: /home/wu/Desktop/26_wuren_wuchunming/Ros2/ros2_homework_advanced_ws/install/fsd_common_msgs/include/fsd_common_msgs/fsd_common_msgs/msg/detail/yolo_cone__rosidl_typesupport_introspection_c.h
[11.632s] -- Installing: /home/wu/Desktop/26_wuren_wuchunming/Ros2/ros2_homework_advanced_ws/install/fsd_common_msgs/include/fsd_common_msgs/fsd_common_msgs/msg/detail/cone_detections__rosidl_typesupport_introspection_c.h
[11.632s] -- Installing: /home/wu/Desktop/26_wuren_wuchunming/Ros2/ros2_homework_advanced_ws/install/fsd_common_msgs/include/fsd_common_msgs/fsd_common_msgs/msg/detail/cone_detections_dbscan__rosidl_typesupport_introspection_c.h
[11.632s] -- Installing: /home/wu/Desktop/26_wuren_wuchunming/Ros2/ros2_homework_advanced_ws/install/fsd_common_msgs/include/fsd_common_msgs/fsd_common_msgs/msg/detail/cone_dbscan__type_support.c
[11.632s] -- Installing: /home/wu/Desktop/26_wuren_wuchunming/Ros2/ros2_homework_advanced_ws/install/fsd_common_msgs/include/fsd_common_msgs/fsd_common_msgs/msg/detail/trajectory_point__rosidl_typesupport_introspection_c.h
[11.632s] -- Installing: /home/wu/Desktop/26_wuren_wuchunming/Ros2/ros2_homework_advanced_ws/install/fsd_common_msgs/include/fsd_common_msgs/fsd_common_msgs/msg/detail/yolo_cone__type_support.c
[11.632s] -- Installing: /home/wu/Desktop/26_wuren_wuchunming/Ros2/ros2_homework_advanced_ws/install/fsd_common_msgs/include/fsd_common_msgs/fsd_common_msgs/msg/detail/track__type_support.c
[11.633s] -- Installing: /home/wu/Desktop/26_wuren_wuchunming/Ros2/ros2_homework_advanced_ws/install/fsd_common_msgs/include/fsd_common_msgs/fsd_common_msgs/msg/detail/track__rosidl_typesupport_introspection_c.h
[11.633s] -- Installing: /home/wu/Desktop/26_wuren_wuchunming/Ros2/ros2_homework_advanced_ws/install/fsd_common_msgs/include/fsd_common_msgs/fsd_common_msgs/msg/detail/cone__type_support.c
[11.633s] -- Installing: /home/wu/Desktop/26_wuren_wuchunming/Ros2/ros2_homework_advanced_ws/install/fsd_common_msgs/include/fsd_common_msgs/fsd_common_msgs/msg/rosidl_typesupport_introspection_c__visibility_control.h
[11.633s] -- Installing: /home/wu/Desktop/26_wuren_wuchunming/Ros2/ros2_homework_advanced_ws/install/fsd_common_msgs/lib/libfsd_common_msgs__rosidl_typesupport_introspection_c.so
[11.633s] -- Set runtime path of "/home/wu/Desktop/26_wuren_wuchunming/Ros2/ros2_homework_advanced_ws/install/fsd_common_msgs/lib/libfsd_common_msgs__rosidl_typesupport_introspection_c.so" to ""
[11.633s] -- Installing: /home/wu/Desktop/26_wuren_wuchunming/Ros2/ros2_homework_advanced_ws/install/fsd_common_msgs/lib/libfsd_common_msgs__rosidl_typesupport_c.so
[11.633s] -- Set runtime path of "/home/wu/Desktop/26_wuren_wuchunming/Ros2/ros2_homework_advanced_ws/install/fsd_common_msgs/lib/libfsd_common_msgs__rosidl_typesupport_c.so" to ""
[11.633s] -- Up-to-date: /home/wu/Desktop/26_wuren_wuchunming/Ros2/ros2_homework_advanced_ws/install/fsd_common_msgs/include/fsd_common_msgs/fsd_common_msgs
[11.633s] -- Up-to-date: /home/wu/Desktop/26_wuren_wuchunming/Ros2/ros2_homework_advanced_ws/install/fsd_common_msgs/include/fsd_common_msgs/fsd_common_msgs/msg
[11.633s] -- Installing: /home/wu/Desktop/26_wuren_wuchunming/Ros2/ros2_homework_advanced_ws/install/fsd_common_msgs/include/fsd_common_msgs/fsd_common_msgs/msg/cone.hpp
[11.633s] -- Installing: /home/wu/Desktop/26_wuren_wuchunming/Ros2/ros2_homework_advanced_ws/install/fsd_common_msgs/include/fsd_common_msgs/fsd_common_msgs/msg/yolo_cone_track.hpp
[11.633s] -- Installing: /home/wu/Desktop/26_wuren_wuchunming/Ros2/ros2_homework_advanced_ws/install/fsd_common_msgs/include/fsd_common_msgs/fsd_common_msgs/msg/cone_dbscan.hpp
[11.633s] -- Installing: /home/wu/Desktop/26_wuren_wuchunming/Ros2/ros2_homework_advanced_ws/install/fsd_common_msgs/include/fsd_common_msgs/fsd_common_msgs/msg/driving_dynamics.hpp
[11.634s] -- Installing: /home/wu/Desktop/26_wuren_wuchunming/Ros2/ros2_homework_advanced_ws/install/fsd_common_msgs/include/fsd_common_msgs/fsd_common_msgs/msg/echiev_message.hpp
[11.634s] -- Installing: /home/wu/Desktop/26_wuren_wuchunming/Ros2/ros2_homework_advanced_ws/install/fsd_common_msgs/include/fsd_common_msgs/fsd_common_msgs/msg/trajectory_point.hpp
[11.634s] -- Installing: /home/wu/Desktop/26_wuren_wuchunming/Ros2/ros2_homework_advanced_ws/install/fsd_common_msgs/include/fsd_common_msgs/fsd_common_msgs/msg/visualization.hpp
[11.634s] -- Installing: /home/wu/Desktop/26_wuren_wuchunming/Ros2/ros2_homework_advanced_ws/install/fsd_common_msgs/include/fsd_common_msgs/fsd_common_msgs/msg/yolo_cone_detections_track.hpp
[11.634s] -- Installing: /home/wu/Desktop/26_wuren_wuchunming/Ros2/ros2_homework_advanced_ws/install/fsd_common_msgs/include/fsd_common_msgs/fsd_common_msgs/msg/time.hpp
[11.634s] -- Installing: /home/wu/Desktop/26_wuren_wuchunming/Ros2/ros2_homework_advanced_ws/install/fsd_common_msgs/include/fsd_common_msgs/fsd_common_msgs/msg/control_command.hpp
[11.634s] -- Installing: /home/wu/Desktop/26_wuren_wuchunming/Ros2/ros2_homework_advanced_ws/install/fsd_common_msgs/include/fsd_common_msgs/fsd_common_msgs/msg/track.hpp
[11.634s] -- Installing: /home/wu/Desktop/26_wuren_wuchunming/Ros2/ros2_homework_advanced_ws/install/fsd_common_msgs/include/fsd_common_msgs/fsd_common_msgs/msg/cone_detections_dbscan.hpp
[11.634s] -- Installing: /home/wu/Desktop/26_wuren_wuchunming/Ros2/ros2_homework_advanced_ws/install/fsd_common_msgs/include/fsd_common_msgs/fsd_common_msgs/msg/can_frames.hpp
[11.634s] -- Installing: /home/wu/Desktop/26_wuren_wuchunming/Ros2/ros2_homework_advanced_ws/install/fsd_common_msgs/include/fsd_common_msgs/fsd_common_msgs/msg/as_state.hpp
[11.634s] -- Installing: /home/wu/Desktop/26_wuren_wuchunming/Ros2/ros2_homework_advanced_ws/install/fsd_common_msgs/include/fsd_common_msgs/fsd_common_msgs/msg/res_and_ami.hpp
[11.634s] -- Installing: /home/wu/Desktop/26_wuren_wuchunming/Ros2/ros2_homework_advanced_ws/install/fsd_common_msgs/include/fsd_common_msgs/fsd_common_msgs/msg/remote_control_command.hpp
[11.634s] -- Installing: /home/wu/Desktop/26_wuren_wuchunming/Ros2/ros2_homework_advanced_ws/install/fsd_common_msgs/include/fsd_common_msgs/fsd_common_msgs/msg/ins_delta.hpp
[11.634s] -- Installing: /home/wu/Desktop/26_wuren_wuchunming/Ros2/ros2_homework_advanced_ws/install/fsd_common_msgs/include/fsd_common_msgs/fsd_common_msgs/msg/decision_flag.hpp
[11.634s] -- Installing: /home/wu/Desktop/26_wuren_wuchunming/Ros2/ros2_homework_advanced_ws/install/fsd_common_msgs/include/fsd_common_msgs/fsd_common_msgs/msg/skidpad_global_center_line.hpp
[11.634s] -- Installing: /home/wu/Desktop/26_wuren_wuchunming/Ros2/ros2_homework_advanced_ws/install/fsd_common_msgs/include/fsd_common_msgs/fsd_common_msgs/msg/car_state_dt.hpp
[11.634s] -- Up-to-date: /home/wu/Desktop/26_wuren_wuchunming/Ros2/ros2_homework_advanced_ws/install/fsd_common_msgs/include/fsd_common_msgs/fsd_common_msgs/msg/detail
[11.635s] -- Installing: /home/wu/Desktop/26_wuren_wuchunming/Ros2/ros2_homework_advanced_ws/install/fsd_common_msgs/include/fsd_common_msgs/fsd_common_msgs/msg/detail/car_state_dt__traits.hpp
[11.635s] -- Installing: /home/wu/Desktop/26_wuren_wuchunming/Ros2/ros2_homework_advanced_ws/install/fsd_common_msgs/include/fsd_common_msgs/fsd_common_msgs/msg/detail/yolo_cone_track__traits.hpp
[11.635s] -- Installing: /home/wu/Desktop/26_wuren_wuchunming/Ros2/ros2_homework_advanced_ws/install/fsd_common_msgs/include/fsd_common_msgs/fsd_common_msgs/msg/detail/res_and_ami__struct.hpp
[11.635s] -- Installing: /home/wu/Desktop/26_wuren_wuchunming/Ros2/ros2_homework_advanced_ws/install/fsd_common_msgs/include/fsd_common_msgs/fsd_common_msgs/msg/detail/cone__builder.hpp
[11.635s] -- Installing: /home/wu/Desktop/26_wuren_wuchunming/Ros2/ros2_homework_advanced_ws/install/fsd_common_msgs/include/fsd_common_msgs/fsd_common_msgs/msg/detail/cone_detections__builder.hpp
[11.635s] -- Installing: /home/wu/Desktop/26_wuren_wuchunming/Ros2/ros2_homework_advanced_ws/install/fsd_common_msgs/include/fsd_common_msgs/fsd_common_msgs/msg/detail/ins_delta__type_support.hpp
[11.635s] -- Installing: /home/wu/Desktop/26_wuren_wuchunming/Ros2/ros2_homework_advanced_ws/install/fsd_common_msgs/include/fsd_common_msgs/fsd_common_msgs/msg/detail/yolo_cone_detections__builder.hpp
[11.635s] -- Installing: /home/wu/Desktop/26_wuren_wuchunming/Ros2/ros2_homework_advanced_ws/install/fsd_common_msgs/include/fsd_common_msgs/fsd_common_msgs/msg/detail/asensing_message__traits.hpp
[11.635s] -- Installing: /home/wu/Desktop/26_wuren_wuchunming/Ros2/ros2_homework_advanced_ws/install/fsd_common_msgs/include/fsd_common_msgs/fsd_common_msgs/msg/detail/trajectory_point__struct.hpp
[11.635s] -- Installing: /home/wu/Desktop/26_wuren_wuchunming/Ros2/ros2_homework_advanced_ws/install/fsd_common_msgs/include/fsd_common_msgs/fsd_common_msgs/msg/detail/cone__traits.hpp
[11.635s] -- Installing: /home/wu/Desktop/26_wuren_wuchunming/Ros2/ros2_homework_advanced_ws/install/fsd_common_msgs/include/fsd_common_msgs/fsd_common_msgs/msg/detail/skidpad_global_center_line__builder.hpp
[11.635s] -- Installing: /home/wu/Desktop/26_wuren_wuchunming/Ros2/ros2_homework_advanced_ws/install/fsd_common_msgs/include/fsd_common_msgs/fsd_common_msgs/msg/detail/visualization__builder.hpp
[11.635s] -- Installing: /home/wu/Desktop/26_wuren_wuchunming/Ros2/ros2_homework_advanced_ws/install/fsd_common_msgs/include/fsd_common_msgs/fsd_common_msgs/msg/detail/echiev_message__traits.hpp
[11.635s] -- Installing: /home/wu/Desktop/26_wuren_wuchunming/Ros2/ros2_homework_advanced_ws/install/fsd_common_msgs/include/fsd_common_msgs/fsd_common_msgs/msg/detail/yolo_cone_detections__struct.hpp
[11.635s] -- Installing: /home/wu/Desktop/26_wuren_wuchunming/Ros2/ros2_homework_advanced_ws/install/fsd_common_msgs/include/fsd_common_msgs/fsd_common_msgs/msg/detail/control_command__builder.hpp
[11.635s] -- Installing: /home/wu/Desktop/26_wuren_wuchunming/Ros2/ros2_homework_advanced_ws/install/fsd_common_msgs/include/fsd_common_msgs/fsd_common_msgs/msg/detail/yolo_cone__traits.hpp
[11.635s] -- Installing: /home/wu/Desktop/26_wuren_wuchunming/Ros2/ros2_homework_advanced_ws/install/fsd_common_msgs/include/fsd_common_msgs/fsd_common_msgs/msg/detail/visualization__type_support.hpp
[11.635s] -- Installing: /home/wu/Desktop/26_wuren_wuchunming/Ros2/ros2_homework_advanced_ws/install/fsd_common_msgs/include/fsd_common_msgs/fsd_common_msgs/msg/detail/res_and_ami__traits.hpp
[11.635s] -- Installing: /home/wu/Desktop/26_wuren_wuchunming/Ros2/ros2_homework_advanced_ws/install/fsd_common_msgs/include/fsd_common_msgs/fsd_common_msgs/msg/detail/decision_flag__struct.hpp
[11.635s] -- Installing: /home/wu/Desktop/26_wuren_wuchunming/Ros2/ros2_homework_advanced_ws/install/fsd_common_msgs/include/fsd_common_msgs/fsd_common_msgs/msg/detail/car_state_dt__builder.hpp
[11.636s] -- Installing: /home/wu/Desktop/26_wuren_wuchunming/Ros2/ros2_homework_advanced_ws/install/fsd_common_msgs/include/fsd_common_msgs/fsd_common_msgs/msg/detail/yolo_cone_track__builder.hpp
[11.636s] -- Installing: /home/wu/Desktop/26_wuren_wuchunming/Ros2/ros2_homework_advanced_ws/install/fsd_common_msgs/include/fsd_common_msgs/fsd_common_msgs/msg/detail/can_frames__traits.hpp
[11.636s] -- Installing: /home/wu/Desktop/26_wuren_wuchunming/Ros2/ros2_homework_advanced_ws/install/fsd_common_msgs/include/fsd_common_msgs/fsd_common_msgs/msg/detail/decision_flag__builder.hpp
[11.636s] -- Installing: /home/wu/Desktop/26_wuren_wuchunming/Ros2/ros2_homework_advanced_ws/install/fsd_common_msgs/include/fsd_common_msgs/fsd_common_msgs/msg/detail/yolo_cone__struct.hpp
[11.636s] -- Installing: /home/wu/Desktop/26_wuren_wuchunming/Ros2/ros2_homework_advanced_ws/install/fsd_common_msgs/include/fsd_common_msgs/fsd_common_msgs/msg/detail/cone_detections__struct.hpp
[11.636s] -- Installing: /home/wu/Desktop/26_wuren_wuchunming/Ros2/ros2_homework_advanced_ws/install/fsd_common_msgs/include/fsd_common_msgs/fsd_common_msgs/msg/detail/skidpad_global_center_line__traits.hpp
[11.636s] -- Installing: /home/wu/Desktop/26_wuren_wuchunming/Ros2/ros2_homework_advanced_ws/install/fsd_common_msgs/include/fsd_common_msgs/fsd_common_msgs/msg/detail/cone_detections__type_support.hpp
[11.636s] -- Installing: /home/wu/Desktop/26_wuren_wuchunming/Ros2/ros2_homework_advanced_ws/install/fsd_common_msgs/include/fsd_common_msgs/fsd_common_msgs/msg/detail/trajectory_point__traits.hpp
[11.636s] -- Installing: /home/wu/Desktop/26_wuren_wuchunming/Ros2/ros2_homework_advanced_ws/install/fsd_common_msgs/include/fsd_common_msgs/fsd_common_msgs/msg/detail/car_state_dt__struct.hpp
[11.636s] -- Installing: /home/wu/Desktop/26_wuren_wuchunming/Ros2/ros2_homework_advanced_ws/install/fsd_common_msgs/include/fsd_common_msgs/fsd_common_msgs/msg/detail/time__struct.hpp
[11.636s] -- Installing: /home/wu/Desktop/26_wuren_wuchunming/Ros2/ros2_homework_advanced_ws/install/fsd_common_msgs/include/fsd_common_msgs/fsd_common_msgs/msg/detail/remote_control_command__type_support.hpp
[11.636s] -- Installing: /home/wu/Desktop/26_wuren_wuchunming/Ros2/ros2_homework_advanced_ws/install/fsd_common_msgs/include/fsd_common_msgs/fsd_common_msgs/msg/detail/car_state__builder.hpp
[11.636s] -- Installing: /home/wu/Desktop/26_wuren_wuchunming/Ros2/ros2_homework_advanced_ws/install/fsd_common_msgs/include/fsd_common_msgs/fsd_common_msgs/msg/detail/ins_delta__builder.hpp
[11.636s] -- Installing: /home/wu/Desktop/26_wuren_wuchunming/Ros2/ros2_homework_advanced_ws/install/fsd_common_msgs/include/fsd_common_msgs/fsd_common_msgs/msg/detail/yolo_cone__type_support.hpp
[11.636s] -- Installing: /home/wu/Desktop/26_wuren_wuchunming/Ros2/ros2_homework_advanced_ws/install/fsd_common_msgs/include/fsd_common_msgs/fsd_common_msgs/msg/detail/track__type_support.hpp
[11.636s] -- Installing: /home/wu/Desktop/26_wuren_wuchunming/Ros2/ros2_homework_advanced_ws/install/fsd_common_msgs/include/fsd_common_msgs/fsd_common_msgs/msg/detail/cone_detections_dbscan__traits.hpp
[11.636s] -- Installing: /home/wu/Desktop/26_wuren_wuchunming/Ros2/ros2_homework_advanced_ws/install/fsd_common_msgs/include/fsd_common_msgs/fsd_common_msgs/msg/detail/res_and_ami__type_support.hpp
[11.636s] -- Installing: /home/wu/Desktop/26_wuren_wuchunming/Ros2/ros2_homework_advanced_ws/install/fsd_common_msgs/include/fsd_common_msgs/fsd_common_msgs/msg/detail/yolo_cone_detections__traits.hpp
[11.636s] -- Installing: /home/wu/Desktop/26_wuren_wuchunming/Ros2/ros2_homework_advanced_ws/install/fsd_common_msgs/include/fsd_common_msgs/fsd_common_msgs/msg/detail/track__struct.hpp
[11.636s] -- Installing: /home/wu/Desktop/26_wuren_wuchunming/Ros2/ros2_homework_advanced_ws/install/fsd_common_msgs/include/fsd_common_msgs/fsd_common_msgs/msg/detail/yolo_cone__builder.hpp
[11.637s] -- Installing: /home/wu/Desktop/26_wuren_wuchunming/Ros2/ros2_homework_advanced_ws/install/fsd_common_msgs/include/fsd_common_msgs/fsd_common_msgs/msg/detail/car_state__type_support.hpp
[11.637s] -- Installing: /home/wu/Desktop/26_wuren_wuchunming/Ros2/ros2_homework_advanced_ws/install/fsd_common_msgs/include/fsd_common_msgs/fsd_common_msgs/msg/detail/yolo_cone_detections_track__type_support.hpp
[11.637s] -- Installing: /home/wu/Desktop/26_wuren_wuchunming/Ros2/ros2_homework_advanced_ws/install/fsd_common_msgs/include/fsd_common_msgs/fsd_common_msgs/msg/detail/map__builder.hpp
[11.637s] -- Installing: /home/wu/Desktop/26_wuren_wuchunming/Ros2/ros2_homework_advanced_ws/install/fsd_common_msgs/include/fsd_common_msgs/fsd_common_msgs/msg/detail/car_state__struct.hpp
[11.637s] -- Installing: /home/wu/Desktop/26_wuren_wuchunming/Ros2/ros2_homework_advanced_ws/install/fsd_common_msgs/include/fsd_common_msgs/fsd_common_msgs/msg/detail/cone__type_support.hpp
[11.637s] -- Installing: /home/wu/Desktop/26_wuren_wuchunming/Ros2/ros2_homework_advanced_ws/install/fsd_common_msgs/include/fsd_common_msgs/fsd_common_msgs/msg/detail/echiev_message__struct.hpp
[11.637s] -- Installing: /home/wu/Desktop/26_wuren_wuchunming/Ros2/ros2_homework_advanced_ws/install/fsd_common_msgs/include/fsd_common_msgs/fsd_common_msgs/msg/detail/can_frames__type_support.hpp
[11.637s] -- Installing: /home/wu/Desktop/26_wuren_wuchunming/Ros2/ros2_homework_advanced_ws/install/fsd_common_msgs/include/fsd_common_msgs/fsd_common_msgs/msg/detail/yolo_cone_track__type_support.hpp
[11.637s] -- Installing: /home/wu/Desktop/26_wuren_wuchunming/Ros2/ros2_homework_advanced_ws/install/fsd_common_msgs/include/fsd_common_msgs/fsd_common_msgs/msg/detail/track__builder.hpp
[11.637s] -- Installing: /home/wu/Desktop/26_wuren_wuchunming/Ros2/ros2_homework_advanced_ws/install/fsd_common_msgs/include/fsd_common_msgs/fsd_common_msgs/msg/detail/driving_dynamics__builder.hpp
[11.637s] -- Installing: /home/wu/Desktop/26_wuren_wuchunming/Ros2/ros2_homework_advanced_ws/install/fsd_common_msgs/include/fsd_common_msgs/fsd_common_msgs/msg/detail/mission__struct.hpp
[11.637s] -- Installing: /home/wu/Desktop/26_wuren_wuchunming/Ros2/ros2_homework_advanced_ws/install/fsd_common_msgs/include/fsd_common_msgs/fsd_common_msgs/msg/detail/cone__struct.hpp
[11.637s] -- Installing: /home/wu/Desktop/26_wuren_wuchunming/Ros2/ros2_homework_advanced_ws/install/fsd_common_msgs/include/fsd_common_msgs/fsd_common_msgs/msg/detail/cone_detections_dbscan__struct.hpp
[11.637s] -- Installing: /home/wu/Desktop/26_wuren_wuchunming/Ros2/ros2_homework_advanced_ws/install/fsd_common_msgs/include/fsd_common_msgs/fsd_common_msgs/msg/detail/time__type_support.hpp
[11.637s] -- Installing: /home/wu/Desktop/26_wuren_wuchunming/Ros2/ros2_homework_advanced_ws/install/fsd_common_msgs/include/fsd_common_msgs/fsd_common_msgs/msg/detail/control_command__traits.hpp
[11.637s] -- Installing: /home/wu/Desktop/26_wuren_wuchunming/Ros2/ros2_homework_advanced_ws/install/fsd_common_msgs/include/fsd_common_msgs/fsd_common_msgs/msg/detail/mission__type_support.hpp
[11.637s] -- Installing: /home/wu/Desktop/26_wuren_wuchunming/Ros2/ros2_homework_advanced_ws/install/fsd_common_msgs/include/fsd_common_msgs/fsd_common_msgs/msg/detail/driving_dynamics__traits.hpp
[11.637s] -- Installing: /home/wu/Desktop/26_wuren_wuchunming/Ros2/ros2_homework_advanced_ws/install/fsd_common_msgs/include/fsd_common_msgs/fsd_common_msgs/msg/detail/decision_flag__type_support.hpp
[11.637s] -- Installing: /home/wu/Desktop/26_wuren_wuchunming/Ros2/ros2_homework_advanced_ws/install/fsd_common_msgs/include/fsd_common_msgs/fsd_common_msgs/msg/detail/map__type_support.hpp
[11.637s] -- Installing: /home/wu/Desktop/26_wuren_wuchunming/Ros2/ros2_homework_advanced_ws/install/fsd_common_msgs/include/fsd_common_msgs/fsd_common_msgs/msg/detail/cone_dbscan__builder.hpp
[11.637s] -- Installing: /home/wu/Desktop/26_wuren_wuchunming/Ros2/ros2_homework_advanced_ws/install/fsd_common_msgs/include/fsd_common_msgs/fsd_common_msgs/msg/detail/skidpad_global_center_line__type_support.hpp
[11.638s] -- Installing: /home/wu/Desktop/26_wuren_wuchunming/Ros2/ros2_homework_advanced_ws/install/fsd_common_msgs/include/fsd_common_msgs/fsd_common_msgs/msg/detail/driving_dynamics__struct.hpp
[11.638s] -- Installing: /home/wu/Desktop/26_wuren_wuchunming/Ros2/ros2_homework_advanced_ws/install/fsd_common_msgs/include/fsd_common_msgs/fsd_common_msgs/msg/detail/cone_dbscan__struct.hpp
[11.638s] -- Installing: /home/wu/Desktop/26_wuren_wuchunming/Ros2/ros2_homework_advanced_ws/install/fsd_common_msgs/include/fsd_common_msgs/fsd_common_msgs/msg/detail/cone_detections_dbscan__builder.hpp
[11.638s] -- Installing: /home/wu/Desktop/26_wuren_wuchunming/Ros2/ros2_homework_advanced_ws/install/fsd_common_msgs/include/fsd_common_msgs/fsd_common_msgs/msg/detail/feedback__builder.hpp
[11.638s] -- Installing: /home/wu/Desktop/26_wuren_wuchunming/Ros2/ros2_homework_advanced_ws/install/fsd_common_msgs/include/fsd_common_msgs/fsd_common_msgs/msg/detail/asensing_message__builder.hpp
[11.638s] -- Installing: /home/wu/Desktop/26_wuren_wuchunming/Ros2/ros2_homework_advanced_ws/install/fsd_common_msgs/include/fsd_common_msgs/fsd_common_msgs/msg/detail/as_state__traits.hpp
[11.638s] -- Installing: /home/wu/Desktop/26_wuren_wuchunming/Ros2/ros2_homework_advanced_ws/install/fsd_common_msgs/include/fsd_common_msgs/fsd_common_msgs/msg/detail/ins_delta__traits.hpp
[11.638s] -- Installing: /home/wu/Desktop/26_wuren_wuchunming/Ros2/ros2_homework_advanced_ws/install/fsd_common_msgs/include/fsd_common_msgs/fsd_common_msgs/msg/detail/car_state_dt__type_support.hpp
[11.638s] -- Installing: /home/wu/Desktop/26_wuren_wuchunming/Ros2/ros2_homework_advanced_ws/install/fsd_common_msgs/include/fsd_common_msgs/fsd_common_msgs/msg/detail/cone_detections__traits.hpp
[11.638s] -- Installing: /home/wu/Desktop/26_wuren_wuchunming/Ros2/ros2_homework_advanced_ws/install/fsd_common_msgs/include/fsd_common_msgs/fsd_common_msgs/msg/detail/asensing_message__type_support.hpp
[11.638s] -- Installing: /home/wu/Desktop/26_wuren_wuchunming/Ros2/ros2_homework_advanced_ws/install/fsd_common_msgs/include/fsd_common_msgs/fsd_common_msgs/msg/detail/skidpad_global_center_line__struct.hpp
[11.638s] -- Installing: /home/wu/Desktop/26_wuren_wuchunming/Ros2/ros2_homework_advanced_ws/install/fsd_common_msgs/include/fsd_common_msgs/fsd_common_msgs/msg/detail/map__struct.hpp
[11.638s] -- Installing: /home/wu/Desktop/26_wuren_wuchunming/Ros2/ros2_homework_advanced_ws/install/fsd_common_msgs/include/fsd_common_msgs/fsd_common_msgs/msg/detail/ins_delta__struct.hpp
[11.638s] -- Installing: /home/wu/Desktop/26_wuren_wuchunming/Ros2/ros2_homework_advanced_ws/install/fsd_common_msgs/include/fsd_common_msgs/fsd_common_msgs/msg/detail/track__traits.hpp
[11.638s] -- Installing: /home/wu/Desktop/26_wuren_wuchunming/Ros2/ros2_homework_advanced_ws/install/fsd_common_msgs/include/fsd_common_msgs/fsd_common_msgs/msg/detail/car_state__traits.hpp
[11.638s] -- Installing: /home/wu/Desktop/26_wuren_wuchunming/Ros2/ros2_homework_advanced_ws/install/fsd_common_msgs/include/fsd_common_msgs/fsd_common_msgs/msg/detail/yolo_cone_detections__type_support.hpp
[11.638s] -- Installing: /home/wu/Desktop/26_wuren_wuchunming/Ros2/ros2_homework_advanced_ws/install/fsd_common_msgs/include/fsd_common_msgs/fsd_common_msgs/msg/detail/feedback__traits.hpp
[11.638s] -- Installing: /home/wu/Desktop/26_wuren_wuchunming/Ros2/ros2_homework_advanced_ws/install/fsd_common_msgs/include/fsd_common_msgs/fsd_common_msgs/msg/detail/yolo_cone_detections_track__struct.hpp
[11.638s] -- Installing: /home/wu/Desktop/26_wuren_wuchunming/Ros2/ros2_homework_advanced_ws/install/fsd_common_msgs/include/fsd_common_msgs/fsd_common_msgs/msg/detail/visualization__struct.hpp
[11.638s] -- Installing: /home/wu/Desktop/26_wuren_wuchunming/Ros2/ros2_homework_advanced_ws/install/fsd_common_msgs/include/fsd_common_msgs/fsd_common_msgs/msg/detail/as_state__builder.hpp
[11.639s] -- Installing: /home/wu/Desktop/26_wuren_wuchunming/Ros2/ros2_homework_advanced_ws/install/fsd_common_msgs/include/fsd_common_msgs/fsd_common_msgs/msg/detail/trajectory_point__type_support.hpp
[11.639s] -- Installing: /home/wu/Desktop/26_wuren_wuchunming/Ros2/ros2_homework_advanced_ws/install/fsd_common_msgs/include/fsd_common_msgs/fsd_common_msgs/msg/detail/cone_dbscan__type_support.hpp
[11.639s] -- Installing: /home/wu/Desktop/26_wuren_wuchunming/Ros2/ros2_homework_advanced_ws/install/fsd_common_msgs/include/fsd_common_msgs/fsd_common_msgs/msg/detail/control_command__struct.hpp
[11.639s] -- Installing: /home/wu/Desktop/26_wuren_wuchunming/Ros2/ros2_homework_advanced_ws/install/fsd_common_msgs/include/fsd_common_msgs/fsd_common_msgs/msg/detail/yolo_cone_detections_track__builder.hpp
[11.639s] -- Installing: /home/wu/Desktop/26_wuren_wuchunming/Ros2/ros2_homework_advanced_ws/install/fsd_common_msgs/include/fsd_common_msgs/fsd_common_msgs/msg/detail/visualization__traits.hpp
[11.639s] -- Installing: /home/wu/Desktop/26_wuren_wuchunming/Ros2/ros2_homework_advanced_ws/install/fsd_common_msgs/include/fsd_common_msgs/fsd_common_msgs/msg/detail/res_and_ami__builder.hpp
[11.639s] -- Installing: /home/wu/Desktop/26_wuren_wuchunming/Ros2/ros2_homework_advanced_ws/install/fsd_common_msgs/include/fsd_common_msgs/fsd_common_msgs/msg/detail/control_command__type_support.hpp
[11.639s] -- Installing: /home/wu/Desktop/26_wuren_wuchunming/Ros2/ros2_homework_advanced_ws/install/fsd_common_msgs/include/fsd_common_msgs/fsd_common_msgs/msg/detail/asensing_message__struct.hpp
[11.639s] -- Installing: /home/wu/Desktop/26_wuren_wuchunming/Ros2/ros2_homework_advanced_ws/install/fsd_common_msgs/include/fsd_common_msgs/fsd_common_msgs/msg/detail/yolo_cone_track__struct.hpp
[11.639s] -- Installing: /home/wu/Desktop/26_wuren_wuchunming/Ros2/ros2_homework_advanced_ws/install/fsd_common_msgs/include/fsd_common_msgs/fsd_common_msgs/msg/detail/echiev_message__builder.hpp
[11.639s] -- Installing: /home/wu/Desktop/26_wuren_wuchunming/Ros2/ros2_homework_advanced_ws/install/fsd_common_msgs/include/fsd_common_msgs/fsd_common_msgs/msg/detail/cone_dbscan__traits.hpp
[11.639s] -- Installing: /home/wu/Desktop/26_wuren_wuchunming/Ros2/ros2_homework_advanced_ws/install/fsd_common_msgs/include/fsd_common_msgs/fsd_common_msgs/msg/detail/feedback__struct.hpp
[11.639s] -- Installing: /home/wu/Desktop/26_wuren_wuchunming/Ros2/ros2_homework_advanced_ws/install/fsd_common_msgs/include/fsd_common_msgs/fsd_common_msgs/msg/detail/mission__traits.hpp
[11.639s] -- Installing: /home/wu/Desktop/26_wuren_wuchunming/Ros2/ros2_homework_advanced_ws/install/fsd_common_msgs/include/fsd_common_msgs/fsd_common_msgs/msg/detail/decision_flag__traits.hpp
[11.639s] -- Installing: /home/wu/Desktop/26_wuren_wuchunming/Ros2/ros2_homework_advanced_ws/install/fsd_common_msgs/include/fsd_common_msgs/fsd_common_msgs/msg/detail/time__builder.hpp
[11.639s] -- Installing: /home/wu/Desktop/26_wuren_wuchunming/Ros2/ros2_homework_advanced_ws/install/fsd_common_msgs/include/fsd_common_msgs/fsd_common_msgs/msg/detail/cone_detections_dbscan__type_support.hpp
[11.639s] -- Installing: /home/wu/Desktop/26_wuren_wuchunming/Ros2/ros2_homework_advanced_ws/install/fsd_common_msgs/include/fsd_common_msgs/fsd_common_msgs/msg/detail/echiev_message__type_support.hpp
[11.639s] -- Installing: /home/wu/Desktop/26_wuren_wuchunming/Ros2/ros2_homework_advanced_ws/install/fsd_common_msgs/include/fsd_common_msgs/fsd_common_msgs/msg/detail/can_frames__builder.hpp
[11.639s] -- Installing: /home/wu/Desktop/26_wuren_wuchunming/Ros2/ros2_homework_advanced_ws/install/fsd_common_msgs/include/fsd_common_msgs/fsd_common_msgs/msg/detail/yolo_cone_detections_track__traits.hpp
[11.639s] -- Installing: /home/wu/Desktop/26_wuren_wuchunming/Ros2/ros2_homework_advanced_ws/install/fsd_common_msgs/include/fsd_common_msgs/fsd_common_msgs/msg/detail/remote_control_command__traits.hpp
[11.640s] -- Installing: /home/wu/Desktop/26_wuren_wuchunming/Ros2/ros2_homework_advanced_ws/install/fsd_common_msgs/include/fsd_common_msgs/fsd_common_msgs/msg/detail/feedback__type_support.hpp
[11.640s] -- Installing: /home/wu/Desktop/26_wuren_wuchunming/Ros2/ros2_homework_advanced_ws/install/fsd_common_msgs/include/fsd_common_msgs/fsd_common_msgs/msg/detail/as_state__type_support.hpp
[11.640s] -- Installing: /home/wu/Desktop/26_wuren_wuchunming/Ros2/ros2_homework_advanced_ws/install/fsd_common_msgs/include/fsd_common_msgs/fsd_common_msgs/msg/detail/driving_dynamics__type_support.hpp
[11.640s] -- Installing: /home/wu/Desktop/26_wuren_wuchunming/Ros2/ros2_homework_advanced_ws/install/fsd_common_msgs/include/fsd_common_msgs/fsd_common_msgs/msg/detail/map__traits.hpp
[11.640s] -- Installing: /home/wu/Desktop/26_wuren_wuchunming/Ros2/ros2_homework_advanced_ws/install/fsd_common_msgs/include/fsd_common_msgs/fsd_common_msgs/msg/detail/mission__builder.hpp
[11.640s] -- Installing: /home/wu/Desktop/26_wuren_wuchunming/Ros2/ros2_homework_advanced_ws/install/fsd_common_msgs/include/fsd_common_msgs/fsd_common_msgs/msg/detail/time__traits.hpp
[11.640s] -- Installing: /home/wu/Desktop/26_wuren_wuchunming/Ros2/ros2_homework_advanced_ws/install/fsd_common_msgs/include/fsd_common_msgs/fsd_common_msgs/msg/detail/remote_control_command__struct.hpp
[11.640s] -- Installing: /home/wu/Desktop/26_wuren_wuchunming/Ros2/ros2_homework_advanced_ws/install/fsd_common_msgs/include/fsd_common_msgs/fsd_common_msgs/msg/detail/remote_control_command__builder.hpp
[11.640s] -- Installing: /home/wu/Desktop/26_wuren_wuchunming/Ros2/ros2_homework_advanced_ws/install/fsd_common_msgs/include/fsd_common_msgs/fsd_common_msgs/msg/detail/as_state__struct.hpp
[11.640s] -- Installing: /home/wu/Desktop/26_wuren_wuchunming/Ros2/ros2_homework_advanced_ws/install/fsd_common_msgs/include/fsd_common_msgs/fsd_common_msgs/msg/detail/trajectory_point__builder.hpp
[11.640s] -- Installing: /home/wu/Desktop/26_wuren_wuchunming/Ros2/ros2_homework_advanced_ws/install/fsd_common_msgs/include/fsd_common_msgs/fsd_common_msgs/msg/detail/can_frames__struct.hpp
[11.640s] -- Installing: /home/wu/Desktop/26_wuren_wuchunming/Ros2/ros2_homework_advanced_ws/install/fsd_common_msgs/include/fsd_common_msgs/fsd_common_msgs/msg/mission.hpp
[11.640s] -- Installing: /home/wu/Desktop/26_wuren_wuchunming/Ros2/ros2_homework_advanced_ws/install/fsd_common_msgs/include/fsd_common_msgs/fsd_common_msgs/msg/yolo_cone_detections.hpp
[11.640s] -- Installing: /home/wu/Desktop/26_wuren_wuchunming/Ros2/ros2_homework_advanced_ws/install/fsd_common_msgs/include/fsd_common_msgs/fsd_common_msgs/msg/yolo_cone.hpp
[11.640s] -- Installing: /home/wu/Desktop/26_wuren_wuchunming/Ros2/ros2_homework_advanced_ws/install/fsd_common_msgs/include/fsd_common_msgs/fsd_common_msgs/msg/car_state.hpp
[11.640s] -- Installing: /home/wu/Desktop/26_wuren_wuchunming/Ros2/ros2_homework_advanced_ws/install/fsd_common_msgs/include/fsd_common_msgs/fsd_common_msgs/msg/map.hpp
[11.640s] -- Installing: /home/wu/Desktop/26_wuren_wuchunming/Ros2/ros2_homework_advanced_ws/install/fsd_common_msgs/include/fsd_common_msgs/fsd_common_msgs/msg/cone_detections.hpp
[11.640s] -- Installing: /home/wu/Desktop/26_wuren_wuchunming/Ros2/ros2_homework_advanced_ws/install/fsd_common_msgs/include/fsd_common_msgs/fsd_common_msgs/msg/feedback.hpp
[11.640s] -- Installing: /home/wu/Desktop/26_wuren_wuchunming/Ros2/ros2_homework_advanced_ws/install/fsd_common_msgs/include/fsd_common_msgs/fsd_common_msgs/msg/rosidl_generator_cpp__visibility_control.hpp
[11.640s] -- Installing: /home/wu/Desktop/26_wuren_wuchunming/Ros2/ros2_homework_advanced_ws/install/fsd_common_msgs/include/fsd_common_msgs/fsd_common_msgs/msg/asensing_message.hpp
[11.641s] -- Up-to-date: /home/wu/Desktop/26_wuren_wuchunming/Ros2/ros2_homework_advanced_ws/install/fsd_common_msgs/include/fsd_common_msgs/fsd_common_msgs
[11.641s] -- Up-to-date: /home/wu/Desktop/26_wuren_wuchunming/Ros2/ros2_homework_advanced_ws/install/fsd_common_msgs/include/fsd_common_msgs/fsd_common_msgs/msg
[11.641s] -- Installing: /home/wu/Desktop/26_wuren_wuchunming/Ros2/ros2_homework_advanced_ws/install/fsd_common_msgs/include/fsd_common_msgs/fsd_common_msgs/msg/rosidl_typesupport_fastrtps_cpp__visibility_control.h
[11.641s] -- Up-to-date: /home/wu/Desktop/26_wuren_wuchunming/Ros2/ros2_homework_advanced_ws/install/fsd_common_msgs/include/fsd_common_msgs/fsd_common_msgs/msg/detail
[11.641s] -- Installing: /home/wu/Desktop/26_wuren_wuchunming/Ros2/ros2_homework_advanced_ws/install/fsd_common_msgs/include/fsd_common_msgs/fsd_common_msgs/msg/detail/res_and_ami__rosidl_typesupport_fastrtps_cpp.hpp
[11.641s] -- Installing: /home/wu/Desktop/26_wuren_wuchunming/Ros2/ros2_homework_advanced_ws/install/fsd_common_msgs/include/fsd_common_msgs/fsd_common_msgs/msg/detail/car_state__rosidl_typesupport_fastrtps_cpp.hpp
[11.641s] -- Installing: /home/wu/Desktop/26_wuren_wuchunming/Ros2/ros2_homework_advanced_ws/install/fsd_common_msgs/include/fsd_common_msgs/fsd_common_msgs/msg/detail/asensing_message__rosidl_typesupport_fastrtps_cpp.hpp
[11.641s] -- Installing: /home/wu/Desktop/26_wuren_wuchunming/Ros2/ros2_homework_advanced_ws/install/fsd_common_msgs/include/fsd_common_msgs/fsd_common_msgs/msg/detail/remote_control_command__rosidl_typesupport_fastrtps_cpp.hpp
[11.641s] -- Installing: /home/wu/Desktop/26_wuren_wuchunming/Ros2/ros2_homework_advanced_ws/install/fsd_common_msgs/include/fsd_common_msgs/fsd_common_msgs/msg/detail/as_state__rosidl_typesupport_fastrtps_cpp.hpp
[11.641s] -- Installing: /home/wu/Desktop/26_wuren_wuchunming/Ros2/ros2_homework_advanced_ws/install/fsd_common_msgs/include/fsd_common_msgs/fsd_common_msgs/msg/detail/feedback__rosidl_typesupport_fastrtps_cpp.hpp
[11.641s] -- Installing: /home/wu/Desktop/26_wuren_wuchunming/Ros2/ros2_homework_advanced_ws/install/fsd_common_msgs/include/fsd_common_msgs/fsd_common_msgs/msg/detail/cone__rosidl_typesupport_fastrtps_cpp.hpp
[11.641s] -- Installing: /home/wu/Desktop/26_wuren_wuchunming/Ros2/ros2_homework_advanced_ws/install/fsd_common_msgs/include/fsd_common_msgs/fsd_common_msgs/msg/detail/can_frames__rosidl_typesupport_fastrtps_cpp.hpp
[11.641s] -- Installing: /home/wu/Desktop/26_wuren_wuchunming/Ros2/ros2_homework_advanced_ws/install/fsd_common_msgs/include/fsd_common_msgs/fsd_common_msgs/msg/detail/dds_fastrtps
[11.641s] -- Installing: /home/wu/Desktop/26_wuren_wuchunming/Ros2/ros2_homework_advanced_ws/install/fsd_common_msgs/include/fsd_common_msgs/fsd_common_msgs/msg/detail/cone_dbscan__rosidl_typesupport_fastrtps_cpp.hpp
[11.641s] -- Installing: /home/wu/Desktop/26_wuren_wuchunming/Ros2/ros2_homework_advanced_ws/install/fsd_common_msgs/include/fsd_common_msgs/fsd_common_msgs/msg/detail/track__rosidl_typesupport_fastrtps_cpp.hpp
[11.641s] -- Installing: /home/wu/Desktop/26_wuren_wuchunming/Ros2/ros2_homework_advanced_ws/install/fsd_common_msgs/include/fsd_common_msgs/fsd_common_msgs/msg/detail/control_command__rosidl_typesupport_fastrtps_cpp.hpp
[11.641s] -- Installing: /home/wu/Desktop/26_wuren_wuchunming/Ros2/ros2_homework_advanced_ws/install/fsd_common_msgs/include/fsd_common_msgs/fsd_common_msgs/msg/detail/yolo_cone__rosidl_typesupport_fastrtps_cpp.hpp
[11.641s] -- Installing: /home/wu/Desktop/26_wuren_wuchunming/Ros2/ros2_homework_advanced_ws/install/fsd_common_msgs/include/fsd_common_msgs/fsd_common_msgs/msg/detail/ins_delta__rosidl_typesupport_fastrtps_cpp.hpp
[11.641s] -- Installing: /home/wu/Desktop/26_wuren_wuchunming/Ros2/ros2_homework_advanced_ws/install/fsd_common_msgs/include/fsd_common_msgs/fsd_common_msgs/msg/detail/decision_flag__rosidl_typesupport_fastrtps_cpp.hpp
[11.641s] -- Installing: /home/wu/Desktop/26_wuren_wuchunming/Ros2/ros2_homework_advanced_ws/install/fsd_common_msgs/include/fsd_common_msgs/fsd_common_msgs/msg/detail/mission__rosidl_typesupport_fastrtps_cpp.hpp
[11.642s] -- Installing: /home/wu/Desktop/26_wuren_wuchunming/Ros2/ros2_homework_advanced_ws/install/fsd_common_msgs/include/fsd_common_msgs/fsd_common_msgs/msg/detail/yolo_cone_detections_track__rosidl_typesupport_fastrtps_cpp.hpp
[11.642s] -- Installing: /home/wu/Desktop/26_wuren_wuchunming/Ros2/ros2_homework_advanced_ws/install/fsd_common_msgs/include/fsd_common_msgs/fsd_common_msgs/msg/detail/trajectory_point__rosidl_typesupport_fastrtps_cpp.hpp
[11.642s] -- Installing: /home/wu/Desktop/26_wuren_wuchunming/Ros2/ros2_homework_advanced_ws/install/fsd_common_msgs/include/fsd_common_msgs/fsd_common_msgs/msg/detail/echiev_message__rosidl_typesupport_fastrtps_cpp.hpp
[11.642s] -- Installing: /home/wu/Desktop/26_wuren_wuchunming/Ros2/ros2_homework_advanced_ws/install/fsd_common_msgs/include/fsd_common_msgs/fsd_common_msgs/msg/detail/map__rosidl_typesupport_fastrtps_cpp.hpp
[11.642s] -- Installing: /home/wu/Desktop/26_wuren_wuchunming/Ros2/ros2_homework_advanced_ws/install/fsd_common_msgs/include/fsd_common_msgs/fsd_common_msgs/msg/detail/visualization__rosidl_typesupport_fastrtps_cpp.hpp
[11.642s] -- Installing: /home/wu/Desktop/26_wuren_wuchunming/Ros2/ros2_homework_advanced_ws/install/fsd_common_msgs/include/fsd_common_msgs/fsd_common_msgs/msg/detail/skidpad_global_center_line__rosidl_typesupport_fastrtps_cpp.hpp
[11.642s] -- Installing: /home/wu/Desktop/26_wuren_wuchunming/Ros2/ros2_homework_advanced_ws/install/fsd_common_msgs/include/fsd_common_msgs/fsd_common_msgs/msg/detail/cone_detections__rosidl_typesupport_fastrtps_cpp.hpp
[11.642s] -- Installing: /home/wu/Desktop/26_wuren_wuchunming/Ros2/ros2_homework_advanced_ws/install/fsd_common_msgs/include/fsd_common_msgs/fsd_common_msgs/msg/detail/yolo_cone_track__rosidl_typesupport_fastrtps_cpp.hpp
[11.642s] -- Installing: /home/wu/Desktop/26_wuren_wuchunming/Ros2/ros2_homework_advanced_ws/install/fsd_common_msgs/include/fsd_common_msgs/fsd_common_msgs/msg/detail/cone_detections_dbscan__rosidl_typesupport_fastrtps_cpp.hpp
[11.642s] -- Installing: /home/wu/Desktop/26_wuren_wuchunming/Ros2/ros2_homework_advanced_ws/install/fsd_common_msgs/include/fsd_common_msgs/fsd_common_msgs/msg/detail/time__rosidl_typesupport_fastrtps_cpp.hpp
[11.642s] -- Installing: /home/wu/Desktop/26_wuren_wuchunming/Ros2/ros2_homework_advanced_ws/install/fsd_common_msgs/include/fsd_common_msgs/fsd_common_msgs/msg/detail/car_state_dt__rosidl_typesupport_fastrtps_cpp.hpp
[11.642s] -- Installing: /home/wu/Desktop/26_wuren_wuchunming/Ros2/ros2_homework_advanced_ws/install/fsd_common_msgs/include/fsd_common_msgs/fsd_common_msgs/msg/detail/yolo_cone_detections__rosidl_typesupport_fastrtps_cpp.hpp
[11.642s] -- Installing: /home/wu/Desktop/26_wuren_wuchunming/Ros2/ros2_homework_advanced_ws/install/fsd_common_msgs/include/fsd_common_msgs/fsd_common_msgs/msg/detail/driving_dynamics__rosidl_typesupport_fastrtps_cpp.hpp
[11.642s] -- Installing: /home/wu/Desktop/26_wuren_wuchunming/Ros2/ros2_homework_advanced_ws/install/fsd_common_msgs/lib/libfsd_common_msgs__rosidl_typesupport_fastrtps_cpp.so
[11.643s] -- Set runtime path of "/home/wu/Desktop/26_wuren_wuchunming/Ros2/ros2_homework_advanced_ws/install/fsd_common_msgs/lib/libfsd_common_msgs__rosidl_typesupport_fastrtps_cpp.so" to ""
[11.643s] -- Up-to-date: /home/wu/Desktop/26_wuren_wuchunming/Ros2/ros2_homework_advanced_ws/install/fsd_common_msgs/include/fsd_common_msgs/fsd_common_msgs
[11.643s] -- Up-to-date: /home/wu/Desktop/26_wuren_wuchunming/Ros2/ros2_homework_advanced_ws/install/fsd_common_msgs/include/fsd_common_msgs/fsd_common_msgs/msg
[11.643s] -- Up-to-date: /home/wu/Desktop/26_wuren_wuchunming/Ros2/ros2_homework_advanced_ws/install/fsd_common_msgs/include/fsd_common_msgs/fsd_common_msgs/msg/detail
[11.643s] -- Installing: /home/wu/Desktop/26_wuren_wuchunming/Ros2/ros2_homework_advanced_ws/install/fsd_common_msgs/include/fsd_common_msgs/fsd_common_msgs/msg/detail/yolo_cone_track__type_support.cpp
[11.643s] -- Installing: /home/wu/Desktop/26_wuren_wuchunming/Ros2/ros2_homework_advanced_ws/install/fsd_common_msgs/include/fsd_common_msgs/fsd_common_msgs/msg/detail/car_state__type_support.cpp
[11.643s] -- Installing: /home/wu/Desktop/26_wuren_wuchunming/Ros2/ros2_homework_advanced_ws/install/fsd_common_msgs/include/fsd_common_msgs/fsd_common_msgs/msg/detail/cone_dbscan__type_support.cpp
[11.643s] -- Installing: /home/wu/Desktop/26_wuren_wuchunming/Ros2/ros2_homework_advanced_ws/install/fsd_common_msgs/include/fsd_common_msgs/fsd_common_msgs/msg/detail/track__type_support.cpp
[11.643s] -- Installing: /home/wu/Desktop/26_wuren_wuchunming/Ros2/ros2_homework_advanced_ws/install/fsd_common_msgs/include/fsd_common_msgs/fsd_common_msgs/msg/detail/yolo_cone_detections_track__type_support.cpp
[11.643s] -- Installing: /home/wu/Desktop/26_wuren_wuchunming/Ros2/ros2_homework_advanced_ws/install/fsd_common_msgs/include/fsd_common_msgs/fsd_common_msgs/msg/detail/car_state__rosidl_typesupport_introspection_cpp.hpp
[11.643s] -- Installing: /home/wu/Desktop/26_wuren_wuchunming/Ros2/ros2_homework_advanced_ws/install/fsd_common_msgs/include/fsd_common_msgs/fsd_common_msgs/msg/detail/cone_detections_dbscan__type_support.cpp
[11.643s] -- Installing: /home/wu/Desktop/26_wuren_wuchunming/Ros2/ros2_homework_advanced_ws/install/fsd_common_msgs/include/fsd_common_msgs/fsd_common_msgs/msg/detail/res_and_ami__type_support.cpp
[11.643s] -- Installing: /home/wu/Desktop/26_wuren_wuchunming/Ros2/ros2_homework_advanced_ws/install/fsd_common_msgs/include/fsd_common_msgs/fsd_common_msgs/msg/detail/feedback__rosidl_typesupport_introspection_cpp.hpp
[11.643s] -- Installing: /home/wu/Desktop/26_wuren_wuchunming/Ros2/ros2_homework_advanced_ws/install/fsd_common_msgs/include/fsd_common_msgs/fsd_common_msgs/msg/detail/echiev_message__type_support.cpp
[11.643s] -- Installing: /home/wu/Desktop/26_wuren_wuchunming/Ros2/ros2_homework_advanced_ws/install/fsd_common_msgs/include/fsd_common_msgs/fsd_common_msgs/msg/detail/control_command__rosidl_typesupport_introspection_cpp.hpp
[11.643s] -- Installing: /home/wu/Desktop/26_wuren_wuchunming/Ros2/ros2_homework_advanced_ws/install/fsd_common_msgs/include/fsd_common_msgs/fsd_common_msgs/msg/detail/mission__rosidl_typesupport_introspection_cpp.hpp
[11.643s] -- Installing: /home/wu/Desktop/26_wuren_wuchunming/Ros2/ros2_homework_advanced_ws/install/fsd_common_msgs/include/fsd_common_msgs/fsd_common_msgs/msg/detail/cone_detections_dbscan__rosidl_typesupport_introspection_cpp.hpp
[11.644s] -- Installing: /home/wu/Desktop/26_wuren_wuchunming/Ros2/ros2_homework_advanced_ws/install/fsd_common_msgs/include/fsd_common_msgs/fsd_common_msgs/msg/detail/cone__rosidl_typesupport_introspection_cpp.hpp
[11.644s] -- Installing: /home/wu/Desktop/26_wuren_wuchunming/Ros2/ros2_homework_advanced_ws/install/fsd_common_msgs/include/fsd_common_msgs/fsd_common_msgs/msg/detail/can_frames__rosidl_typesupport_introspection_cpp.hpp
[11.644s] -- Installing: /home/wu/Desktop/26_wuren_wuchunming/Ros2/ros2_homework_advanced_ws/install/fsd_common_msgs/include/fsd_common_msgs/fsd_common_msgs/msg/detail/control_command__type_support.cpp
[11.644s] -- Installing: /home/wu/Desktop/26_wuren_wuchunming/Ros2/ros2_homework_advanced_ws/install/fsd_common_msgs/include/fsd_common_msgs/fsd_common_msgs/msg/detail/time__type_support.cpp
[11.644s] -- Installing: /home/wu/Desktop/26_wuren_wuchunming/Ros2/ros2_homework_advanced_ws/install/fsd_common_msgs/include/fsd_common_msgs/fsd_common_msgs/msg/detail/cone_detections__type_support.cpp
[11.644s] -- Installing: /home/wu/Desktop/26_wuren_wuchunming/Ros2/ros2_homework_advanced_ws/install/fsd_common_msgs/include/fsd_common_msgs/fsd_common_msgs/msg/detail/trajectory_point__type_support.cpp
[11.644s] -- Installing: /home/wu/Desktop/26_wuren_wuchunming/Ros2/ros2_homework_advanced_ws/install/fsd_common_msgs/include/fsd_common_msgs/fsd_common_msgs/msg/detail/mission__type_support.cpp
[11.644s] -- Installing: /home/wu/Desktop/26_wuren_wuchunming/Ros2/ros2_homework_advanced_ws/install/fsd_common_msgs/include/fsd_common_msgs/fsd_common_msgs/msg/detail/decision_flag__rosidl_typesupport_introspection_cpp.hpp
[11.644s] -- Installing: /home/wu/Desktop/26_wuren_wuchunming/Ros2/ros2_homework_advanced_ws/install/fsd_common_msgs/include/fsd_common_msgs/fsd_common_msgs/msg/detail/cone_detections__rosidl_typesupport_introspection_cpp.hpp
[11.644s] -- Installing: /home/wu/Desktop/26_wuren_wuchunming/Ros2/ros2_homework_advanced_ws/install/fsd_common_msgs/include/fsd_common_msgs/fsd_common_msgs/msg/detail/ins_delta__type_support.cpp
[11.644s] -- Installing: /home/wu/Desktop/26_wuren_wuchunming/Ros2/ros2_homework_advanced_ws/install/fsd_common_msgs/include/fsd_common_msgs/fsd_common_msgs/msg/detail/remote_control_command__type_support.cpp
[11.644s] -- Installing: /home/wu/Desktop/26_wuren_wuchunming/Ros2/ros2_homework_advanced_ws/install/fsd_common_msgs/include/fsd_common_msgs/fsd_common_msgs/msg/detail/echiev_message__rosidl_typesupport_introspection_cpp.hpp
[11.644s] -- Installing: /home/wu/Desktop/26_wuren_wuchunming/Ros2/ros2_homework_advanced_ws/install/fsd_common_msgs/include/fsd_common_msgs/fsd_common_msgs/msg/detail/asensing_message__rosidl_typesupport_introspection_cpp.hpp
[11.644s] -- Installing: /home/wu/Desktop/26_wuren_wuchunming/Ros2/ros2_homework_advanced_ws/install/fsd_common_msgs/include/fsd_common_msgs/fsd_common_msgs/msg/detail/res_and_ami__rosidl_typesupport_introspection_cpp.hpp
[11.644s] -- Installing: /home/wu/Desktop/26_wuren_wuchunming/Ros2/ros2_homework_advanced_ws/install/fsd_common_msgs/include/fsd_common_msgs/fsd_common_msgs/msg/detail/map__rosidl_typesupport_introspection_cpp.hpp
[11.644s] -- Installing: /home/wu/Desktop/26_wuren_wuchunming/Ros2/ros2_homework_advanced_ws/install/fsd_common_msgs/include/fsd_common_msgs/fsd_common_msgs/msg/detail/car_state_dt__rosidl_typesupport_introspection_cpp.hpp
[11.644s] -- Installing: /home/wu/Desktop/26_wuren_wuchunming/Ros2/ros2_homework_advanced_ws/install/fsd_common_msgs/include/fsd_common_msgs/fsd_common_msgs/msg/detail/can_frames__type_support.cpp
[11.644s] -- Installing: /home/wu/Desktop/26_wuren_wuchunming/Ros2/ros2_homework_advanced_ws/install/fsd_common_msgs/include/fsd_common_msgs/fsd_common_msgs/msg/detail/yolo_cone__rosidl_typesupport_introspection_cpp.hpp
[11.644s] -- Installing: /home/wu/Desktop/26_wuren_wuchunming/Ros2/ros2_homework_advanced_ws/install/fsd_common_msgs/include/fsd_common_msgs/fsd_common_msgs/msg/detail/remote_control_command__rosidl_typesupport_introspection_cpp.hpp
[11.645s] -- Installing: /home/wu/Desktop/26_wuren_wuchunming/Ros2/ros2_homework_advanced_ws/install/fsd_common_msgs/include/fsd_common_msgs/fsd_common_msgs/msg/detail/cone_dbscan__rosidl_typesupport_introspection_cpp.hpp
[11.645s] -- Installing: /home/wu/Desktop/26_wuren_wuchunming/Ros2/ros2_homework_advanced_ws/install/fsd_common_msgs/include/fsd_common_msgs/fsd_common_msgs/msg/detail/asensing_message__type_support.cpp
[11.645s] -- Installing: /home/wu/Desktop/26_wuren_wuchunming/Ros2/ros2_homework_advanced_ws/install/fsd_common_msgs/include/fsd_common_msgs/fsd_common_msgs/msg/detail/yolo_cone_track__rosidl_typesupport_introspection_cpp.hpp
[11.645s] -- Installing: /home/wu/Desktop/26_wuren_wuchunming/Ros2/ros2_homework_advanced_ws/install/fsd_common_msgs/include/fsd_common_msgs/fsd_common_msgs/msg/detail/car_state_dt__type_support.cpp
[11.645s] -- Installing: /home/wu/Desktop/26_wuren_wuchunming/Ros2/ros2_homework_advanced_ws/install/fsd_common_msgs/include/fsd_common_msgs/fsd_common_msgs/msg/detail/map__type_support.cpp
[11.645s] -- Installing: /home/wu/Desktop/26_wuren_wuchunming/Ros2/ros2_homework_advanced_ws/install/fsd_common_msgs/include/fsd_common_msgs/fsd_common_msgs/msg/detail/cone__type_support.cpp
[11.645s] -- Installing: /home/wu/Desktop/26_wuren_wuchunming/Ros2/ros2_homework_advanced_ws/install/fsd_common_msgs/include/fsd_common_msgs/fsd_common_msgs/msg/detail/trajectory_point__rosidl_typesupport_introspection_cpp.hpp
[11.645s] -- Installing: /home/wu/Desktop/26_wuren_wuchunming/Ros2/ros2_homework_advanced_ws/install/fsd_common_msgs/include/fsd_common_msgs/fsd_common_msgs/msg/detail/feedback__type_support.cpp
[11.645s] -- Installing: /home/wu/Desktop/26_wuren_wuchunming/Ros2/ros2_homework_advanced_ws/install/fsd_common_msgs/include/fsd_common_msgs/fsd_common_msgs/msg/detail/yolo_cone_detections__type_support.cpp
[11.645s] -- Installing: /home/wu/Desktop/26_wuren_wuchunming/Ros2/ros2_homework_advanced_ws/install/fsd_common_msgs/include/fsd_common_msgs/fsd_common_msgs/msg/detail/driving_dynamics__type_support.cpp
[11.645s] -- Installing: /home/wu/Desktop/26_wuren_wuchunming/Ros2/ros2_homework_advanced_ws/install/fsd_common_msgs/include/fsd_common_msgs/fsd_common_msgs/msg/detail/yolo_cone__type_support.cpp
[11.645s] -- Installing: /home/wu/Desktop/26_wuren_wuchunming/Ros2/ros2_homework_advanced_ws/install/fsd_common_msgs/include/fsd_common_msgs/fsd_common_msgs/msg/detail/skidpad_global_center_line__rosidl_typesupport_introspection_cpp.hpp
[11.645s] -- Installing: /home/wu/Desktop/26_wuren_wuchunming/Ros2/ros2_homework_advanced_ws/install/fsd_common_msgs/include/fsd_common_msgs/fsd_common_msgs/msg/detail/driving_dynamics__rosidl_typesupport_introspection_cpp.hpp
[11.645s] -- Installing: /home/wu/Desktop/26_wuren_wuchunming/Ros2/ros2_homework_advanced_ws/install/fsd_common_msgs/include/fsd_common_msgs/fsd_common_msgs/msg/detail/track__rosidl_typesupport_introspection_cpp.hpp
[11.645s] -- Installing: /home/wu/Desktop/26_wuren_wuchunming/Ros2/ros2_homework_advanced_ws/install/fsd_common_msgs/include/fsd_common_msgs/fsd_common_msgs/msg/detail/visualization__rosidl_typesupport_introspection_cpp.hpp
[11.645s] -- Installing: /home/wu/Desktop/26_wuren_wuchunming/Ros2/ros2_homework_advanced_ws/install/fsd_common_msgs/include/fsd_common_msgs/fsd_common_msgs/msg/detail/yolo_cone_detections__rosidl_typesupport_introspection_cpp.hpp
[11.645s] -- Installing: /home/wu/Desktop/26_wuren_wuchunming/Ros2/ros2_homework_advanced_ws/install/fsd_common_msgs/include/fsd_common_msgs/fsd_common_msgs/msg/detail/decision_flag__type_support.cpp
[11.645s] -- Installing: /home/wu/Desktop/26_wuren_wuchunming/Ros2/ros2_homework_advanced_ws/install/fsd_common_msgs/include/fsd_common_msgs/fsd_common_msgs/msg/detail/as_state__rosidl_typesupport_introspection_cpp.hpp
[11.646s] -- Installing: /home/wu/Desktop/26_wuren_wuchunming/Ros2/ros2_homework_advanced_ws/install/fsd_common_msgs/include/fsd_common_msgs/fsd_common_msgs/msg/detail/yolo_cone_detections_track__rosidl_typesupport_introspection_cpp.hpp
[11.646s] -- Installing: /home/wu/Desktop/26_wuren_wuchunming/Ros2/ros2_homework_advanced_ws/install/fsd_common_msgs/include/fsd_common_msgs/fsd_common_msgs/msg/detail/visualization__type_support.cpp
[11.646s] -- Installing: /home/wu/Desktop/26_wuren_wuchunming/Ros2/ros2_homework_advanced_ws/install/fsd_common_msgs/include/fsd_common_msgs/fsd_common_msgs/msg/detail/skidpad_global_center_line__type_support.cpp
[11.646s] -- Installing: /home/wu/Desktop/26_wuren_wuchunming/Ros2/ros2_homework_advanced_ws/install/fsd_common_msgs/include/fsd_common_msgs/fsd_common_msgs/msg/detail/as_state__type_support.cpp
[11.646s] -- Installing: /home/wu/Desktop/26_wuren_wuchunming/Ros2/ros2_homework_advanced_ws/install/fsd_common_msgs/include/fsd_common_msgs/fsd_common_msgs/msg/detail/ins_delta__rosidl_typesupport_introspection_cpp.hpp
[11.646s] -- Installing: /home/wu/Desktop/26_wuren_wuchunming/Ros2/ros2_homework_advanced_ws/install/fsd_common_msgs/include/fsd_common_msgs/fsd_common_msgs/msg/detail/time__rosidl_typesupport_introspection_cpp.hpp
[11.646s] -- Installing: /home/wu/Desktop/26_wuren_wuchunming/Ros2/ros2_homework_advanced_ws/install/fsd_common_msgs/lib/libfsd_common_msgs__rosidl_typesupport_introspection_cpp.so
[11.647s] -- Set runtime path of "/home/wu/Desktop/26_wuren_wuchunming/Ros2/ros2_homework_advanced_ws/install/fsd_common_msgs/lib/libfsd_common_msgs__rosidl_typesupport_introspection_cpp.so" to ""
[11.647s] -- Installing: /home/wu/Desktop/26_wuren_wuchunming/Ros2/ros2_homework_advanced_ws/install/fsd_common_msgs/lib/libfsd_common_msgs__rosidl_typesupport_cpp.so
[11.647s] -- Set runtime path of "/home/wu/Desktop/26_wuren_wuchunming/Ros2/ros2_homework_advanced_ws/install/fsd_common_msgs/lib/libfsd_common_msgs__rosidl_typesupport_cpp.so" to ""
[11.647s] -- Installing: /home/wu/Desktop/26_wuren_wuchunming/Ros2/ros2_homework_advanced_ws/install/fsd_common_msgs/share/fsd_common_msgs/environment/pythonpath.sh
[11.647s] -- Installing: /home/wu/Desktop/26_wuren_wuchunming/Ros2/ros2_homework_advanced_ws/install/fsd_common_msgs/share/fsd_common_msgs/environment/pythonpath.dsv
[11.647s] -- Installing: /home/wu/Desktop/26_wuren_wuchunming/Ros2/ros2_homework_advanced_ws/install/fsd_common_msgs/local/lib/python3.10/dist-packages/fsd_common_msgs-0.0.0-py3.10.egg-info
[11.647s] -- Installing: /home/wu/Desktop/26_wuren_wuchunming/Ros2/ros2_homework_advanced_ws/install/fsd_common_msgs/local/lib/python3.10/dist-packages/fsd_common_msgs-0.0.0-py3.10.egg-info/top_level.txt
[11.647s] -- Installing: /home/wu/Desktop/26_wuren_wuchunming/Ros2/ros2_homework_advanced_ws/install/fsd_common_msgs/local/lib/python3.10/dist-packages/fsd_common_msgs-0.0.0-py3.10.egg-info/PKG-INFO
[11.647s] -- Installing: /home/wu/Desktop/26_wuren_wuchunming/Ros2/ros2_homework_advanced_ws/install/fsd_common_msgs/local/lib/python3.10/dist-packages/fsd_common_msgs-0.0.0-py3.10.egg-info/dependency_links.txt
[11.647s] -- Installing: /home/wu/Desktop/26_wuren_wuchunming/Ros2/ros2_homework_advanced_ws/install/fsd_common_msgs/local/lib/python3.10/dist-packages/fsd_common_msgs-0.0.0-py3.10.egg-info/SOURCES.txt
[11.647s] -- Installing: /home/wu/Desktop/26_wuren_wuchunming/Ros2/ros2_homework_advanced_ws/install/fsd_common_msgs/local/lib/python3.10/dist-packages/fsd_common_msgs
[11.647s] -- Installing: /home/wu/Desktop/26_wuren_wuchunming/Ros2/ros2_homework_advanced_ws/install/fsd_common_msgs/local/lib/python3.10/dist-packages/fsd_common_msgs/fsd_common_msgs_s__rosidl_typesupport_introspection_c.cpython-310-x86_64-linux-gnu.so
[11.647s] -- Installing: /home/wu/Desktop/26_wuren_wuchunming/Ros2/ros2_homework_advanced_ws/install/fsd_common_msgs/local/lib/python3.10/dist-packages/fsd_common_msgs/msg
[11.647s] -- Installing: /home/wu/Desktop/26_wuren_wuchunming/Ros2/ros2_homework_advanced_ws/install/fsd_common_msgs/local/lib/python3.10/dist-packages/fsd_common_msgs/msg/_can_frames.py
[11.648s] -- Installing: /home/wu/Desktop/26_wuren_wuchunming/Ros2/ros2_homework_advanced_ws/install/fsd_common_msgs/local/lib/python3.10/dist-packages/fsd_common_msgs/msg/_feedback.py
[11.648s] -- Installing: /home/wu/Desktop/26_wuren_wuchunming/Ros2/ros2_homework_advanced_ws/install/fsd_common_msgs/local/lib/python3.10/dist-packages/fsd_common_msgs/msg/_yolo_cone_detections_track_s.c
[11.648s] -- Installing: /home/wu/Desktop/26_wuren_wuchunming/Ros2/ros2_homework_advanced_ws/install/fsd_common_msgs/local/lib/python3.10/dist-packages/fsd_common_msgs/msg/_map.py
[11.648s] -- Installing: /home/wu/Desktop/26_wuren_wuchunming/Ros2/ros2_homework_advanced_ws/install/fsd_common_msgs/local/lib/python3.10/dist-packages/fsd_common_msgs/msg/__init__.py
[11.648s] -- Installing: /home/wu/Desktop/26_wuren_wuchunming/Ros2/ros2_homework_advanced_ws/install/fsd_common_msgs/local/lib/python3.10/dist-packages/fsd_common_msgs/msg/_driving_dynamics.py
[11.648s] -- Installing: /home/wu/Desktop/26_wuren_wuchunming/Ros2/ros2_homework_advanced_ws/install/fsd_common_msgs/local/lib/python3.10/dist-packages/fsd_common_msgs/msg/_car_state_dt.py
[11.648s] -- Installing: /home/wu/Desktop/26_wuren_wuchunming/Ros2/ros2_homework_advanced_ws/install/fsd_common_msgs/local/lib/python3.10/dist-packages/fsd_common_msgs/msg/_ins_delta.py
[11.648s] -- Installing: /home/wu/Desktop/26_wuren_wuchunming/Ros2/ros2_homework_advanced_ws/install/fsd_common_msgs/local/lib/python3.10/dist-packages/fsd_common_msgs/msg/_skidpad_global_center_line_s.c
[11.648s] -- Installing: /home/wu/Desktop/26_wuren_wuchunming/Ros2/ros2_homework_advanced_ws/install/fsd_common_msgs/local/lib/python3.10/dist-packages/fsd_common_msgs/msg/_yolo_cone_s.c
[11.648s] -- Installing: /home/wu/Desktop/26_wuren_wuchunming/Ros2/ros2_homework_advanced_ws/install/fsd_common_msgs/local/lib/python3.10/dist-packages/fsd_common_msgs/msg/_yolo_cone_detections.py
[11.648s] -- Installing: /home/wu/Desktop/26_wuren_wuchunming/Ros2/ros2_homework_advanced_ws/install/fsd_common_msgs/local/lib/python3.10/dist-packages/fsd_common_msgs/msg/_yolo_cone.py
[11.648s] -- Installing: /home/wu/Desktop/26_wuren_wuchunming/Ros2/ros2_homework_advanced_ws/install/fsd_common_msgs/local/lib/python3.10/dist-packages/fsd_common_msgs/msg/_time_s.c
[11.648s] -- Installing: /home/wu/Desktop/26_wuren_wuchunming/Ros2/ros2_homework_advanced_ws/install/fsd_common_msgs/local/lib/python3.10/dist-packages/fsd_common_msgs/msg/_track_s.c
[11.648s] -- Installing: /home/wu/Desktop/26_wuren_wuchunming/Ros2/ros2_homework_advanced_ws/install/fsd_common_msgs/local/lib/python3.10/dist-packages/fsd_common_msgs/msg/_cone.py
[11.648s] -- Installing: /home/wu/Desktop/26_wuren_wuchunming/Ros2/ros2_homework_advanced_ws/install/fsd_common_msgs/local/lib/python3.10/dist-packages/fsd_common_msgs/msg/_visualization_s.c
[11.648s] -- Installing: /home/wu/Desktop/26_wuren_wuchunming/Ros2/ros2_homework_advanced_ws/install/fsd_common_msgs/local/lib/python3.10/dist-packages/fsd_common_msgs/msg/_cone_detections_dbscan_s.c
[11.648s] -- Installing: /home/wu/Desktop/26_wuren_wuchunming/Ros2/ros2_homework_advanced_ws/install/fsd_common_msgs/local/lib/python3.10/dist-packages/fsd_common_msgs/msg/_track.py
[11.648s] -- Installing: /home/wu/Desktop/26_wuren_wuchunming/Ros2/ros2_homework_advanced_ws/install/fsd_common_msgs/local/lib/python3.10/dist-packages/fsd_common_msgs/msg/_can_frames_s.c
[11.648s] -- Installing: /home/wu/Desktop/26_wuren_wuchunming/Ros2/ros2_homework_advanced_ws/install/fsd_common_msgs/local/lib/python3.10/dist-packages/fsd_common_msgs/msg/_res_and_ami.py
[11.648s] -- Installing: /home/wu/Desktop/26_wuren_wuchunming/Ros2/ros2_homework_advanced_ws/install/fsd_common_msgs/local/lib/python3.10/dist-packages/fsd_common_msgs/msg/_as_state_s.c
[11.649s] -- Installing: /home/wu/Desktop/26_wuren_wuchunming/Ros2/ros2_homework_advanced_ws/install/fsd_common_msgs/local/lib/python3.10/dist-packages/fsd_common_msgs/msg/_mission_s.c
[11.649s] -- Installing: /home/wu/Desktop/26_wuren_wuchunming/Ros2/ros2_homework_advanced_ws/install/fsd_common_msgs/local/lib/python3.10/dist-packages/fsd_common_msgs/msg/_cone_dbscan_s.c
[11.649s] -- Installing: /home/wu/Desktop/26_wuren_wuchunming/Ros2/ros2_homework_advanced_ws/install/fsd_common_msgs/local/lib/python3.10/dist-packages/fsd_common_msgs/msg/_feedback_s.c
[11.649s] -- Installing: /home/wu/Desktop/26_wuren_wuchunming/Ros2/ros2_homework_advanced_ws/install/fsd_common_msgs/local/lib/python3.10/dist-packages/fsd_common_msgs/msg/_driving_dynamics_s.c
[11.649s] -- Installing: /home/wu/Desktop/26_wuren_wuchunming/Ros2/ros2_homework_advanced_ws/install/fsd_common_msgs/local/lib/python3.10/dist-packages/fsd_common_msgs/msg/_asensing_message_s.c
[11.649s] -- Installing: /home/wu/Desktop/26_wuren_wuchunming/Ros2/ros2_homework_advanced_ws/install/fsd_common_msgs/local/lib/python3.10/dist-packages/fsd_common_msgs/msg/_yolo_cone_detections_track.py
[11.649s] -- Installing: /home/wu/Desktop/26_wuren_wuchunming/Ros2/ros2_homework_advanced_ws/install/fsd_common_msgs/local/lib/python3.10/dist-packages/fsd_common_msgs/msg/_asensing_message.py
[11.649s] -- Installing: /home/wu/Desktop/26_wuren_wuchunming/Ros2/ros2_homework_advanced_ws/install/fsd_common_msgs/local/lib/python3.10/dist-packages/fsd_common_msgs/msg/_cone_dbscan.py
[11.649s] -- Installing: /home/wu/Desktop/26_wuren_wuchunming/Ros2/ros2_homework_advanced_ws/install/fsd_common_msgs/local/lib/python3.10/dist-packages/fsd_common_msgs/msg/_cone_detections_s.c
[11.649s] -- Installing: /home/wu/Desktop/26_wuren_wuchunming/Ros2/ros2_homework_advanced_ws/install/fsd_common_msgs/local/lib/python3.10/dist-packages/fsd_common_msgs/msg/_skidpad_global_center_line.py
[11.649s] -- Installing: /home/wu/Desktop/26_wuren_wuchunming/Ros2/ros2_homework_advanced_ws/install/fsd_common_msgs/local/lib/python3.10/dist-packages/fsd_common_msgs/msg/_decision_flag_s.c
[11.649s] -- Installing: /home/wu/Desktop/26_wuren_wuchunming/Ros2/ros2_homework_advanced_ws/install/fsd_common_msgs/local/lib/python3.10/dist-packages/fsd_common_msgs/msg/_mission.py
[11.649s] -- Installing: /home/wu/Desktop/26_wuren_wuchunming/Ros2/ros2_homework_advanced_ws/install/fsd_common_msgs/local/lib/python3.10/dist-packages/fsd_common_msgs/msg/_cone_detections_dbscan.py
[11.649s] -- Installing: /home/wu/Desktop/26_wuren_wuchunming/Ros2/ros2_homework_advanced_ws/install/fsd_common_msgs/local/lib/python3.10/dist-packages/fsd_common_msgs/msg/_visualization.py
[11.649s] -- Installing: /home/wu/Desktop/26_wuren_wuchunming/Ros2/ros2_homework_advanced_ws/install/fsd_common_msgs/local/lib/python3.10/dist-packages/fsd_common_msgs/msg/_as_state.py
[11.649s] -- Installing: /home/wu/Desktop/26_wuren_wuchunming/Ros2/ros2_homework_advanced_ws/install/fsd_common_msgs/local/lib/python3.10/dist-packages/fsd_common_msgs/msg/_car_state_dt_s.c
[11.649s] -- Installing: /home/wu/Desktop/26_wuren_wuchunming/Ros2/ros2_homework_advanced_ws/install/fsd_common_msgs/local/lib/python3.10/dist-packages/fsd_common_msgs/msg/_ins_delta_s.c
[11.649s] -- Installing: /home/wu/Desktop/26_wuren_wuchunming/Ros2/ros2_homework_advanced_ws/install/fsd_common_msgs/local/lib/python3.10/dist-packages/fsd_common_msgs/msg/_trajectory_point.py
[11.649s] -- Installing: /home/wu/Desktop/26_wuren_wuchunming/Ros2/ros2_homework_advanced_ws/install/fsd_common_msgs/local/lib/python3.10/dist-packages/fsd_common_msgs/msg/_car_state.py
[11.649s] -- Installing: /home/wu/Desktop/26_wuren_wuchunming/Ros2/ros2_homework_advanced_ws/install/fsd_common_msgs/local/lib/python3.10/dist-packages/fsd_common_msgs/msg/_remote_control_command.py
[11.650s] -- Installing: /home/wu/Desktop/26_wuren_wuchunming/Ros2/ros2_homework_advanced_ws/install/fsd_common_msgs/local/lib/python3.10/dist-packages/fsd_common_msgs/msg/_yolo_cone_detections_s.c
[11.650s] -- Installing: /home/wu/Desktop/26_wuren_wuchunming/Ros2/ros2_homework_advanced_ws/install/fsd_common_msgs/local/lib/python3.10/dist-packages/fsd_common_msgs/msg/_cone_detections.py
[11.650s] -- Installing: /home/wu/Desktop/26_wuren_wuchunming/Ros2/ros2_homework_advanced_ws/install/fsd_common_msgs/local/lib/python3.10/dist-packages/fsd_common_msgs/msg/_decision_flag.py
[11.650s] -- Installing: /home/wu/Desktop/26_wuren_wuchunming/Ros2/ros2_homework_advanced_ws/install/fsd_common_msgs/local/lib/python3.10/dist-packages/fsd_common_msgs/msg/_res_and_ami_s.c
[11.650s] -- Installing: /home/wu/Desktop/26_wuren_wuchunming/Ros2/ros2_homework_advanced_ws/install/fsd_common_msgs/local/lib/python3.10/dist-packages/fsd_common_msgs/msg/_time.py
[11.650s] -- Installing: /home/wu/Desktop/26_wuren_wuchunming/Ros2/ros2_homework_advanced_ws/install/fsd_common_msgs/local/lib/python3.10/dist-packages/fsd_common_msgs/msg/_echiev_message.py
[11.650s] -- Installing: /home/wu/Desktop/26_wuren_wuchunming/Ros2/ros2_homework_advanced_ws/install/fsd_common_msgs/local/lib/python3.10/dist-packages/fsd_common_msgs/msg/_yolo_cone_track.py
[11.650s] -- Installing: /home/wu/Desktop/26_wuren_wuchunming/Ros2/ros2_homework_advanced_ws/install/fsd_common_msgs/local/lib/python3.10/dist-packages/fsd_common_msgs/msg/_control_command.py
[11.650s] -- Installing: /home/wu/Desktop/26_wuren_wuchunming/Ros2/ros2_homework_advanced_ws/install/fsd_common_msgs/local/lib/python3.10/dist-packages/fsd_common_msgs/msg/_echiev_message_s.c
[11.650s] -- Installing: /home/wu/Desktop/26_wuren_wuchunming/Ros2/ros2_homework_advanced_ws/install/fsd_common_msgs/local/lib/python3.10/dist-packages/fsd_common_msgs/msg/_car_state_s.c
[11.650s] -- Installing: /home/wu/Desktop/26_wuren_wuchunming/Ros2/ros2_homework_advanced_ws/install/fsd_common_msgs/local/lib/python3.10/dist-packages/fsd_common_msgs/msg/_remote_control_command_s.c
[11.650s] -- Installing: /home/wu/Desktop/26_wuren_wuchunming/Ros2/ros2_homework_advanced_ws/install/fsd_common_msgs/local/lib/python3.10/dist-packages/fsd_common_msgs/msg/_trajectory_point_s.c
[11.650s] -- Installing: /home/wu/Desktop/26_wuren_wuchunming/Ros2/ros2_homework_advanced_ws/install/fsd_common_msgs/local/lib/python3.10/dist-packages/fsd_common_msgs/msg/_control_command_s.c
[11.650s] -- Installing: /home/wu/Desktop/26_wuren_wuchunming/Ros2/ros2_homework_advanced_ws/install/fsd_common_msgs/local/lib/python3.10/dist-packages/fsd_common_msgs/msg/_map_s.c
[11.650s] -- Installing: /home/wu/Desktop/26_wuren_wuchunming/Ros2/ros2_homework_advanced_ws/install/fsd_common_msgs/local/lib/python3.10/dist-packages/fsd_common_msgs/msg/_cone_s.c
[11.650s] -- Installing: /home/wu/Desktop/26_wuren_wuchunming/Ros2/ros2_homework_advanced_ws/install/fsd_common_msgs/local/lib/python3.10/dist-packages/fsd_common_msgs/msg/_yolo_cone_track_s.c
[11.650s] -- Installing: /home/wu/Desktop/26_wuren_wuchunming/Ros2/ros2_homework_advanced_ws/install/fsd_common_msgs/local/lib/python3.10/dist-packages/fsd_common_msgs/__init__.py
[11.650s] -- Installing: /home/wu/Desktop/26_wuren_wuchunming/Ros2/ros2_homework_advanced_ws/install/fsd_common_msgs/local/lib/python3.10/dist-packages/fsd_common_msgs/libfsd_common_msgs__rosidl_generator_py.so
[11.651s] -- Installing: /home/wu/Desktop/26_wuren_wuchunming/Ros2/ros2_homework_advanced_ws/install/fsd_common_msgs/local/lib/python3.10/dist-packages/fsd_common_msgs/_fsd_common_msgs_s.ep.rosidl_typesupport_introspection_c.c
[11.651s] -- Installing: /home/wu/Desktop/26_wuren_wuchunming/Ros2/ros2_homework_advanced_ws/install/fsd_common_msgs/local/lib/python3.10/dist-packages/fsd_common_msgs/_fsd_common_msgs_s.ep.rosidl_typesupport_c.c
[11.651s] -- Installing: /home/wu/Desktop/26_wuren_wuchunming/Ros2/ros2_homework_advanced_ws/install/fsd_common_msgs/local/lib/python3.10/dist-packages/fsd_common_msgs/fsd_common_msgs_s__rosidl_typesupport_c.cpython-310-x86_64-linux-gnu.so
[11.651s] -- Installing: /home/wu/Desktop/26_wuren_wuchunming/Ros2/ros2_homework_advanced_ws/install/fsd_common_msgs/local/lib/python3.10/dist-packages/fsd_common_msgs/fsd_common_msgs_s__rosidl_typesupport_fastrtps_c.cpython-310-x86_64-linux-gnu.so
[11.651s] -- Installing: /home/wu/Desktop/26_wuren_wuchunming/Ros2/ros2_homework_advanced_ws/install/fsd_common_msgs/local/lib/python3.10/dist-packages/fsd_common_msgs/_fsd_common_msgs_s.ep.rosidl_typesupport_fastrtps_c.c
[11.712s] Listing '/home/wu/Desktop/26_wuren_wuchunming/Ros2/ros2_homework_advanced_ws/install/fsd_common_msgs/local/lib/python3.10/dist-packages/fsd_common_msgs'...
[11.712s] Compiling '/home/wu/Desktop/26_wuren_wuchunming/Ros2/ros2_homework_advanced_ws/install/fsd_common_msgs/local/lib/python3.10/dist-packages/fsd_common_msgs/__init__.py'...
[11.712s] Listing '/home/wu/Desktop/26_wuren_wuchunming/Ros2/ros2_homework_advanced_ws/install/fsd_common_msgs/local/lib/python3.10/dist-packages/fsd_common_msgs/msg'...
[11.712s] Compiling '/home/wu/Desktop/26_wuren_wuchunming/Ros2/ros2_homework_advanced_ws/install/fsd_common_msgs/local/lib/python3.10/dist-packages/fsd_common_msgs/msg/__init__.py'...
[11.712s] Compiling '/home/wu/Desktop/26_wuren_wuchunming/Ros2/ros2_homework_advanced_ws/install/fsd_common_msgs/local/lib/python3.10/dist-packages/fsd_common_msgs/msg/_as_state.py'...
[11.712s] Compiling '/home/wu/Desktop/26_wuren_wuchunming/Ros2/ros2_homework_advanced_ws/install/fsd_common_msgs/local/lib/python3.10/dist-packages/fsd_common_msgs/msg/_asensing_message.py'...
[11.712s] Compiling '/home/wu/Desktop/26_wuren_wuchunming/Ros2/ros2_homework_advanced_ws/install/fsd_common_msgs/local/lib/python3.10/dist-packages/fsd_common_msgs/msg/_can_frames.py'...
[11.712s] Compiling '/home/wu/Desktop/26_wuren_wuchunming/Ros2/ros2_homework_advanced_ws/install/fsd_common_msgs/local/lib/python3.10/dist-packages/fsd_common_msgs/msg/_car_state.py'...
[11.713s] Compiling '/home/wu/Desktop/26_wuren_wuchunming/Ros2/ros2_homework_advanced_ws/install/fsd_common_msgs/local/lib/python3.10/dist-packages/fsd_common_msgs/msg/_car_state_dt.py'...
[11.713s] Compiling '/home/wu/Desktop/26_wuren_wuchunming/Ros2/ros2_homework_advanced_ws/install/fsd_common_msgs/local/lib/python3.10/dist-packages/fsd_common_msgs/msg/_cone.py'...
[11.713s] Compiling '/home/wu/Desktop/26_wuren_wuchunming/Ros2/ros2_homework_advanced_ws/install/fsd_common_msgs/local/lib/python3.10/dist-packages/fsd_common_msgs/msg/_cone_dbscan.py'...
[11.713s] Compiling '/home/wu/Desktop/26_wuren_wuchunming/Ros2/ros2_homework_advanced_ws/install/fsd_common_msgs/local/lib/python3.10/dist-packages/fsd_common_msgs/msg/_cone_detections.py'...
[11.713s] Compiling '/home/wu/Desktop/26_wuren_wuchunming/Ros2/ros2_homework_advanced_ws/install/fsd_common_msgs/local/lib/python3.10/dist-packages/fsd_common_msgs/msg/_cone_detections_dbscan.py'...
[11.713s] Compiling '/home/wu/Desktop/26_wuren_wuchunming/Ros2/ros2_homework_advanced_ws/install/fsd_common_msgs/local/lib/python3.10/dist-packages/fsd_common_msgs/msg/_control_command.py'...
[11.713s] Compiling '/home/wu/Desktop/26_wuren_wuchunming/Ros2/ros2_homework_advanced_ws/install/fsd_common_msgs/local/lib/python3.10/dist-packages/fsd_common_msgs/msg/_decision_flag.py'...
[11.713s] Compiling '/home/wu/Desktop/26_wuren_wuchunming/Ros2/ros2_homework_advanced_ws/install/fsd_common_msgs/local/lib/python3.10/dist-packages/fsd_common_msgs/msg/_driving_dynamics.py'...
[11.713s] Compiling '/home/wu/Desktop/26_wuren_wuchunming/Ros2/ros2_homework_advanced_ws/install/fsd_common_msgs/local/lib/python3.10/dist-packages/fsd_common_msgs/msg/_echiev_message.py'...
[11.713s] Compiling '/home/wu/Desktop/26_wuren_wuchunming/Ros2/ros2_homework_advanced_ws/install/fsd_common_msgs/local/lib/python3.10/dist-packages/fsd_common_msgs/msg/_feedback.py'...
[11.713s] Compiling '/home/wu/Desktop/26_wuren_wuchunming/Ros2/ros2_homework_advanced_ws/install/fsd_common_msgs/local/lib/python3.10/dist-packages/fsd_common_msgs/msg/_ins_delta.py'...
[11.713s] Compiling '/home/wu/Desktop/26_wuren_wuchunming/Ros2/ros2_homework_advanced_ws/install/fsd_common_msgs/local/lib/python3.10/dist-packages/fsd_common_msgs/msg/_map.py'...
[11.713s] Compiling '/home/wu/Desktop/26_wuren_wuchunming/Ros2/ros2_homework_advanced_ws/install/fsd_common_msgs/local/lib/python3.10/dist-packages/fsd_common_msgs/msg/_mission.py'...
[11.713s] Compiling '/home/wu/Desktop/26_wuren_wuchunming/Ros2/ros2_homework_advanced_ws/install/fsd_common_msgs/local/lib/python3.10/dist-packages/fsd_common_msgs/msg/_remote_control_command.py'...
[11.713s] Compiling '/home/wu/Desktop/26_wuren_wuchunming/Ros2/ros2_homework_advanced_ws/install/fsd_common_msgs/local/lib/python3.10/dist-packages/fsd_common_msgs/msg/_res_and_ami.py'...
[11.713s] Compiling '/home/wu/Desktop/26_wuren_wuchunming/Ros2/ros2_homework_advanced_ws/install/fsd_common_msgs/local/lib/python3.10/dist-packages/fsd_common_msgs/msg/_skidpad_global_center_line.py'...
[11.713s] Compiling '/home/wu/Desktop/26_wuren_wuchunming/Ros2/ros2_homework_advanced_ws/install/fsd_common_msgs/local/lib/python3.10/dist-packages/fsd_common_msgs/msg/_time.py'...
[11.713s] Compiling '/home/wu/Desktop/26_wuren_wuchunming/Ros2/ros2_homework_advanced_ws/install/fsd_common_msgs/local/lib/python3.10/dist-packages/fsd_common_msgs/msg/_track.py'...
[11.713s] Compiling '/home/wu/Desktop/26_wuren_wuchunming/Ros2/ros2_homework_advanced_ws/install/fsd_common_msgs/local/lib/python3.10/dist-packages/fsd_common_msgs/msg/_trajectory_point.py'...
[11.713s] Compiling '/home/wu/Desktop/26_wuren_wuchunming/Ros2/ros2_homework_advanced_ws/install/fsd_common_msgs/local/lib/python3.10/dist-packages/fsd_common_msgs/msg/_visualization.py'...
[11.713s] Compiling '/home/wu/Desktop/26_wuren_wuchunming/Ros2/ros2_homework_advanced_ws/install/fsd_common_msgs/local/lib/python3.10/dist-packages/fsd_common_msgs/msg/_yolo_cone.py'...
[11.713s] Compiling '/home/wu/Desktop/26_wuren_wuchunming/Ros2/ros2_homework_advanced_ws/install/fsd_common_msgs/local/lib/python3.10/dist-packages/fsd_common_msgs/msg/_yolo_cone_detections.py'...
[11.713s] Compiling '/home/wu/Desktop/26_wuren_wuchunming/Ros2/ros2_homework_advanced_ws/install/fsd_common_msgs/local/lib/python3.10/dist-packages/fsd_common_msgs/msg/_yolo_cone_detections_track.py'...
[11.713s] Compiling '/home/wu/Desktop/26_wuren_wuchunming/Ros2/ros2_homework_advanced_ws/install/fsd_common_msgs/local/lib/python3.10/dist-packages/fsd_common_msgs/msg/_yolo_cone_track.py'...
[11.715s] -- Installing: /home/wu/Desktop/26_wuren_wuchunming/Ros2/ros2_homework_advanced_ws/install/fsd_common_msgs/local/lib/python3.10/dist-packages/fsd_common_msgs/fsd_common_msgs_s__rosidl_typesupport_fastrtps_c.cpython-310-x86_64-linux-gnu.so
[11.716s] -- Set runtime path of "/home/wu/Desktop/26_wuren_wuchunming/Ros2/ros2_homework_advanced_ws/install/fsd_common_msgs/local/lib/python3.10/dist-packages/fsd_common_msgs/fsd_common_msgs_s__rosidl_typesupport_fastrtps_c.cpython-310-x86_64-linux-gnu.so" to ""
[11.716s] -- Installing: /home/wu/Desktop/26_wuren_wuchunming/Ros2/ros2_homework_advanced_ws/install/fsd_common_msgs/local/lib/python3.10/dist-packages/fsd_common_msgs/fsd_common_msgs_s__rosidl_typesupport_introspection_c.cpython-310-x86_64-linux-gnu.so
[11.716s] -- Set runtime path of "/home/wu/Desktop/26_wuren_wuchunming/Ros2/ros2_homework_advanced_ws/install/fsd_common_msgs/local/lib/python3.10/dist-packages/fsd_common_msgs/fsd_common_msgs_s__rosidl_typesupport_introspection_c.cpython-310-x86_64-linux-gnu.so" to ""
[11.716s] -- Installing: /home/wu/Desktop/26_wuren_wuchunming/Ros2/ros2_homework_advanced_ws/install/fsd_common_msgs/local/lib/python3.10/dist-packages/fsd_common_msgs/fsd_common_msgs_s__rosidl_typesupport_c.cpython-310-x86_64-linux-gnu.so
[11.716s] -- Set runtime path of "/home/wu/Desktop/26_wuren_wuchunming/Ros2/ros2_homework_advanced_ws/install/fsd_common_msgs/local/lib/python3.10/dist-packages/fsd_common_msgs/fsd_common_msgs_s__rosidl_typesupport_c.cpython-310-x86_64-linux-gnu.so" to ""
[11.716s] -- Installing: /home/wu/Desktop/26_wuren_wuchunming/Ros2/ros2_homework_advanced_ws/install/fsd_common_msgs/lib/libfsd_common_msgs__rosidl_generator_py.so
[11.717s] -- Set runtime path of "/home/wu/Desktop/26_wuren_wuchunming/Ros2/ros2_homework_advanced_ws/install/fsd_common_msgs/lib/libfsd_common_msgs__rosidl_generator_py.so" to ""
[11.717s] -- Installing: /home/wu/Desktop/26_wuren_wuchunming/Ros2/ros2_homework_advanced_ws/install/fsd_common_msgs/share/ament_index/resource_index/rust_packages/fsd_common_msgs
[11.717s] -- Installing: /home/wu/Desktop/26_wuren_wuchunming/Ros2/ros2_homework_advanced_ws/install/fsd_common_msgs/share/fsd_common_msgs/rust
[11.717s] -- Installing: /home/wu/Desktop/26_wuren_wuchunming/Ros2/ros2_homework_advanced_ws/install/fsd_common_msgs/share/fsd_common_msgs/rust/Cargo.toml
[11.717s] -- Installing: /home/wu/Desktop/26_wuren_wuchunming/Ros2/ros2_homework_advanced_ws/install/fsd_common_msgs/share/fsd_common_msgs/rust/build.rs
[11.717s] -- Installing: /home/wu/Desktop/26_wuren_wuchunming/Ros2/ros2_homework_advanced_ws/install/fsd_common_msgs/share/fsd_common_msgs/rust/src
[11.717s] -- Installing: /home/wu/Desktop/26_wuren_wuchunming/Ros2/ros2_homework_advanced_ws/install/fsd_common_msgs/share/fsd_common_msgs/rust/src/msg
[11.717s] -- Installing: /home/wu/Desktop/26_wuren_wuchunming/Ros2/ros2_homework_advanced_ws/install/fsd_common_msgs/share/fsd_common_msgs/rust/src/msg/rmw.rs
[11.717s] -- Installing: /home/wu/Desktop/26_wuren_wuchunming/Ros2/ros2_homework_advanced_ws/install/fsd_common_msgs/share/fsd_common_msgs/rust/src/msg.rs
[11.717s] -- Installing: /home/wu/Desktop/26_wuren_wuchunming/Ros2/ros2_homework_advanced_ws/install/fsd_common_msgs/share/fsd_common_msgs/rust/src/lib.rs
[11.717s] -- Installing: /home/wu/Desktop/26_wuren_wuchunming/Ros2/ros2_homework_advanced_ws/install/fsd_common_msgs/share/fsd_common_msgs/msg/AsState.idl
[11.717s] -- Installing: /home/wu/Desktop/26_wuren_wuchunming/Ros2/ros2_homework_advanced_ws/install/fsd_common_msgs/share/fsd_common_msgs/msg/AsensingMessage.idl
[11.717s] -- Installing: /home/wu/Desktop/26_wuren_wuchunming/Ros2/ros2_homework_advanced_ws/install/fsd_common_msgs/share/fsd_common_msgs/msg/CanFrames.idl
[11.718s] -- Installing: /home/wu/Desktop/26_wuren_wuchunming/Ros2/ros2_homework_advanced_ws/install/fsd_common_msgs/share/fsd_common_msgs/msg/CarState.idl
[11.718s] -- Installing: /home/wu/Desktop/26_wuren_wuchunming/Ros2/ros2_homework_advanced_ws/install/fsd_common_msgs/share/fsd_common_msgs/msg/CarStateDt.idl
[11.718s] -- Installing: /home/wu/Desktop/26_wuren_wuchunming/Ros2/ros2_homework_advanced_ws/install/fsd_common_msgs/share/fsd_common_msgs/msg/Cone.idl
[11.718s] -- Installing: /home/wu/Desktop/26_wuren_wuchunming/Ros2/ros2_homework_advanced_ws/install/fsd_common_msgs/share/fsd_common_msgs/msg/ConeDbscan.idl
[11.718s] -- Installing: /home/wu/Desktop/26_wuren_wuchunming/Ros2/ros2_homework_advanced_ws/install/fsd_common_msgs/share/fsd_common_msgs/msg/ConeDetections.idl
[11.718s] -- Installing: /home/wu/Desktop/26_wuren_wuchunming/Ros2/ros2_homework_advanced_ws/install/fsd_common_msgs/share/fsd_common_msgs/msg/ConeDetectionsDbscan.idl
[11.718s] -- Installing: /home/wu/Desktop/26_wuren_wuchunming/Ros2/ros2_homework_advanced_ws/install/fsd_common_msgs/share/fsd_common_msgs/msg/ControlCommand.idl
[11.718s] -- Installing: /home/wu/Desktop/26_wuren_wuchunming/Ros2/ros2_homework_advanced_ws/install/fsd_common_msgs/share/fsd_common_msgs/msg/DecisionFlag.idl
[11.718s] -- Installing: /home/wu/Desktop/26_wuren_wuchunming/Ros2/ros2_homework_advanced_ws/install/fsd_common_msgs/share/fsd_common_msgs/msg/DrivingDynamics.idl
[11.718s] -- Installing: /home/wu/Desktop/26_wuren_wuchunming/Ros2/ros2_homework_advanced_ws/install/fsd_common_msgs/share/fsd_common_msgs/msg/EchievMessage.idl
[11.718s] -- Installing: /home/wu/Desktop/26_wuren_wuchunming/Ros2/ros2_homework_advanced_ws/install/fsd_common_msgs/share/fsd_common_msgs/msg/Feedback.idl
[11.718s] -- Installing: /home/wu/Desktop/26_wuren_wuchunming/Ros2/ros2_homework_advanced_ws/install/fsd_common_msgs/share/fsd_common_msgs/msg/InsDelta.idl
[11.718s] -- Installing: /home/wu/Desktop/26_wuren_wuchunming/Ros2/ros2_homework_advanced_ws/install/fsd_common_msgs/share/fsd_common_msgs/msg/Map.idl
[11.719s] -- Installing: /home/wu/Desktop/26_wuren_wuchunming/Ros2/ros2_homework_advanced_ws/install/fsd_common_msgs/share/fsd_common_msgs/msg/Mission.idl
[11.719s] -- Installing: /home/wu/Desktop/26_wuren_wuchunming/Ros2/ros2_homework_advanced_ws/install/fsd_common_msgs/share/fsd_common_msgs/msg/RemoteControlCommand.idl
[11.719s] -- Installing: /home/wu/Desktop/26_wuren_wuchunming/Ros2/ros2_homework_advanced_ws/install/fsd_common_msgs/share/fsd_common_msgs/msg/ResAndAmi.idl
[11.719s] -- Installing: /home/wu/Desktop/26_wuren_wuchunming/Ros2/ros2_homework_advanced_ws/install/fsd_common_msgs/share/fsd_common_msgs/msg/SkidpadGlobalCenterLine.idl
[11.719s] -- Installing: /home/wu/Desktop/26_wuren_wuchunming/Ros2/ros2_homework_advanced_ws/install/fsd_common_msgs/share/fsd_common_msgs/msg/Time.idl
[11.719s] -- Installing: /home/wu/Desktop/26_wuren_wuchunming/Ros2/ros2_homework_advanced_ws/install/fsd_common_msgs/share/fsd_common_msgs/msg/Track.idl
[11.719s] -- Installing: /home/wu/Desktop/26_wuren_wuchunming/Ros2/ros2_homework_advanced_ws/install/fsd_common_msgs/share/fsd_common_msgs/msg/TrajectoryPoint.idl
[11.719s] -- Installing: /home/wu/Desktop/26_wuren_wuchunming/Ros2/ros2_homework_advanced_ws/install/fsd_common_msgs/share/fsd_common_msgs/msg/Visualization.idl
[11.719s] -- Installing: /home/wu/Desktop/26_wuren_wuchunming/Ros2/ros2_homework_advanced_ws/install/fsd_common_msgs/share/fsd_common_msgs/msg/YoloCone.idl
[11.719s] -- Installing: /home/wu/Desktop/26_wuren_wuchunming/Ros2/ros2_homework_advanced_ws/install/fsd_common_msgs/share/fsd_common_msgs/msg/YoloConeDetections.idl
[11.719s] -- Installing: /home/wu/Desktop/26_wuren_wuchunming/Ros2/ros2_homework_advanced_ws/install/fsd_common_msgs/share/fsd_common_msgs/msg/YoloConeDetectionsTrack.idl
[11.720s] -- Installing: /home/wu/Desktop/26_wuren_wuchunming/Ros2/ros2_homework_advanced_ws/install/fsd_common_msgs/share/fsd_common_msgs/msg/YoloConeTrack.idl
[11.720s] -- Installing: /home/wu/Desktop/26_wuren_wuchunming/Ros2/ros2_homework_advanced_ws/install/fsd_common_msgs/share/fsd_common_msgs/msg/AsState.msg
[11.720s] -- Installing: /home/wu/Desktop/26_wuren_wuchunming/Ros2/ros2_homework_advanced_ws/install/fsd_common_msgs/share/fsd_common_msgs/msg/AsensingMessage.msg
[11.720s] -- Installing: /home/wu/Desktop/26_wuren_wuchunming/Ros2/ros2_homework_advanced_ws/install/fsd_common_msgs/share/fsd_common_msgs/msg/CanFrames.msg
[11.720s] -- Installing: /home/wu/Desktop/26_wuren_wuchunming/Ros2/ros2_homework_advanced_ws/install/fsd_common_msgs/share/fsd_common_msgs/msg/CarState.msg
[11.720s] -- Installing: /home/wu/Desktop/26_wuren_wuchunming/Ros2/ros2_homework_advanced_ws/install/fsd_common_msgs/share/fsd_common_msgs/msg/CarStateDt.msg
[11.720s] -- Installing: /home/wu/Desktop/26_wuren_wuchunming/Ros2/ros2_homework_advanced_ws/install/fsd_common_msgs/share/fsd_common_msgs/msg/Cone.msg
[11.720s] -- Installing: /home/wu/Desktop/26_wuren_wuchunming/Ros2/ros2_homework_advanced_ws/install/fsd_common_msgs/share/fsd_common_msgs/msg/ConeDbscan.msg
[11.720s] -- Installing: /home/wu/Desktop/26_wuren_wuchunming/Ros2/ros2_homework_advanced_ws/install/fsd_common_msgs/share/fsd_common_msgs/msg/ConeDetections.msg
[11.720s] -- Installing: /home/wu/Desktop/26_wuren_wuchunming/Ros2/ros2_homework_advanced_ws/install/fsd_common_msgs/share/fsd_common_msgs/msg/ConeDetectionsDbscan.msg
[11.720s] -- Installing: /home/wu/Desktop/26_wuren_wuchunming/Ros2/ros2_homework_advanced_ws/install/fsd_common_msgs/share/fsd_common_msgs/msg/ControlCommand.msg
[11.720s] -- Installing: /home/wu/Desktop/26_wuren_wuchunming/Ros2/ros2_homework_advanced_ws/install/fsd_common_msgs/share/fsd_common_msgs/msg/DecisionFlag.msg
[11.721s] -- Installing: /home/wu/Desktop/26_wuren_wuchunming/Ros2/ros2_homework_advanced_ws/install/fsd_common_msgs/share/fsd_common_msgs/msg/DrivingDynamics.msg
[11.721s] -- Installing: /home/wu/Desktop/26_wuren_wuchunming/Ros2/ros2_homework_advanced_ws/install/fsd_common_msgs/share/fsd_common_msgs/msg/EchievMessage.msg
[11.721s] -- Installing: /home/wu/Desktop/26_wuren_wuchunming/Ros2/ros2_homework_advanced_ws/install/fsd_common_msgs/share/fsd_common_msgs/msg/Feedback.msg
[11.721s] -- Installing: /home/wu/Desktop/26_wuren_wuchunming/Ros2/ros2_homework_advanced_ws/install/fsd_common_msgs/share/fsd_common_msgs/msg/InsDelta.msg
[11.721s] -- Installing: /home/wu/Desktop/26_wuren_wuchunming/Ros2/ros2_homework_advanced_ws/install/fsd_common_msgs/share/fsd_common_msgs/msg/Map.msg
[11.721s] -- Installing: /home/wu/Desktop/26_wuren_wuchunming/Ros2/ros2_homework_advanced_ws/install/fsd_common_msgs/share/fsd_common_msgs/msg/Mission.msg
[11.721s] -- Installing: /home/wu/Desktop/26_wuren_wuchunming/Ros2/ros2_homework_advanced_ws/install/fsd_common_msgs/share/fsd_common_msgs/msg/RemoteControlCommand.msg
[11.721s] -- Installing: /home/wu/Desktop/26_wuren_wuchunming/Ros2/ros2_homework_advanced_ws/install/fsd_common_msgs/share/fsd_common_msgs/msg/ResAndAmi.msg
[11.721s] -- Installing: /home/wu/Desktop/26_wuren_wuchunming/Ros2/ros2_homework_advanced_ws/install/fsd_common_msgs/share/fsd_common_msgs/msg/SkidpadGlobalCenterLine.msg
[11.721s] -- Installing: /home/wu/Desktop/26_wuren_wuchunming/Ros2/ros2_homework_advanced_ws/install/fsd_common_msgs/share/fsd_common_msgs/msg/Time.msg
[11.721s] -- Installing: /home/wu/Desktop/26_wuren_wuchunming/Ros2/ros2_homework_advanced_ws/install/fsd_common_msgs/share/fsd_common_msgs/msg/Track.msg
[11.721s] -- Installing: /home/wu/Desktop/26_wuren_wuchunming/Ros2/ros2_homework_advanced_ws/install/fsd_common_msgs/share/fsd_common_msgs/msg/TrajectoryPoint.msg
[11.722s] -- Installing: /home/wu/Desktop/26_wuren_wuchunming/Ros2/ros2_homework_advanced_ws/install/fsd_common_msgs/share/fsd_common_msgs/msg/Visualization.msg
[11.722s] -- Installing: /home/wu/Desktop/26_wuren_wuchunming/Ros2/ros2_homework_advanced_ws/install/fsd_common_msgs/share/fsd_common_msgs/msg/YoloCone.msg
[11.722s] -- Installing: /home/wu/Desktop/26_wuren_wuchunming/Ros2/ros2_homework_advanced_ws/install/fsd_common_msgs/share/fsd_common_msgs/msg/YoloConeDetections.msg
[11.722s] -- Installing: /home/wu/Desktop/26_wuren_wuchunming/Ros2/ros2_homework_advanced_ws/install/fsd_common_msgs/share/fsd_common_msgs/msg/YoloConeDetectionsTrack.msg
[11.722s] -- Installing: /home/wu/Desktop/26_wuren_wuchunming/Ros2/ros2_homework_advanced_ws/install/fsd_common_msgs/share/fsd_common_msgs/msg/YoloConeTrack.msg
[11.722s] -- Installing: /home/wu/Desktop/26_wuren_wuchunming/Ros2/ros2_homework_advanced_ws/install/fsd_common_msgs/share/ament_index/resource_index/package_run_dependencies/fsd_common_msgs
[11.722s] -- Installing: /home/wu/Desktop/26_wuren_wuchunming/Ros2/ros2_homework_advanced_ws/install/fsd_common_msgs/share/ament_index/resource_index/parent_prefix_path/fsd_common_msgs
[11.722s] -- Installing: /home/wu/Desktop/26_wuren_wuchunming/Ros2/ros2_homework_advanced_ws/install/fsd_common_msgs/share/fsd_common_msgs/environment/ament_prefix_path.sh
[11.722s] -- Installing: /home/wu/Desktop/26_wuren_wuchunming/Ros2/ros2_homework_advanced_ws/install/fsd_common_msgs/share/fsd_common_msgs/environment/ament_prefix_path.dsv
[11.722s] -- Installing: /home/wu/Desktop/26_wuren_wuchunming/Ros2/ros2_homework_advanced_ws/install/fsd_common_msgs/share/fsd_common_msgs/environment/path.sh
[11.722s] -- Installing: /home/wu/Desktop/26_wuren_wuchunming/Ros2/ros2_homework_advanced_ws/install/fsd_common_msgs/share/fsd_common_msgs/environment/path.dsv
[11.723s] -- Installing: /home/wu/Desktop/26_wuren_wuchunming/Ros2/ros2_homework_advanced_ws/install/fsd_common_msgs/share/fsd_common_msgs/local_setup.bash
[11.723s] -- Installing: /home/wu/Desktop/26_wuren_wuchunming/Ros2/ros2_homework_advanced_ws/install/fsd_common_msgs/share/fsd_common_msgs/local_setup.sh
[11.723s] -- Installing: /home/wu/Desktop/26_wuren_wuchunming/Ros2/ros2_homework_advanced_ws/install/fsd_common_msgs/share/fsd_common_msgs/local_setup.zsh
[11.723s] -- Installing: /home/wu/Desktop/26_wuren_wuchunming/Ros2/ros2_homework_advanced_ws/install/fsd_common_msgs/share/fsd_common_msgs/local_setup.dsv
[11.723s] -- Installing: /home/wu/Desktop/26_wuren_wuchunming/Ros2/ros2_homework_advanced_ws/install/fsd_common_msgs/share/fsd_common_msgs/package.dsv
[11.723s] -- Installing: /home/wu/Desktop/26_wuren_wuchunming/Ros2/ros2_homework_advanced_ws/install/fsd_common_msgs/share/ament_index/resource_index/packages/fsd_common_msgs
[11.723s] -- Installing: /home/wu/Desktop/26_wuren_wuchunming/Ros2/ros2_homework_advanced_ws/install/fsd_common_msgs/share/fsd_common_msgs/cmake/export_fsd_common_msgs__rosidl_generator_cExport.cmake
[11.723s] -- Installing: /home/wu/Desktop/26_wuren_wuchunming/Ros2/ros2_homework_advanced_ws/install/fsd_common_msgs/share/fsd_common_msgs/cmake/export_fsd_common_msgs__rosidl_generator_cExport-noconfig.cmake
[11.723s] -- Installing: /home/wu/Desktop/26_wuren_wuchunming/Ros2/ros2_homework_advanced_ws/install/fsd_common_msgs/share/fsd_common_msgs/cmake/export_fsd_common_msgs__rosidl_typesupport_fastrtps_cExport.cmake
[11.723s] -- Installing: /home/wu/Desktop/26_wuren_wuchunming/Ros2/ros2_homework_advanced_ws/install/fsd_common_msgs/share/fsd_common_msgs/cmake/export_fsd_common_msgs__rosidl_typesupport_fastrtps_cExport-noconfig.cmake
[11.724s] -- Installing: /home/wu/Desktop/26_wuren_wuchunming/Ros2/ros2_homework_advanced_ws/install/fsd_common_msgs/share/fsd_common_msgs/cmake/fsd_common_msgs__rosidl_typesupport_introspection_cExport.cmake
[11.724s] -- Installing: /home/wu/Desktop/26_wuren_wuchunming/Ros2/ros2_homework_advanced_ws/install/fsd_common_msgs/share/fsd_common_msgs/cmake/fsd_common_msgs__rosidl_typesupport_introspection_cExport-noconfig.cmake
[11.724s] -- Installing: /home/wu/Desktop/26_wuren_wuchunming/Ros2/ros2_homework_advanced_ws/install/fsd_common_msgs/share/fsd_common_msgs/cmake/fsd_common_msgs__rosidl_typesupport_cExport.cmake
[11.724s] -- Installing: /home/wu/Desktop/26_wuren_wuchunming/Ros2/ros2_homework_advanced_ws/install/fsd_common_msgs/share/fsd_common_msgs/cmake/fsd_common_msgs__rosidl_typesupport_cExport-noconfig.cmake
[11.724s] -- Installing: /home/wu/Desktop/26_wuren_wuchunming/Ros2/ros2_homework_advanced_ws/install/fsd_common_msgs/share/fsd_common_msgs/cmake/export_fsd_common_msgs__rosidl_generator_cppExport.cmake
[11.724s] -- Installing: /home/wu/Desktop/26_wuren_wuchunming/Ros2/ros2_homework_advanced_ws/install/fsd_common_msgs/share/fsd_common_msgs/cmake/export_fsd_common_msgs__rosidl_typesupport_fastrtps_cppExport.cmake
[11.724s] -- Installing: /home/wu/Desktop/26_wuren_wuchunming/Ros2/ros2_homework_advanced_ws/install/fsd_common_msgs/share/fsd_common_msgs/cmake/export_fsd_common_msgs__rosidl_typesupport_fastrtps_cppExport-noconfig.cmake
[11.724s] -- Installing: /home/wu/Desktop/26_wuren_wuchunming/Ros2/ros2_homework_advanced_ws/install/fsd_common_msgs/share/fsd_common_msgs/cmake/fsd_common_msgs__rosidl_typesupport_introspection_cppExport.cmake
[11.725s] -- Installing: /home/wu/Desktop/26_wuren_wuchunming/Ros2/ros2_homework_advanced_ws/install/fsd_common_msgs/share/fsd_common_msgs/cmake/fsd_common_msgs__rosidl_typesupport_introspection_cppExport-noconfig.cmake
[11.725s] -- Installing: /home/wu/Desktop/26_wuren_wuchunming/Ros2/ros2_homework_advanced_ws/install/fsd_common_msgs/share/fsd_common_msgs/cmake/fsd_common_msgs__rosidl_typesupport_cppExport.cmake
[11.725s] -- Installing: /home/wu/Desktop/26_wuren_wuchunming/Ros2/ros2_homework_advanced_ws/install/fsd_common_msgs/share/fsd_common_msgs/cmake/fsd_common_msgs__rosidl_typesupport_cppExport-noconfig.cmake
[11.725s] -- Installing: /home/wu/Desktop/26_wuren_wuchunming/Ros2/ros2_homework_advanced_ws/install/fsd_common_msgs/share/fsd_common_msgs/cmake/export_fsd_common_msgs__rosidl_generator_pyExport.cmake
[11.725s] -- Installing: /home/wu/Desktop/26_wuren_wuchunming/Ros2/ros2_homework_advanced_ws/install/fsd_common_msgs/share/fsd_common_msgs/cmake/export_fsd_common_msgs__rosidl_generator_pyExport-noconfig.cmake
[11.725s] -- Installing: /home/wu/Desktop/26_wuren_wuchunming/Ros2/ros2_homework_advanced_ws/install/fsd_common_msgs/share/fsd_common_msgs/cmake/rosidl_cmake-extras.cmake
[11.725s] -- Installing: /home/wu/Desktop/26_wuren_wuchunming/Ros2/ros2_homework_advanced_ws/install/fsd_common_msgs/share/fsd_common_msgs/cmake/ament_cmake_export_dependencies-extras.cmake
[11.725s] -- Installing: /home/wu/Desktop/26_wuren_wuchunming/Ros2/ros2_homework_advanced_ws/install/fsd_common_msgs/share/fsd_common_msgs/cmake/ament_cmake_export_include_directories-extras.cmake
[11.725s] -- Installing: /home/wu/Desktop/26_wuren_wuchunming/Ros2/ros2_homework_advanced_ws/install/fsd_common_msgs/share/fsd_common_msgs/cmake/ament_cmake_export_libraries-extras.cmake
[11.725s] -- Installing: /home/wu/Desktop/26_wuren_wuchunming/Ros2/ros2_homework_advanced_ws/install/fsd_common_msgs/share/fsd_common_msgs/cmake/ament_cmake_export_targets-extras.cmake
[11.726s] -- Installing: /home/wu/Desktop/26_wuren_wuchunming/Ros2/ros2_homework_advanced_ws/install/fsd_common_msgs/share/fsd_common_msgs/cmake/rosidl_cmake_export_typesupport_targets-extras.cmake
[11.726s] -- Installing: /home/wu/Desktop/26_wuren_wuchunming/Ros2/ros2_homework_advanced_ws/install/fsd_common_msgs/share/fsd_common_msgs/cmake/rosidl_cmake_export_typesupport_libraries-extras.cmake
[11.726s] -- Installing: /home/wu/Desktop/26_wuren_wuchunming/Ros2/ros2_homework_advanced_ws/install/fsd_common_msgs/share/fsd_common_msgs/cmake/fsd_common_msgsConfig.cmake
[11.726s] -- Installing: /home/wu/Desktop/26_wuren_wuchunming/Ros2/ros2_homework_advanced_ws/install/fsd_common_msgs/share/fsd_common_msgs/cmake/fsd_common_msgsConfig-version.cmake
[11.726s] -- Installing: /home/wu/Desktop/26_wuren_wuchunming/Ros2/ros2_homework_advanced_ws/install/fsd_common_msgs/share/fsd_common_msgs/package.xml
[11.728s] Invoked command in '/home/wu/Desktop/26_wuren_wuchunming/Ros2/ros2_homework_advanced_ws/build/fsd_common_msgs' returned '0': CMAKE_PREFIX_PATH=${CMAKE_PREFIX_PATH}:/opt/ros/humble /usr/bin/cmake --install /home/wu/Desktop/26_wuren_wuchunming/Ros2/ros2_homework_advanced_ws/build/fsd_common_msgs
