[0.000000] (-) TimerEvent: {}
[0.000166] (fsd_common_msgs) JobQueued: {'identifier': 'fsd_common_msgs', 'dependencies': OrderedDict()}
[0.000188] (ros2_homework_advanced_package) JobQueued: {'identifier': 'ros2_homework_advanced_package', 'dependencies': OrderedDict([('fsd_common_msgs', '/home/wu/Desktop/26_wuren_wuchunming/Ros2/ros2_homework_advanced_ws/install/fsd_common_msgs')])}
[0.000201] (fsd_common_msgs) JobStarted: {'identifier': 'fsd_common_msgs'}
[0.004820] (fsd_common_msgs) JobProgress: {'identifier': 'fsd_common_msgs', 'progress': 'cmake'}
[0.005170] (fsd_common_msgs) Command: {'cmd': ['/usr/bin/cmake', '/home/wu/Desktop/26_wuren_wuchunming/Ros2/ros2_homework_advanced_ws/src/fsd_common_msgs', '-DCMAKE_INSTALL_PREFIX=/home/wu/Desktop/26_wuren_wuchunming/Ros2/ros2_homework_advanced_ws/install/fsd_common_msgs'], 'cwd': '/home/wu/Desktop/26_wuren_wuchunming/Ros2/ros2_homework_advanced_ws/build/fsd_common_msgs', 'env': OrderedDict([('LESSOPEN', '| /usr/bin/lesspipe %s'), ('LANGUAGE', 'zh_CN:zh'), ('USER', 'wu'), ('XDG_SESSION_TYPE', 'wayland'), ('SHLVL', '1'), ('LD_LIBRARY_PATH', '/opt/ros/humble/opt/rviz_ogre_vendor/lib:/opt/ros/humble/lib/x86_64-linux-gnu:/opt/ros/humble/lib'), ('HOME', '/home/wu'), ('CONDA_SHLVL', '0'), ('DESKTOP_SESSION', 'ubuntu'), ('ROS_PYTHON_VERSION', '3'), ('GNOME_SHELL_SESSION_MODE', 'ubuntu'), ('GTK_MODULES', 'gail:atk-bridge'), ('DBUS_STARTER_BUS_TYPE', 'session'), ('SYSTEMD_EXEC_PID', '1871'), ('DBUS_SESSION_BUS_ADDRESS', 'unix:path=/run/user/1000/bus,guid=c75c46452f547b93184815786a203848'), ('COLORTERM', 'truecolor'), ('_CE_M', ''), ('_CONDA_ROOT', '/home/wu/miniconda3'), ('IM_CONFIG_PHASE', '1'), ('WAYLAND_DISPLAY', 'wayland-0'), ('COLCON_PREFIX_PATH', '/home/wu/Desktop/26_wuren_wuchunming/Ros2/ros2_homework_basic_ws/install:/home/wu/Desktop/学习/ros2_learning-main/ros2_case/install'), ('ROS_DISTRO', 'humble'), ('LOGNAME', 'wu'), ('_', '/usr/bin/colcon'), ('ROS_VERSION', '2'), ('XDG_SESSION_CLASS', 'user'), ('USERNAME', 'wu'), ('TERM', 'xterm-256color'), ('GNOME_DESKTOP_SESSION_ID', 'this-is-deprecated'), ('_CE_CONDA', ''), ('ROS_LOCALHOST_ONLY', '0'), ('PATH', '/opt/ros/humble/bin:/home/wu/miniconda3/condabin:/usr/local/sbin:/usr/local/bin:/usr/sbin:/usr/bin:/sbin:/bin:/usr/games:/usr/local/games:/snap/bin:/snap/bin'), ('SESSION_MANAGER', 'local/Wu:@/tmp/.ICE-unix/1871,unix/Wu:/tmp/.ICE-unix/1871'), ('XDG_MENU_PREFIX', 'gnome-'), ('GNOME_TERMINAL_SCREEN', '/org/gnome/Terminal/screen/d16c2010_3fd9_4b3c_8df2_fd35376575a6'), ('GNOME_SETUP_DISPLAY', ':1'), ('XDG_RUNTIME_DIR', '/run/user/1000'), ('DISPLAY', ':0'), ('LANG', 'zh_CN.UTF-8'), ('XDG_CURRENT_DESKTOP', 'ubuntu:GNOME'), ('XMODIFIERS', '@im=ibus'), ('XDG_SESSION_DESKTOP', 'ubuntu'), ('XAUTHORITY', '/run/user/1000/.mutter-Xwaylandauth.S5NSQ3'), ('LS_COLORS', 'rs=0:di=01;34:ln=01;36:mh=00:pi=40;33:so=01;35:do=01;35:bd=40;33;01:cd=40;33;01:or=40;31;01:mi=00:su=37;41:sg=30;43:ca=30;41:tw=30;42:ow=34;42:st=37;44:ex=01;32:*.tar=01;31:*.tgz=01;31:*.arc=01;31:*.arj=01;31:*.taz=01;31:*.lha=01;31:*.lz4=01;31:*.lzh=01;31:*.lzma=01;31:*.tlz=01;31:*.txz=01;31:*.tzo=01;31:*.t7z=01;31:*.zip=01;31:*.z=01;31:*.dz=01;31:*.gz=01;31:*.lrz=01;31:*.lz=01;31:*.lzo=01;31:*.xz=01;31:*.zst=01;31:*.tzst=01;31:*.bz2=01;31:*.bz=01;31:*.tbz=01;31:*.tbz2=01;31:*.tz=01;31:*.deb=01;31:*.rpm=01;31:*.jar=01;31:*.war=01;31:*.ear=01;31:*.sar=01;31:*.rar=01;31:*.alz=01;31:*.ace=01;31:*.zoo=01;31:*.cpio=01;31:*.7z=01;31:*.rz=01;31:*.cab=01;31:*.wim=01;31:*.swm=01;31:*.dwm=01;31:*.esd=01;31:*.jpg=01;35:*.jpeg=01;35:*.mjpg=01;35:*.mjpeg=01;35:*.gif=01;35:*.bmp=01;35:*.pbm=01;35:*.pgm=01;35:*.ppm=01;35:*.tga=01;35:*.xbm=01;35:*.xpm=01;35:*.tif=01;35:*.tiff=01;35:*.png=01;35:*.svg=01;35:*.svgz=01;35:*.mng=01;35:*.pcx=01;35:*.mov=01;35:*.mpg=01;35:*.mpeg=01;35:*.m2v=01;35:*.mkv=01;35:*.webm=01;35:*.webp=01;35:*.ogm=01;35:*.mp4=01;35:*.m4v=01;35:*.mp4v=01;35:*.vob=01;35:*.qt=01;35:*.nuv=01;35:*.wmv=01;35:*.asf=01;35:*.rm=01;35:*.rmvb=01;35:*.flc=01;35:*.avi=01;35:*.fli=01;35:*.flv=01;35:*.gl=01;35:*.dl=01;35:*.xcf=01;35:*.xwd=01;35:*.yuv=01;35:*.cgm=01;35:*.emf=01;35:*.ogv=01;35:*.ogx=01;35:*.aac=00;36:*.au=00;36:*.flac=00;36:*.m4a=00;36:*.mid=00;36:*.midi=00;36:*.mka=00;36:*.mp3=00;36:*.mpc=00;36:*.ogg=00;36:*.ra=00;36:*.wav=00;36:*.oga=00;36:*.opus=00;36:*.spx=00;36:*.xspf=00;36:'), ('GNOME_TERMINAL_SERVICE', ':1.432'), ('SSH_AGENT_LAUNCHER', 'gnome-keyring'), ('SSH_AUTH_SOCK', '/run/user/1000/keyring/ssh'), ('AMENT_PREFIX_PATH', '/home/wu/Desktop/26_wuren_wuchunming/Ros2/ros2_homework_basic_ws/install/ros2_homework_basic_package:/home/wu/Desktop/学习/ros2_learning-main/ros2_case/install/topic_case_package:/home/wu/Desktop/学习/ros2_learning-main/ros2_case/install/param_case_package:/opt/ros/humble'), ('CONDA_PYTHON_EXE', '/home/wu/miniconda3/bin/python'), ('SHELL', '/bin/bash'), ('QT_ACCESSIBILITY', '1'), ('GDMSESSION', 'ubuntu'), ('LESSCLOSE', '/usr/bin/lesspipe %s %s'), ('_CONDA_EXE', '/home/wu/miniconda3/bin/conda'), ('QT_IM_MODULE', 'ibus'), ('PWD', '/home/wu/Desktop/26_wuren_wuchunming/Ros2/ros2_homework_advanced_ws/build/fsd_common_msgs'), ('XDG_CONFIG_DIRS', '/etc/xdg/xdg-ubuntu:/etc/xdg'), ('CONDA_EXE', '/home/wu/miniconda3/bin/conda'), ('DBUS_STARTER_ADDRESS', 'unix:path=/run/user/1000/bus,guid=c75c46452f547b93184815786a203848'), ('XDG_DATA_DIRS', '/usr/share/ubuntu:/usr/local/share/:/usr/share/:/var/lib/snapd/desktop'), ('PYTHONPATH', '/opt/ros/humble/lib/python3.10/site-packages:/opt/ros/humble/local/lib/python3.10/dist-packages'), ('COLCON', '1'), ('VTE_VERSION', '6800'), ('CMAKE_PREFIX_PATH', '/home/wu/Desktop/26_wuren_wuchunming/Ros2/ros2_homework_basic_ws/install/ros2_homework_basic_package:/home/wu/Desktop/学习/ros2_learning-main/ros2_case/install/topic_case_package:/home/wu/Desktop/学习/ros2_learning-main/ros2_case/install/param_case_package:/opt/ros/humble')]), 'shell': False}
[0.099491] (-) TimerEvent: {}
[0.106381] (fsd_common_msgs) StdoutLine: {'line': b'-- The C compiler identification is GNU 11.4.0\n'}
[0.159814] (fsd_common_msgs) StdoutLine: {'line': b'-- The CXX compiler identification is GNU 11.4.0\n'}
[0.167558] (fsd_common_msgs) StdoutLine: {'line': b'-- Detecting C compiler ABI info\n'}
[0.199628] (-) TimerEvent: {}
[0.242955] (fsd_common_msgs) StdoutLine: {'line': b'-- Detecting C compiler ABI info - done\n'}
[0.249705] (fsd_common_msgs) StdoutLine: {'line': b'-- Check for working C compiler: /usr/bin/cc - skipped\n'}
[0.250098] (fsd_common_msgs) StdoutLine: {'line': b'-- Detecting C compile features\n'}
[0.250876] (fsd_common_msgs) StdoutLine: {'line': b'-- Detecting C compile features - done\n'}
[0.254612] (fsd_common_msgs) StdoutLine: {'line': b'-- Detecting CXX compiler ABI info\n'}
[0.299749] (-) TimerEvent: {}
[0.340183] (fsd_common_msgs) StdoutLine: {'line': b'-- Detecting CXX compiler ABI info - done\n'}
[0.348640] (fsd_common_msgs) StdoutLine: {'line': b'-- Check for working CXX compiler: /usr/bin/c++ - skipped\n'}
[0.348888] (fsd_common_msgs) StdoutLine: {'line': b'-- Detecting CXX compile features\n'}
[0.349490] (fsd_common_msgs) StdoutLine: {'line': b'-- Detecting CXX compile features - done\n'}
[0.356743] (fsd_common_msgs) StdoutLine: {'line': b'-- Found ament_cmake: 1.3.14 (/opt/ros/humble/share/ament_cmake/cmake)\n'}
[0.400046] (-) TimerEvent: {}
[0.500263] (-) TimerEvent: {}
[0.513517] (fsd_common_msgs) StdoutLine: {'line': b'-- Found Python3: /usr/bin/python3 (found version "3.10.12") found components: Interpreter \n'}
[0.600354] (-) TimerEvent: {}
[0.604173] (fsd_common_msgs) StdoutLine: {'line': b'-- Found rosidl_default_generators: 1.2.1 (/opt/ros/humble/share/rosidl_default_generators/cmake)\n'}
[0.611322] (fsd_common_msgs) StdoutLine: {'line': b'-- Using all available rosidl_typesupport_c: rosidl_typesupport_fastrtps_c;rosidl_typesupport_introspection_c\n'}
[0.620147] (fsd_common_msgs) StdoutLine: {'line': b'-- Found rosidl_adapter: 3.1.8 (/opt/ros/humble/share/rosidl_adapter/cmake)\n'}
[0.658392] (fsd_common_msgs) StdoutLine: {'line': b'-- Using all available rosidl_typesupport_cpp: rosidl_typesupport_fastrtps_cpp;rosidl_typesupport_introspection_cpp\n'}
[0.697118] (fsd_common_msgs) StdoutLine: {'line': b'-- Found std_msgs: 4.9.1 (/opt/ros/humble/share/std_msgs/cmake)\n'}
[0.700424] (-) TimerEvent: {}
[0.721202] (fsd_common_msgs) StdoutLine: {'line': b'-- Found geometry_msgs: 4.9.1 (/opt/ros/humble/share/geometry_msgs/cmake)\n'}
[0.733581] (fsd_common_msgs) StdoutLine: {'line': b'-- Found can_msgs: 2.0.0 (/opt/ros/humble/share/can_msgs/cmake)\n'}
[0.745997] (fsd_common_msgs) StdoutLine: {'line': b'-- Found nav_msgs: 4.9.1 (/opt/ros/humble/share/nav_msgs/cmake)\n'}
[0.800539] (-) TimerEvent: {}
[0.900914] (-) TimerEvent: {}
[1.001218] (-) TimerEvent: {}
[1.101434] (-) TimerEvent: {}
[1.104856] (fsd_common_msgs) StdoutLine: {'line': b'-- Found ament_cmake_ros: 0.10.0 (/opt/ros/humble/share/ament_cmake_ros/cmake)\n'}
[1.201552] (-) TimerEvent: {}
[1.301874] (-) TimerEvent: {}
[1.325755] (fsd_common_msgs) StdoutLine: {'line': b'-- Using all available rosidl_typesupport_c: rosidl_typesupport_fastrtps_c;rosidl_typesupport_introspection_c\n'}
[1.402107] (-) TimerEvent: {}
[1.502305] (-) TimerEvent: {}
[1.602508] (-) TimerEvent: {}
[1.645021] (fsd_common_msgs) StdoutLine: {'line': b'-- Using all available rosidl_typesupport_cpp: rosidl_typesupport_fastrtps_cpp;rosidl_typesupport_introspection_cpp\n'}
[1.666939] (fsd_common_msgs) StdoutLine: {'line': b'-- Found PythonInterp: /usr/bin/python3 (found suitable version "3.10.12", minimum required is "3.6") \n'}
[1.668255] (fsd_common_msgs) StdoutLine: {'line': b'-- Found python_cmake_module: 0.10.0 (/opt/ros/humble/share/python_cmake_module/cmake)\n'}
[1.691578] (fsd_common_msgs) StdoutLine: {'line': b'-- Found PythonLibs: /usr/lib/x86_64-linux-gnu/libpython3.10.so (found suitable version "3.10.12", minimum required is "3.5") \n'}
[1.691844] (fsd_common_msgs) StdoutLine: {'line': b'-- Using PYTHON_EXECUTABLE: /usr/bin/python3\n'}
[1.691968] (fsd_common_msgs) StdoutLine: {'line': b'-- Using PYTHON_INCLUDE_DIRS: /usr/include/python3.10\n'}
[1.692089] (fsd_common_msgs) StdoutLine: {'line': b'-- Using PYTHON_LIBRARIES: /usr/lib/x86_64-linux-gnu/libpython3.10.so\n'}
[1.702584] (-) TimerEvent: {}
[1.712112] (fsd_common_msgs) StdoutLine: {'line': b'-- Found PythonExtra: .so  \n'}
[1.802696] (-) TimerEvent: {}
[1.843274] (fsd_common_msgs) StdoutLine: {'line': b'-- Configuring done\n'}
[1.900726] (fsd_common_msgs) StdoutLine: {'line': b'-- Generating done\n'}
[1.902834] (-) TimerEvent: {}
[1.912481] (fsd_common_msgs) StdoutLine: {'line': b'-- Build files have been written to: /home/wu/Desktop/26_wuren_wuchunming/Ros2/ros2_homework_advanced_ws/build/fsd_common_msgs\n'}
[1.919860] (fsd_common_msgs) CommandEnded: {'returncode': 0}
[1.921576] (fsd_common_msgs) JobProgress: {'identifier': 'fsd_common_msgs', 'progress': 'build'}
[1.921641] (fsd_common_msgs) Command: {'cmd': ['/usr/bin/cmake', '--build', '/home/wu/Desktop/26_wuren_wuchunming/Ros2/ros2_homework_advanced_ws/build/fsd_common_msgs', '--', '-j24', '-l24'], 'cwd': '/home/wu/Desktop/26_wuren_wuchunming/Ros2/ros2_homework_advanced_ws/build/fsd_common_msgs', 'env': OrderedDict([('LESSOPEN', '| /usr/bin/lesspipe %s'), ('LANGUAGE', 'zh_CN:zh'), ('USER', 'wu'), ('XDG_SESSION_TYPE', 'wayland'), ('SHLVL', '1'), ('LD_LIBRARY_PATH', '/opt/ros/humble/opt/rviz_ogre_vendor/lib:/opt/ros/humble/lib/x86_64-linux-gnu:/opt/ros/humble/lib'), ('HOME', '/home/wu'), ('CONDA_SHLVL', '0'), ('DESKTOP_SESSION', 'ubuntu'), ('ROS_PYTHON_VERSION', '3'), ('GNOME_SHELL_SESSION_MODE', 'ubuntu'), ('GTK_MODULES', 'gail:atk-bridge'), ('DBUS_STARTER_BUS_TYPE', 'session'), ('SYSTEMD_EXEC_PID', '1871'), ('DBUS_SESSION_BUS_ADDRESS', 'unix:path=/run/user/1000/bus,guid=c75c46452f547b93184815786a203848'), ('COLORTERM', 'truecolor'), ('_CE_M', ''), ('_CONDA_ROOT', '/home/wu/miniconda3'), ('IM_CONFIG_PHASE', '1'), ('WAYLAND_DISPLAY', 'wayland-0'), ('COLCON_PREFIX_PATH', '/home/wu/Desktop/26_wuren_wuchunming/Ros2/ros2_homework_basic_ws/install:/home/wu/Desktop/学习/ros2_learning-main/ros2_case/install'), ('ROS_DISTRO', 'humble'), ('LOGNAME', 'wu'), ('_', '/usr/bin/colcon'), ('ROS_VERSION', '2'), ('XDG_SESSION_CLASS', 'user'), ('USERNAME', 'wu'), ('TERM', 'xterm-256color'), ('GNOME_DESKTOP_SESSION_ID', 'this-is-deprecated'), ('_CE_CONDA', ''), ('ROS_LOCALHOST_ONLY', '0'), ('PATH', '/opt/ros/humble/bin:/home/wu/miniconda3/condabin:/usr/local/sbin:/usr/local/bin:/usr/sbin:/usr/bin:/sbin:/bin:/usr/games:/usr/local/games:/snap/bin:/snap/bin'), ('SESSION_MANAGER', 'local/Wu:@/tmp/.ICE-unix/1871,unix/Wu:/tmp/.ICE-unix/1871'), ('XDG_MENU_PREFIX', 'gnome-'), ('GNOME_TERMINAL_SCREEN', '/org/gnome/Terminal/screen/d16c2010_3fd9_4b3c_8df2_fd35376575a6'), ('GNOME_SETUP_DISPLAY', ':1'), ('XDG_RUNTIME_DIR', '/run/user/1000'), ('DISPLAY', ':0'), ('LANG', 'zh_CN.UTF-8'), ('XDG_CURRENT_DESKTOP', 'ubuntu:GNOME'), ('XMODIFIERS', '@im=ibus'), ('XDG_SESSION_DESKTOP', 'ubuntu'), ('XAUTHORITY', '/run/user/1000/.mutter-Xwaylandauth.S5NSQ3'), ('LS_COLORS', 'rs=0:di=01;34:ln=01;36:mh=00:pi=40;33:so=01;35:do=01;35:bd=40;33;01:cd=40;33;01:or=40;31;01:mi=00:su=37;41:sg=30;43:ca=30;41:tw=30;42:ow=34;42:st=37;44:ex=01;32:*.tar=01;31:*.tgz=01;31:*.arc=01;31:*.arj=01;31:*.taz=01;31:*.lha=01;31:*.lz4=01;31:*.lzh=01;31:*.lzma=01;31:*.tlz=01;31:*.txz=01;31:*.tzo=01;31:*.t7z=01;31:*.zip=01;31:*.z=01;31:*.dz=01;31:*.gz=01;31:*.lrz=01;31:*.lz=01;31:*.lzo=01;31:*.xz=01;31:*.zst=01;31:*.tzst=01;31:*.bz2=01;31:*.bz=01;31:*.tbz=01;31:*.tbz2=01;31:*.tz=01;31:*.deb=01;31:*.rpm=01;31:*.jar=01;31:*.war=01;31:*.ear=01;31:*.sar=01;31:*.rar=01;31:*.alz=01;31:*.ace=01;31:*.zoo=01;31:*.cpio=01;31:*.7z=01;31:*.rz=01;31:*.cab=01;31:*.wim=01;31:*.swm=01;31:*.dwm=01;31:*.esd=01;31:*.jpg=01;35:*.jpeg=01;35:*.mjpg=01;35:*.mjpeg=01;35:*.gif=01;35:*.bmp=01;35:*.pbm=01;35:*.pgm=01;35:*.ppm=01;35:*.tga=01;35:*.xbm=01;35:*.xpm=01;35:*.tif=01;35:*.tiff=01;35:*.png=01;35:*.svg=01;35:*.svgz=01;35:*.mng=01;35:*.pcx=01;35:*.mov=01;35:*.mpg=01;35:*.mpeg=01;35:*.m2v=01;35:*.mkv=01;35:*.webm=01;35:*.webp=01;35:*.ogm=01;35:*.mp4=01;35:*.m4v=01;35:*.mp4v=01;35:*.vob=01;35:*.qt=01;35:*.nuv=01;35:*.wmv=01;35:*.asf=01;35:*.rm=01;35:*.rmvb=01;35:*.flc=01;35:*.avi=01;35:*.fli=01;35:*.flv=01;35:*.gl=01;35:*.dl=01;35:*.xcf=01;35:*.xwd=01;35:*.yuv=01;35:*.cgm=01;35:*.emf=01;35:*.ogv=01;35:*.ogx=01;35:*.aac=00;36:*.au=00;36:*.flac=00;36:*.m4a=00;36:*.mid=00;36:*.midi=00;36:*.mka=00;36:*.mp3=00;36:*.mpc=00;36:*.ogg=00;36:*.ra=00;36:*.wav=00;36:*.oga=00;36:*.opus=00;36:*.spx=00;36:*.xspf=00;36:'), ('GNOME_TERMINAL_SERVICE', ':1.432'), ('SSH_AGENT_LAUNCHER', 'gnome-keyring'), ('SSH_AUTH_SOCK', '/run/user/1000/keyring/ssh'), ('AMENT_PREFIX_PATH', '/home/wu/Desktop/26_wuren_wuchunming/Ros2/ros2_homework_basic_ws/install/ros2_homework_basic_package:/home/wu/Desktop/学习/ros2_learning-main/ros2_case/install/topic_case_package:/home/wu/Desktop/学习/ros2_learning-main/ros2_case/install/param_case_package:/opt/ros/humble'), ('CONDA_PYTHON_EXE', '/home/wu/miniconda3/bin/python'), ('SHELL', '/bin/bash'), ('QT_ACCESSIBILITY', '1'), ('GDMSESSION', 'ubuntu'), ('LESSCLOSE', '/usr/bin/lesspipe %s %s'), ('_CONDA_EXE', '/home/wu/miniconda3/bin/conda'), ('QT_IM_MODULE', 'ibus'), ('PWD', '/home/wu/Desktop/26_wuren_wuchunming/Ros2/ros2_homework_advanced_ws/build/fsd_common_msgs'), ('XDG_CONFIG_DIRS', '/etc/xdg/xdg-ubuntu:/etc/xdg'), ('CONDA_EXE', '/home/wu/miniconda3/bin/conda'), ('DBUS_STARTER_ADDRESS', 'unix:path=/run/user/1000/bus,guid=c75c46452f547b93184815786a203848'), ('XDG_DATA_DIRS', '/usr/share/ubuntu:/usr/local/share/:/usr/share/:/var/lib/snapd/desktop'), ('PYTHONPATH', '/opt/ros/humble/lib/python3.10/site-packages:/opt/ros/humble/local/lib/python3.10/dist-packages'), ('COLCON', '1'), ('VTE_VERSION', '6800'), ('CMAKE_PREFIX_PATH', '/home/wu/Desktop/26_wuren_wuchunming/Ros2/ros2_homework_basic_ws/install/ros2_homework_basic_package:/home/wu/Desktop/学习/ros2_learning-main/ros2_case/install/topic_case_package:/home/wu/Desktop/学习/ros2_learning-main/ros2_case/install/param_case_package:/opt/ros/humble')]), 'shell': False}
[1.970101] (fsd_common_msgs) StdoutLine: {'line': b'[  1%] \x1b[34m\x1b[1mGenerating C code for ROS interfaces\x1b[0m\n'}
[1.979163] (fsd_common_msgs) StdoutLine: {'line': b'[  2%] \x1b[34m\x1b[1mGenerating Rust code for ROS interfaces\x1b[0m\n'}
[1.980367] (fsd_common_msgs) StdoutLine: {'line': b'[  2%] Built target ament_cmake_python_copy_fsd_common_msgs\n'}
[1.981875] (fsd_common_msgs) StdoutLine: {'line': b'[  2%] \x1b[34m\x1b[1mGenerating C++ code for ROS interfaces\x1b[0m\n'}
[2.002952] (-) TimerEvent: {}
[2.103239] (-) TimerEvent: {}
[2.141253] (fsd_common_msgs) StdoutLine: {'line': b'running egg_info\n'}
[2.141810] (fsd_common_msgs) StdoutLine: {'line': b'creating fsd_common_msgs.egg-info\n'}
[2.141991] (fsd_common_msgs) StdoutLine: {'line': b'writing fsd_common_msgs.egg-info/PKG-INFO\n'}
[2.142185] (fsd_common_msgs) StdoutLine: {'line': b'writing dependency_links to fsd_common_msgs.egg-info/dependency_links.txt\n'}
[2.142285] (fsd_common_msgs) StdoutLine: {'line': b'writing top-level names to fsd_common_msgs.egg-info/top_level.txt\n'}
[2.142369] (fsd_common_msgs) StdoutLine: {'line': b"writing manifest file 'fsd_common_msgs.egg-info/SOURCES.txt'\n"}
[2.144238] (fsd_common_msgs) StdoutLine: {'line': b"reading manifest file 'fsd_common_msgs.egg-info/SOURCES.txt'\n"}
[2.144625] (fsd_common_msgs) StdoutLine: {'line': b"writing manifest file 'fsd_common_msgs.egg-info/SOURCES.txt'\n"}
[2.165663] (fsd_common_msgs) StdoutLine: {'line': b'[  2%] Built target ament_cmake_python_build_fsd_common_msgs_egg\n'}
[2.203343] (-) TimerEvent: {}
[2.303628] (-) TimerEvent: {}
[2.403879] (-) TimerEvent: {}
[2.504208] (-) TimerEvent: {}
[2.604496] (-) TimerEvent: {}
[2.704820] (-) TimerEvent: {}
[2.805231] (-) TimerEvent: {}
[2.905546] (-) TimerEvent: {}
[3.005844] (-) TimerEvent: {}
[3.106277] (-) TimerEvent: {}
[3.179871] (fsd_common_msgs) StdoutLine: {'line': b'[  2%] Built target fsd_common_msgs__rs\n'}
[3.206488] (-) TimerEvent: {}
[3.306930] (-) TimerEvent: {}
[3.407241] (-) TimerEvent: {}
[3.507558] (-) TimerEvent: {}
[3.607865] (-) TimerEvent: {}
[3.704953] (fsd_common_msgs) StdoutLine: {'line': b'[  2%] \x1b[32mBuilding C object CMakeFiles/fsd_common_msgs__rosidl_generator_c.dir/rosidl_generator_c/fsd_common_msgs/msg/detail/can_frames__functions.c.o\x1b[0m\n'}
[3.706161] (fsd_common_msgs) StdoutLine: {'line': b'[  3%] \x1b[32mBuilding C object CMakeFiles/fsd_common_msgs__rosidl_generator_c.dir/rosidl_generator_c/fsd_common_msgs/msg/detail/asensing_message__functions.c.o\x1b[0m\n'}
[3.706351] (fsd_common_msgs) StdoutLine: {'line': b'[  3%] \x1b[32mBuilding C object CMakeFiles/fsd_common_msgs__rosidl_generator_c.dir/rosidl_generator_c/fsd_common_msgs/msg/detail/car_state__functions.c.o\x1b[0m\n'}
[3.707148] (fsd_common_msgs) StdoutLine: {'line': b'[  3%] \x1b[32mBuilding C object CMakeFiles/fsd_common_msgs__rosidl_generator_c.dir/rosidl_generator_c/fsd_common_msgs/msg/detail/cone__functions.c.o\x1b[0m\n'}
[3.707275] (fsd_common_msgs) StdoutLine: {'line': b'[  3%] \x1b[32mBuilding C object CMakeFiles/fsd_common_msgs__rosidl_generator_c.dir/rosidl_generator_c/fsd_common_msgs/msg/detail/as_state__functions.c.o\x1b[0m\n'}
[3.707344] (fsd_common_msgs) StdoutLine: {'line': b'[  3%] \x1b[32mBuilding C object CMakeFiles/fsd_common_msgs__rosidl_generator_c.dir/rosidl_generator_c/fsd_common_msgs/msg/detail/cone_detections__functions.c.o\x1b[0m\n'}
[3.707576] (fsd_common_msgs) StdoutLine: {'line': b'[  4%] \x1b[32mBuilding C object CMakeFiles/fsd_common_msgs__rosidl_generator_c.dir/rosidl_generator_c/fsd_common_msgs/msg/detail/car_state_dt__functions.c.o\x1b[0m\n'}
[3.707671] (fsd_common_msgs) StdoutLine: {'line': b'[  5%] \x1b[32mBuilding C object CMakeFiles/fsd_common_msgs__rosidl_generator_c.dir/rosidl_generator_c/fsd_common_msgs/msg/detail/control_command__functions.c.o\x1b[0m\n'}
[3.707789] (fsd_common_msgs) StdoutLine: {'line': b'[  5%] \x1b[32mBuilding C object CMakeFiles/fsd_common_msgs__rosidl_generator_c.dir/rosidl_generator_c/fsd_common_msgs/msg/detail/cone_detections_dbscan__functions.c.o\x1b[0m\n'}
[3.707853] (-) TimerEvent: {}
[3.708466] (fsd_common_msgs) StdoutLine: {'line': b'[  6%] \x1b[32mBuilding C object CMakeFiles/fsd_common_msgs__rosidl_generator_c.dir/rosidl_generator_c/fsd_common_msgs/msg/detail/cone_dbscan__functions.c.o\x1b[0m\n'}
[3.708648] (fsd_common_msgs) StdoutLine: {'line': b'[  6%] \x1b[32mBuilding C object CMakeFiles/fsd_common_msgs__rosidl_generator_c.dir/rosidl_generator_c/fsd_common_msgs/msg/detail/decision_flag__functions.c.o\x1b[0m\n'}
[3.708825] (fsd_common_msgs) StdoutLine: {'line': b'[  7%] \x1b[32mBuilding C object CMakeFiles/fsd_common_msgs__rosidl_generator_c.dir/rosidl_generator_c/fsd_common_msgs/msg/detail/driving_dynamics__functions.c.o\x1b[0m\n'}
[3.709465] (fsd_common_msgs) StdoutLine: {'line': b'[  7%] \x1b[32mBuilding C object CMakeFiles/fsd_common_msgs__rosidl_generator_c.dir/rosidl_generator_c/fsd_common_msgs/msg/detail/map__functions.c.o\x1b[0m\n'}
[3.709853] (fsd_common_msgs) StdoutLine: {'line': b'[  7%] \x1b[32mBuilding C object CMakeFiles/fsd_common_msgs__rosidl_generator_c.dir/rosidl_generator_c/fsd_common_msgs/msg/detail/echiev_message__functions.c.o\x1b[0m\n'}
[3.710026] (fsd_common_msgs) StdoutLine: {'line': b'[  7%] \x1b[32mBuilding C object CMakeFiles/fsd_common_msgs__rosidl_generator_c.dir/rosidl_generator_c/fsd_common_msgs/msg/detail/feedback__functions.c.o\x1b[0m\n'}
[3.710155] (fsd_common_msgs) StdoutLine: {'line': b'[  8%] \x1b[32mBuilding C object CMakeFiles/fsd_common_msgs__rosidl_generator_c.dir/rosidl_generator_c/fsd_common_msgs/msg/detail/mission__functions.c.o\x1b[0m\n'}
[3.710213] (fsd_common_msgs) StdoutLine: {'line': b'[  8%] \x1b[32mBuilding C object CMakeFiles/fsd_common_msgs__rosidl_generator_c.dir/rosidl_generator_c/fsd_common_msgs/msg/detail/res_and_ami__functions.c.o\x1b[0m\n'}
[3.710309] (fsd_common_msgs) StdoutLine: {'line': b'[  9%] \x1b[32mBuilding C object CMakeFiles/fsd_common_msgs__rosidl_generator_c.dir/rosidl_generator_c/fsd_common_msgs/msg/detail/skidpad_global_center_line__functions.c.o\x1b[0m\n'}
[3.710556] (fsd_common_msgs) StdoutLine: {'line': b'[ 10%] \x1b[32mBuilding C object CMakeFiles/fsd_common_msgs__rosidl_generator_c.dir/rosidl_generator_c/fsd_common_msgs/msg/detail/ins_delta__functions.c.o\x1b[0m\n'}
[3.711233] (fsd_common_msgs) StdoutLine: {'line': b'[ 10%] \x1b[32mBuilding C object CMakeFiles/fsd_common_msgs__rosidl_generator_c.dir/rosidl_generator_c/fsd_common_msgs/msg/detail/time__functions.c.o\x1b[0m\n'}
[3.711358] (fsd_common_msgs) StdoutLine: {'line': b'[ 10%] \x1b[32mBuilding C object CMakeFiles/fsd_common_msgs__rosidl_generator_c.dir/rosidl_generator_c/fsd_common_msgs/msg/detail/trajectory_point__functions.c.o\x1b[0m\n'}
[3.711426] (fsd_common_msgs) StdoutLine: {'line': b'[ 10%] \x1b[32mBuilding C object CMakeFiles/fsd_common_msgs__rosidl_generator_c.dir/rosidl_generator_c/fsd_common_msgs/msg/detail/remote_control_command__functions.c.o\x1b[0m\n'}
[3.712035] (fsd_common_msgs) StdoutLine: {'line': b'[ 11%] \x1b[32mBuilding C object CMakeFiles/fsd_common_msgs__rosidl_generator_c.dir/rosidl_generator_c/fsd_common_msgs/msg/detail/track__functions.c.o\x1b[0m\n'}
[3.770612] (fsd_common_msgs) StdoutLine: {'line': b'[ 12%] \x1b[32mBuilding C object CMakeFiles/fsd_common_msgs__rosidl_generator_c.dir/rosidl_generator_c/fsd_common_msgs/msg/detail/yolo_cone__functions.c.o\x1b[0m\n'}
[3.770903] (fsd_common_msgs) StdoutLine: {'line': b'[ 12%] \x1b[32mBuilding C object CMakeFiles/fsd_common_msgs__rosidl_generator_c.dir/rosidl_generator_c/fsd_common_msgs/msg/detail/yolo_cone_track__functions.c.o\x1b[0m\n'}
[3.770970] (fsd_common_msgs) StdoutLine: {'line': b'[ 12%] \x1b[32mBuilding C object CMakeFiles/fsd_common_msgs__rosidl_generator_c.dir/rosidl_generator_c/fsd_common_msgs/msg/detail/visualization__functions.c.o\x1b[0m\n'}
[3.772798] (fsd_common_msgs) StdoutLine: {'line': b'[ 12%] \x1b[32mBuilding C object CMakeFiles/fsd_common_msgs__rosidl_generator_c.dir/rosidl_generator_c/fsd_common_msgs/msg/detail/yolo_cone_detections__functions.c.o\x1b[0m\n'}
[3.773359] (fsd_common_msgs) StdoutLine: {'line': b'[ 13%] \x1b[32mBuilding C object CMakeFiles/fsd_common_msgs__rosidl_generator_c.dir/rosidl_generator_c/fsd_common_msgs/msg/detail/yolo_cone_detections_track__functions.c.o\x1b[0m\n'}
[3.808054] (-) TimerEvent: {}
[3.822565] (fsd_common_msgs) StdoutLine: {'line': b'[ 13%] \x1b[32m\x1b[1mLinking C shared library libfsd_common_msgs__rosidl_generator_c.so\x1b[0m\n'}
[3.874841] (fsd_common_msgs) StdoutLine: {'line': b'[ 13%] Built target fsd_common_msgs__rosidl_generator_c\n'}
[3.887888] (fsd_common_msgs) StdoutLine: {'line': b'[ 14%] \x1b[34m\x1b[1mGenerating C type support for eProsima Fast-RTPS\x1b[0m\n'}
[3.888399] (fsd_common_msgs) StdoutLine: {'line': b'[ 15%] \x1b[34m\x1b[1mGenerating C introspection for ROS interfaces\x1b[0m\n'}
[3.888552] (fsd_common_msgs) StdoutLine: {'line': b'[ 16%] \x1b[34m\x1b[1mGenerating C type support dispatch for ROS interfaces\x1b[0m\n'}
[3.904935] (fsd_common_msgs) StdoutLine: {'line': b'[ 16%] Built target fsd_common_msgs__cpp\n'}
[3.908088] (-) TimerEvent: {}
[3.912807] (fsd_common_msgs) StdoutLine: {'line': b'[ 16%] \x1b[34m\x1b[1mGenerating C++ type support dispatch for ROS interfaces\x1b[0m\n'}
[3.915731] (fsd_common_msgs) StdoutLine: {'line': b'[ 16%] \x1b[34m\x1b[1mGenerating C++ introspection for ROS interfaces\x1b[0m\n'}
[3.915923] (fsd_common_msgs) StdoutLine: {'line': b'[ 16%] \x1b[34m\x1b[1mGenerating C++ type support for eProsima Fast-RTPS\x1b[0m\n'}
[4.008194] (-) TimerEvent: {}
[4.108479] (-) TimerEvent: {}
[4.208837] (-) TimerEvent: {}
[4.309167] (-) TimerEvent: {}
[4.409450] (-) TimerEvent: {}
[4.509762] (-) TimerEvent: {}
[4.610460] (-) TimerEvent: {}
[4.710735] (-) TimerEvent: {}
[4.811044] (-) TimerEvent: {}
[4.911354] (-) TimerEvent: {}
[5.011825] (-) TimerEvent: {}
[5.112182] (-) TimerEvent: {}
[5.212458] (-) TimerEvent: {}
[5.259434] (fsd_common_msgs) StdoutLine: {'line': b'[ 17%] \x1b[32mBuilding CXX object CMakeFiles/fsd_common_msgs__rosidl_typesupport_cpp.dir/rosidl_typesupport_cpp/fsd_common_msgs/msg/cone__type_support.cpp.o\x1b[0m\n'}
[5.259663] (fsd_common_msgs) StdoutLine: {'line': b'[ 20%] \x1b[32mBuilding CXX object CMakeFiles/fsd_common_msgs__rosidl_typesupport_cpp.dir/rosidl_typesupport_cpp/fsd_common_msgs/msg/car_state_dt__type_support.cpp.o\x1b[0m\n'}
[5.259758] (fsd_common_msgs) StdoutLine: {'line': b'[ 19%] \x1b[32mBuilding CXX object CMakeFiles/fsd_common_msgs__rosidl_typesupport_cpp.dir/rosidl_typesupport_cpp/fsd_common_msgs/msg/as_state__type_support.cpp.o\x1b[0m\n'}
[5.260365] (fsd_common_msgs) StdoutLine: {'line': b'[ 19%] \x1b[32mBuilding CXX object CMakeFiles/fsd_common_msgs__rosidl_typesupport_cpp.dir/rosidl_typesupport_cpp/fsd_common_msgs/msg/car_state__type_support.cpp.o\x1b[0m\n'}
[5.260638] (fsd_common_msgs) StdoutLine: {'line': b'[ 20%] \x1b[32mBuilding CXX object CMakeFiles/fsd_common_msgs__rosidl_typesupport_cpp.dir/rosidl_typesupport_cpp/fsd_common_msgs/msg/cone_detections_dbscan__type_support.cpp.o\x1b[0m\n'}
[5.260753] (fsd_common_msgs) StdoutLine: {'line': b'[ 20%] \x1b[32mBuilding CXX object CMakeFiles/fsd_common_msgs__rosidl_typesupport_cpp.dir/rosidl_typesupport_cpp/fsd_common_msgs/msg/control_command__type_support.cpp.o\x1b[0m\n'}
[5.260856] (fsd_common_msgs) StdoutLine: {'line': b'[ 20%] \x1b[32mBuilding CXX object CMakeFiles/fsd_common_msgs__rosidl_typesupport_cpp.dir/rosidl_typesupport_cpp/fsd_common_msgs/msg/feedback__type_support.cpp.o\x1b[0m\n'}
[5.261028] (fsd_common_msgs) StdoutLine: {'line': b'[ 22%] \x1b[32mBuilding CXX object CMakeFiles/fsd_common_msgs__rosidl_typesupport_cpp.dir/rosidl_typesupport_cpp/fsd_common_msgs/msg/decision_flag__type_support.cpp.o\x1b[0m\n'}
[5.261144] (fsd_common_msgs) StdoutLine: {'line': b'[ 22%] \x1b[32mBuilding CXX object CMakeFiles/fsd_common_msgs__rosidl_typesupport_cpp.dir/rosidl_typesupport_cpp/fsd_common_msgs/msg/echiev_message__type_support.cpp.o\x1b[0m\n'}
[5.261473] (fsd_common_msgs) StdoutLine: {'line': b'[ 19%] \x1b[32mBuilding CXX object CMakeFiles/fsd_common_msgs__rosidl_typesupport_cpp.dir/rosidl_typesupport_cpp/fsd_common_msgs/msg/can_frames__type_support.cpp.o\x1b[0m\n'}
[5.261657] (fsd_common_msgs) StdoutLine: {'line': b'[ 19%] \x1b[32mBuilding CXX object CMakeFiles/fsd_common_msgs__rosidl_typesupport_cpp.dir/rosidl_typesupport_cpp/fsd_common_msgs/msg/asensing_message__type_support.cpp.o\x1b[0m\n'}
[5.261809] (fsd_common_msgs) StdoutLine: {'line': b'[ 22%] \x1b[32mBuilding CXX object CMakeFiles/fsd_common_msgs__rosidl_typesupport_cpp.dir/rosidl_typesupport_cpp/fsd_common_msgs/msg/driving_dynamics__type_support.cpp.o\x1b[0m\n'}
[5.262016] (fsd_common_msgs) StdoutLine: {'line': b'[ 22%] \x1b[32mBuilding CXX object CMakeFiles/fsd_common_msgs__rosidl_typesupport_cpp.dir/rosidl_typesupport_cpp/fsd_common_msgs/msg/ins_delta__type_support.cpp.o\x1b[0m\n'}
[5.264105] (fsd_common_msgs) StdoutLine: {'line': b'[ 19%] \x1b[32mBuilding CXX object CMakeFiles/fsd_common_msgs__rosidl_typesupport_cpp.dir/rosidl_typesupport_cpp/fsd_common_msgs/msg/cone_dbscan__type_support.cpp.o\x1b[0m\n'}
[5.264238] (fsd_common_msgs) StdoutLine: {'line': b'[ 20%] \x1b[32mBuilding CXX object CMakeFiles/fsd_common_msgs__rosidl_typesupport_cpp.dir/rosidl_typesupport_cpp/fsd_common_msgs/msg/cone_detections__type_support.cpp.o\x1b[0m\n'}
[5.264310] (fsd_common_msgs) StdoutLine: {'line': b'[ 22%] \x1b[32mBuilding CXX object CMakeFiles/fsd_common_msgs__rosidl_typesupport_cpp.dir/rosidl_typesupport_cpp/fsd_common_msgs/msg/mission__type_support.cpp.o\x1b[0m\n'}
[5.264374] (fsd_common_msgs) StdoutLine: {'line': b'[ 23%] \x1b[32mBuilding CXX object CMakeFiles/fsd_common_msgs__rosidl_typesupport_cpp.dir/rosidl_typesupport_cpp/fsd_common_msgs/msg/map__type_support.cpp.o\x1b[0m\n'}
[5.265064] (fsd_common_msgs) StdoutLine: {'line': b'[ 24%] \x1b[32mBuilding CXX object CMakeFiles/fsd_common_msgs__rosidl_typesupport_cpp.dir/rosidl_typesupport_cpp/fsd_common_msgs/msg/remote_control_command__type_support.cpp.o\x1b[0m\n'}
[5.266408] (fsd_common_msgs) StdoutLine: {'line': b'[ 24%] \x1b[32mBuilding CXX object CMakeFiles/fsd_common_msgs__rosidl_typesupport_cpp.dir/rosidl_typesupport_cpp/fsd_common_msgs/msg/res_and_ami__type_support.cpp.o\x1b[0m\n'}
[5.315120] (-) TimerEvent: {}
[5.415408] (-) TimerEvent: {}
[5.515752] (-) TimerEvent: {}
[5.581433] (fsd_common_msgs) StdoutLine: {'line': b'[ 24%] \x1b[32mBuilding CXX object CMakeFiles/fsd_common_msgs__rosidl_typesupport_cpp.dir/rosidl_typesupport_cpp/fsd_common_msgs/msg/skidpad_global_center_line__type_support.cpp.o\x1b[0m\n'}
[5.581663] (fsd_common_msgs) StdoutLine: {'line': b'[ 24%] \x1b[32mBuilding CXX object CMakeFiles/fsd_common_msgs__rosidl_typesupport_cpp.dir/rosidl_typesupport_cpp/fsd_common_msgs/msg/track__type_support.cpp.o\x1b[0m\n'}
[5.581789] (fsd_common_msgs) StdoutLine: {'line': b'[ 25%] \x1b[32mBuilding CXX object CMakeFiles/fsd_common_msgs__rosidl_typesupport_cpp.dir/rosidl_typesupport_cpp/fsd_common_msgs/msg/time__type_support.cpp.o\x1b[0m\n'}
[5.589234] (fsd_common_msgs) StdoutLine: {'line': b'[ 26%] \x1b[32mBuilding CXX object CMakeFiles/fsd_common_msgs__rosidl_typesupport_cpp.dir/rosidl_typesupport_cpp/fsd_common_msgs/msg/trajectory_point__type_support.cpp.o\x1b[0m\n'}
[5.589608] (fsd_common_msgs) StdoutLine: {'line': b'[ 26%] \x1b[32mBuilding CXX object CMakeFiles/fsd_common_msgs__rosidl_typesupport_cpp.dir/rosidl_typesupport_cpp/fsd_common_msgs/msg/visualization__type_support.cpp.o\x1b[0m\n'}
[5.591168] (fsd_common_msgs) StdoutLine: {'line': b'[ 26%] \x1b[32mBuilding CXX object CMakeFiles/fsd_common_msgs__rosidl_typesupport_cpp.dir/rosidl_typesupport_cpp/fsd_common_msgs/msg/yolo_cone__type_support.cpp.o\x1b[0m\n'}
[5.599188] (fsd_common_msgs) StdoutLine: {'line': b'[ 27%] \x1b[32mBuilding CXX object CMakeFiles/fsd_common_msgs__rosidl_typesupport_cpp.dir/rosidl_typesupport_cpp/fsd_common_msgs/msg/yolo_cone_detections__type_support.cpp.o\x1b[0m\n'}
[5.601516] (fsd_common_msgs) StdoutLine: {'line': b'[ 27%] \x1b[32mBuilding CXX object CMakeFiles/fsd_common_msgs__rosidl_typesupport_cpp.dir/rosidl_typesupport_cpp/fsd_common_msgs/msg/yolo_cone_detections_track__type_support.cpp.o\x1b[0m\n'}
[5.606902] (fsd_common_msgs) StdoutLine: {'line': b'[ 28%] \x1b[32mBuilding CXX object CMakeFiles/fsd_common_msgs__rosidl_typesupport_cpp.dir/rosidl_typesupport_cpp/fsd_common_msgs/msg/yolo_cone_track__type_support.cpp.o\x1b[0m\n'}
[5.616373] (fsd_common_msgs) StdoutLine: {'line': b'[ 28%] \x1b[32mBuilding CXX object CMakeFiles/fsd_common_msgs__rosidl_typesupport_c.dir/rosidl_typesupport_c/fsd_common_msgs/msg/as_state__type_support.cpp.o\x1b[0m\n'}
[5.616568] (-) TimerEvent: {}
[5.630340] (fsd_common_msgs) StdoutLine: {'line': b'[ 28%] \x1b[32mBuilding CXX object CMakeFiles/fsd_common_msgs__rosidl_typesupport_c.dir/rosidl_typesupport_c/fsd_common_msgs/msg/car_state__type_support.cpp.o\x1b[0m\n'}
[5.631567] (fsd_common_msgs) StdoutLine: {'line': b'[ 29%] \x1b[32mBuilding CXX object CMakeFiles/fsd_common_msgs__rosidl_typesupport_c.dir/rosidl_typesupport_c/fsd_common_msgs/msg/can_frames__type_support.cpp.o\x1b[0m\n'}
[5.631860] (fsd_common_msgs) StdoutLine: {'line': b'[ 29%] \x1b[32mBuilding CXX object CMakeFiles/fsd_common_msgs__rosidl_typesupport_c.dir/rosidl_typesupport_c/fsd_common_msgs/msg/asensing_message__type_support.cpp.o\x1b[0m\n'}
[5.640492] (fsd_common_msgs) StdoutLine: {'line': b'[ 30%] \x1b[32mBuilding CXX object CMakeFiles/fsd_common_msgs__rosidl_typesupport_c.dir/rosidl_typesupport_c/fsd_common_msgs/msg/car_state_dt__type_support.cpp.o\x1b[0m\n'}
[5.650139] (fsd_common_msgs) StdoutLine: {'line': b'[ 30%] \x1b[32mBuilding CXX object CMakeFiles/fsd_common_msgs__rosidl_typesupport_c.dir/rosidl_typesupport_c/fsd_common_msgs/msg/cone__type_support.cpp.o\x1b[0m\n'}
[5.650342] (fsd_common_msgs) StdoutLine: {'line': b'[ 31%] \x1b[32mBuilding CXX object CMakeFiles/fsd_common_msgs__rosidl_typesupport_c.dir/rosidl_typesupport_c/fsd_common_msgs/msg/cone_detections__type_support.cpp.o\x1b[0m\n'}
[5.650874] (fsd_common_msgs) StdoutLine: {'line': b'[ 31%] \x1b[32mBuilding CXX object CMakeFiles/fsd_common_msgs__rosidl_typesupport_c.dir/rosidl_typesupport_c/fsd_common_msgs/msg/cone_dbscan__type_support.cpp.o\x1b[0m\n'}
[5.658240] (fsd_common_msgs) StdoutLine: {'line': b'[ 31%] \x1b[32mBuilding CXX object CMakeFiles/fsd_common_msgs__rosidl_typesupport_c.dir/rosidl_typesupport_c/fsd_common_msgs/msg/cone_detections_dbscan__type_support.cpp.o\x1b[0m\n'}
[5.672243] (fsd_common_msgs) StdoutLine: {'line': b'[ 32%] \x1b[32mBuilding CXX object CMakeFiles/fsd_common_msgs__rosidl_typesupport_c.dir/rosidl_typesupport_c/fsd_common_msgs/msg/control_command__type_support.cpp.o\x1b[0m\n'}
[5.677814] (fsd_common_msgs) StdoutLine: {'line': b'[ 32%] \x1b[32mBuilding CXX object CMakeFiles/fsd_common_msgs__rosidl_typesupport_c.dir/rosidl_typesupport_c/fsd_common_msgs/msg/decision_flag__type_support.cpp.o\x1b[0m\n'}
[5.686226] (fsd_common_msgs) StdoutLine: {'line': b'[ 32%] \x1b[32mBuilding CXX object CMakeFiles/fsd_common_msgs__rosidl_typesupport_c.dir/rosidl_typesupport_c/fsd_common_msgs/msg/driving_dynamics__type_support.cpp.o\x1b[0m\n'}
[5.686676] (fsd_common_msgs) StdoutLine: {'line': b'[ 33%] \x1b[32mBuilding CXX object CMakeFiles/fsd_common_msgs__rosidl_typesupport_c.dir/rosidl_typesupport_c/fsd_common_msgs/msg/echiev_message__type_support.cpp.o\x1b[0m\n'}
[5.696140] (fsd_common_msgs) StdoutLine: {'line': b'[ 33%] \x1b[32mBuilding CXX object CMakeFiles/fsd_common_msgs__rosidl_typesupport_c.dir/rosidl_typesupport_c/fsd_common_msgs/msg/feedback__type_support.cpp.o\x1b[0m\n'}
[5.703104] (fsd_common_msgs) StdoutLine: {'line': b'[ 34%] \x1b[32mBuilding CXX object CMakeFiles/fsd_common_msgs__rosidl_typesupport_c.dir/rosidl_typesupport_c/fsd_common_msgs/msg/ins_delta__type_support.cpp.o\x1b[0m\n'}
[5.711123] (fsd_common_msgs) StdoutLine: {'line': b'[ 34%] \x1b[32mBuilding CXX object CMakeFiles/fsd_common_msgs__rosidl_typesupport_c.dir/rosidl_typesupport_c/fsd_common_msgs/msg/mission__type_support.cpp.o\x1b[0m\n'}
[5.711318] (fsd_common_msgs) StdoutLine: {'line': b'[ 35%] \x1b[32mBuilding CXX object CMakeFiles/fsd_common_msgs__rosidl_typesupport_c.dir/rosidl_typesupport_c/fsd_common_msgs/msg/remote_control_command__type_support.cpp.o\x1b[0m\n'}
[5.711393] (fsd_common_msgs) StdoutLine: {'line': b'[ 35%] \x1b[32mBuilding CXX object CMakeFiles/fsd_common_msgs__rosidl_typesupport_c.dir/rosidl_typesupport_c/fsd_common_msgs/msg/map__type_support.cpp.o\x1b[0m\n'}
[5.712380] (fsd_common_msgs) StdoutLine: {'line': b'[ 35%] \x1b[32mBuilding CXX object CMakeFiles/fsd_common_msgs__rosidl_typesupport_c.dir/rosidl_typesupport_c/fsd_common_msgs/msg/res_and_ami__type_support.cpp.o\x1b[0m\n'}
[5.716692] (-) TimerEvent: {}
[5.718647] (fsd_common_msgs) StdoutLine: {'line': b'[ 36%] \x1b[32mBuilding CXX object CMakeFiles/fsd_common_msgs__rosidl_typesupport_c.dir/rosidl_typesupport_c/fsd_common_msgs/msg/skidpad_global_center_line__type_support.cpp.o\x1b[0m\n'}
[5.732439] (fsd_common_msgs) StdoutLine: {'line': b'[ 36%] \x1b[32mBuilding CXX object CMakeFiles/fsd_common_msgs__rosidl_typesupport_c.dir/rosidl_typesupport_c/fsd_common_msgs/msg/time__type_support.cpp.o\x1b[0m\n'}
[5.732667] (fsd_common_msgs) StdoutLine: {'line': b'[ 36%] \x1b[32mBuilding CXX object CMakeFiles/fsd_common_msgs__rosidl_typesupport_c.dir/rosidl_typesupport_c/fsd_common_msgs/msg/track__type_support.cpp.o\x1b[0m\n'}
[5.732782] (fsd_common_msgs) StdoutLine: {'line': b'[ 37%] \x1b[32mBuilding CXX object CMakeFiles/fsd_common_msgs__rosidl_typesupport_c.dir/rosidl_typesupport_c/fsd_common_msgs/msg/trajectory_point__type_support.cpp.o\x1b[0m\n'}
[5.746497] (fsd_common_msgs) StdoutLine: {'line': b'[ 37%] \x1b[32mBuilding CXX object CMakeFiles/fsd_common_msgs__rosidl_typesupport_c.dir/rosidl_typesupport_c/fsd_common_msgs/msg/visualization__type_support.cpp.o\x1b[0m\n'}
[5.751624] (fsd_common_msgs) StdoutLine: {'line': b'[ 38%] \x1b[32mBuilding CXX object CMakeFiles/fsd_common_msgs__rosidl_typesupport_c.dir/rosidl_typesupport_c/fsd_common_msgs/msg/yolo_cone__type_support.cpp.o\x1b[0m\n'}
[5.753506] (fsd_common_msgs) StdoutLine: {'line': b'[ 38%] \x1b[32mBuilding CXX object CMakeFiles/fsd_common_msgs__rosidl_typesupport_c.dir/rosidl_typesupport_c/fsd_common_msgs/msg/yolo_cone_detections__type_support.cpp.o\x1b[0m\n'}
[5.759191] (fsd_common_msgs) StdoutLine: {'line': b'[ 38%] \x1b[32mBuilding CXX object CMakeFiles/fsd_common_msgs__rosidl_typesupport_c.dir/rosidl_typesupport_c/fsd_common_msgs/msg/yolo_cone_detections_track__type_support.cpp.o\x1b[0m\n'}
[5.761050] (fsd_common_msgs) StdoutLine: {'line': b'[ 39%] \x1b[32mBuilding CXX object CMakeFiles/fsd_common_msgs__rosidl_typesupport_c.dir/rosidl_typesupport_c/fsd_common_msgs/msg/yolo_cone_track__type_support.cpp.o\x1b[0m\n'}
[5.796556] (fsd_common_msgs) StdoutLine: {'line': b'[ 39%] \x1b[32m\x1b[1mLinking CXX shared library libfsd_common_msgs__rosidl_typesupport_c.so\x1b[0m\n'}
[5.810643] (fsd_common_msgs) StdoutLine: {'line': b'[ 40%] \x1b[32mBuilding CXX object CMakeFiles/fsd_common_msgs__rosidl_typesupport_introspection_cpp.dir/rosidl_typesupport_introspection_cpp/fsd_common_msgs/msg/detail/as_state__type_support.cpp.o\x1b[0m\n'}
[5.810847] (fsd_common_msgs) StdoutLine: {'line': b'[ 40%] \x1b[32mBuilding CXX object CMakeFiles/fsd_common_msgs__rosidl_typesupport_introspection_cpp.dir/rosidl_typesupport_introspection_cpp/fsd_common_msgs/msg/detail/asensing_message__type_support.cpp.o\x1b[0m\n'}
[5.810930] (fsd_common_msgs) StdoutLine: {'line': b'[ 41%] \x1b[32mBuilding CXX object CMakeFiles/fsd_common_msgs__rosidl_typesupport_introspection_cpp.dir/rosidl_typesupport_introspection_cpp/fsd_common_msgs/msg/detail/can_frames__type_support.cpp.o\x1b[0m\n'}
[5.811002] (fsd_common_msgs) StdoutLine: {'line': b'[ 41%] \x1b[32mBuilding CXX object CMakeFiles/fsd_common_msgs__rosidl_typesupport_introspection_cpp.dir/rosidl_typesupport_introspection_cpp/fsd_common_msgs/msg/detail/car_state__type_support.cpp.o\x1b[0m\n'}
[5.811072] (fsd_common_msgs) StdoutLine: {'line': b'[ 41%] \x1b[32mBuilding CXX object CMakeFiles/fsd_common_msgs__rosidl_typesupport_introspection_cpp.dir/rosidl_typesupport_introspection_cpp/fsd_common_msgs/msg/detail/car_state_dt__type_support.cpp.o\x1b[0m\n'}
[5.811131] (fsd_common_msgs) StdoutLine: {'line': b'[ 42%] \x1b[32mBuilding CXX object CMakeFiles/fsd_common_msgs__rosidl_typesupport_introspection_cpp.dir/rosidl_typesupport_introspection_cpp/fsd_common_msgs/msg/detail/cone__type_support.cpp.o\x1b[0m\n'}
[5.811191] (fsd_common_msgs) StdoutLine: {'line': b'[ 43%] \x1b[32mBuilding CXX object CMakeFiles/fsd_common_msgs__rosidl_typesupport_introspection_cpp.dir/rosidl_typesupport_introspection_cpp/fsd_common_msgs/msg/detail/cone_detections__type_support.cpp.o\x1b[0m\n'}
[5.811286] (fsd_common_msgs) StdoutLine: {'line': b'[ 43%] \x1b[32mBuilding CXX object CMakeFiles/fsd_common_msgs__rosidl_typesupport_introspection_cpp.dir/rosidl_typesupport_introspection_cpp/fsd_common_msgs/msg/detail/cone_dbscan__type_support.cpp.o\x1b[0m\n'}
[5.812280] (fsd_common_msgs) StdoutLine: {'line': b'[ 44%] \x1b[32mBuilding CXX object CMakeFiles/fsd_common_msgs__rosidl_typesupport_introspection_cpp.dir/rosidl_typesupport_introspection_cpp/fsd_common_msgs/msg/detail/decision_flag__type_support.cpp.o\x1b[0m\n'}
[5.816191] (fsd_common_msgs) StdoutLine: {'line': b'[ 44%] \x1b[32mBuilding CXX object CMakeFiles/fsd_common_msgs__rosidl_typesupport_introspection_cpp.dir/rosidl_typesupport_introspection_cpp/fsd_common_msgs/msg/detail/cone_detections_dbscan__type_support.cpp.o\x1b[0m\n'}
[5.816417] (fsd_common_msgs) StdoutLine: {'line': b'[ 44%] \x1b[32mBuilding CXX object CMakeFiles/fsd_common_msgs__rosidl_typesupport_introspection_cpp.dir/rosidl_typesupport_introspection_cpp/fsd_common_msgs/msg/detail/control_command__type_support.cpp.o\x1b[0m\n'}
[5.816754] (-) TimerEvent: {}
[5.824403] (fsd_common_msgs) StdoutLine: {'line': b'[ 44%] \x1b[32mBuilding C object CMakeFiles/fsd_common_msgs__rosidl_typesupport_introspection_c.dir/rosidl_typesupport_introspection_c/fsd_common_msgs/msg/detail/as_state__type_support.c.o\x1b[0m\n'}
[5.860853] (fsd_common_msgs) StdoutLine: {'line': b'[ 44%] Built target fsd_common_msgs__rosidl_typesupport_c\n'}
[5.880949] (fsd_common_msgs) StdoutLine: {'line': b'[ 44%] \x1b[32mBuilding C object CMakeFiles/fsd_common_msgs__rosidl_typesupport_introspection_c.dir/rosidl_typesupport_introspection_c/fsd_common_msgs/msg/detail/asensing_message__type_support.c.o\x1b[0m\n'}
[5.882065] (fsd_common_msgs) StdoutLine: {'line': b'[ 44%] \x1b[32mBuilding CXX object CMakeFiles/fsd_common_msgs__rosidl_typesupport_introspection_cpp.dir/rosidl_typesupport_introspection_cpp/fsd_common_msgs/msg/detail/driving_dynamics__type_support.cpp.o\x1b[0m\n'}
[5.893990] (fsd_common_msgs) StdoutLine: {'line': b'[ 45%] \x1b[32mBuilding C object CMakeFiles/fsd_common_msgs__rosidl_typesupport_introspection_c.dir/rosidl_typesupport_introspection_c/fsd_common_msgs/msg/detail/can_frames__type_support.c.o\x1b[0m\n'}
[5.895160] (fsd_common_msgs) StdoutLine: {'line': b'[ 45%] \x1b[32mBuilding C object CMakeFiles/fsd_common_msgs__rosidl_typesupport_introspection_c.dir/rosidl_typesupport_introspection_c/fsd_common_msgs/msg/detail/car_state__type_support.c.o\x1b[0m\n'}
[5.904430] (fsd_common_msgs) StdoutLine: {'line': b'[ 46%] \x1b[32mBuilding C object CMakeFiles/fsd_common_msgs__rosidl_typesupport_introspection_c.dir/rosidl_typesupport_introspection_c/fsd_common_msgs/msg/detail/car_state_dt__type_support.c.o\x1b[0m\n'}
[5.906949] (fsd_common_msgs) StdoutLine: {'line': b'[ 47%] \x1b[32mBuilding CXX object CMakeFiles/fsd_common_msgs__rosidl_typesupport_introspection_cpp.dir/rosidl_typesupport_introspection_cpp/fsd_common_msgs/msg/detail/echiev_message__type_support.cpp.o\x1b[0m\n'}
[5.916866] (-) TimerEvent: {}
[5.920809] (fsd_common_msgs) StdoutLine: {'line': b'[ 47%] \x1b[32mBuilding CXX object CMakeFiles/fsd_common_msgs__rosidl_typesupport_introspection_cpp.dir/rosidl_typesupport_introspection_cpp/fsd_common_msgs/msg/detail/feedback__type_support.cpp.o\x1b[0m\n'}
[5.929205] (fsd_common_msgs) StdoutLine: {'line': b'[ 47%] \x1b[32mBuilding C object CMakeFiles/fsd_common_msgs__rosidl_typesupport_introspection_c.dir/rosidl_typesupport_introspection_c/fsd_common_msgs/msg/detail/cone__type_support.c.o\x1b[0m\n'}
[5.936040] (fsd_common_msgs) StdoutLine: {'line': b'[ 47%] \x1b[32mBuilding C object CMakeFiles/fsd_common_msgs__rosidl_typesupport_introspection_c.dir/rosidl_typesupport_introspection_c/fsd_common_msgs/msg/detail/cone_dbscan__type_support.c.o\x1b[0m\n'}
[5.936280] (fsd_common_msgs) StdoutLine: {'line': b'[ 47%] \x1b[32mBuilding CXX object CMakeFiles/fsd_common_msgs__rosidl_typesupport_introspection_cpp.dir/rosidl_typesupport_introspection_cpp/fsd_common_msgs/msg/detail/ins_delta__type_support.cpp.o\x1b[0m\n'}
[5.946037] (fsd_common_msgs) StdoutLine: {'line': b'[ 48%] \x1b[32mBuilding C object CMakeFiles/fsd_common_msgs__rosidl_typesupport_introspection_c.dir/rosidl_typesupport_introspection_c/fsd_common_msgs/msg/detail/cone_detections_dbscan__type_support.c.o\x1b[0m\n'}
[5.946399] (fsd_common_msgs) StdoutLine: {'line': b'[ 48%] \x1b[32mBuilding C object CMakeFiles/fsd_common_msgs__rosidl_typesupport_introspection_c.dir/rosidl_typesupport_introspection_c/fsd_common_msgs/msg/detail/cone_detections__type_support.c.o\x1b[0m\n'}
[5.951733] (fsd_common_msgs) StdoutLine: {'line': b'[ 49%] \x1b[32mBuilding C object CMakeFiles/fsd_common_msgs__rosidl_typesupport_introspection_c.dir/rosidl_typesupport_introspection_c/fsd_common_msgs/msg/detail/control_command__type_support.c.o\x1b[0m\n'}
[5.953293] (fsd_common_msgs) StdoutLine: {'line': b'[ 49%] \x1b[32m\x1b[1mLinking CXX shared library libfsd_common_msgs__rosidl_typesupport_cpp.so\x1b[0m\n'}
[5.958145] (fsd_common_msgs) StdoutLine: {'line': b'[ 49%] \x1b[32mBuilding C object CMakeFiles/fsd_common_msgs__rosidl_typesupport_introspection_c.dir/rosidl_typesupport_introspection_c/fsd_common_msgs/msg/detail/decision_flag__type_support.c.o\x1b[0m\n'}
[5.980234] (fsd_common_msgs) StdoutLine: {'line': b'[ 49%] \x1b[32mBuilding C object CMakeFiles/fsd_common_msgs__rosidl_typesupport_introspection_c.dir/rosidl_typesupport_introspection_c/fsd_common_msgs/msg/detail/driving_dynamics__type_support.c.o\x1b[0m\n'}
[5.983525] (fsd_common_msgs) StdoutLine: {'line': b'[ 50%] \x1b[32mBuilding C object CMakeFiles/fsd_common_msgs__rosidl_typesupport_introspection_c.dir/rosidl_typesupport_introspection_c/fsd_common_msgs/msg/detail/echiev_message__type_support.c.o\x1b[0m\n'}
[5.994942] (fsd_common_msgs) StdoutLine: {'line': b'[ 50%] \x1b[32mBuilding C object CMakeFiles/fsd_common_msgs__rosidl_typesupport_introspection_c.dir/rosidl_typesupport_introspection_c/fsd_common_msgs/msg/detail/feedback__type_support.c.o\x1b[0m\n'}
[6.002980] (fsd_common_msgs) StdoutLine: {'line': b'[ 51%] \x1b[32mBuilding C object CMakeFiles/fsd_common_msgs__rosidl_typesupport_introspection_c.dir/rosidl_typesupport_introspection_c/fsd_common_msgs/msg/detail/ins_delta__type_support.c.o\x1b[0m\n'}
[6.015077] (fsd_common_msgs) StdoutLine: {'line': b'[ 52%] \x1b[32mBuilding CXX object CMakeFiles/fsd_common_msgs__rosidl_typesupport_introspection_cpp.dir/rosidl_typesupport_introspection_cpp/fsd_common_msgs/msg/detail/map__type_support.cpp.o\x1b[0m\n'}
[6.016953] (-) TimerEvent: {}
[6.029319] (fsd_common_msgs) StdoutLine: {'line': b'[ 52%] \x1b[32mBuilding C object CMakeFiles/fsd_common_msgs__rosidl_typesupport_introspection_c.dir/rosidl_typesupport_introspection_c/fsd_common_msgs/msg/detail/map__type_support.c.o\x1b[0m\n'}
[6.037236] (fsd_common_msgs) StdoutLine: {'line': b'[ 52%] \x1b[32mBuilding CXX object CMakeFiles/fsd_common_msgs__rosidl_typesupport_introspection_cpp.dir/rosidl_typesupport_introspection_cpp/fsd_common_msgs/msg/detail/mission__type_support.cpp.o\x1b[0m\n'}
[6.040455] (fsd_common_msgs) StdoutLine: {'line': b'[ 52%] Built target fsd_common_msgs__rosidl_typesupport_cpp\n'}
[6.047595] (fsd_common_msgs) StdoutLine: {'line': b'[ 53%] \x1b[32mBuilding CXX object CMakeFiles/fsd_common_msgs__rosidl_typesupport_introspection_cpp.dir/rosidl_typesupport_introspection_cpp/fsd_common_msgs/msg/detail/remote_control_command__type_support.cpp.o\x1b[0m\n'}
[6.049241] (fsd_common_msgs) StdoutLine: {'line': b'[ 53%] \x1b[32mBuilding CXX object CMakeFiles/fsd_common_msgs__rosidl_typesupport_introspection_cpp.dir/rosidl_typesupport_introspection_cpp/fsd_common_msgs/msg/detail/res_and_ami__type_support.cpp.o\x1b[0m\n'}
[6.055392] (fsd_common_msgs) StdoutLine: {'line': b'[ 53%] \x1b[32mBuilding C object CMakeFiles/fsd_common_msgs__rosidl_typesupport_introspection_c.dir/rosidl_typesupport_introspection_c/fsd_common_msgs/msg/detail/mission__type_support.c.o\x1b[0m\n'}
[6.057580] (fsd_common_msgs) StdoutLine: {'line': b'[ 53%] \x1b[32mBuilding CXX object CMakeFiles/fsd_common_msgs__rosidl_typesupport_introspection_cpp.dir/rosidl_typesupport_introspection_cpp/fsd_common_msgs/msg/detail/skidpad_global_center_line__type_support.cpp.o\x1b[0m\n'}
[6.093668] (fsd_common_msgs) StdoutLine: {'line': b'[ 54%] \x1b[32mBuilding CXX object CMakeFiles/fsd_common_msgs__rosidl_typesupport_introspection_cpp.dir/rosidl_typesupport_introspection_cpp/fsd_common_msgs/msg/detail/time__type_support.cpp.o\x1b[0m\n'}
[6.104537] (fsd_common_msgs) StdoutLine: {'line': b'[ 55%] \x1b[32mBuilding C object CMakeFiles/fsd_common_msgs__rosidl_typesupport_introspection_c.dir/rosidl_typesupport_introspection_c/fsd_common_msgs/msg/detail/remote_control_command__type_support.c.o\x1b[0m\n'}
[6.117081] (-) TimerEvent: {}
[6.154785] (fsd_common_msgs) StdoutLine: {'line': b'[ 55%] \x1b[32mBuilding C object CMakeFiles/fsd_common_msgs__rosidl_typesupport_introspection_c.dir/rosidl_typesupport_introspection_c/fsd_common_msgs/msg/detail/res_and_ami__type_support.c.o\x1b[0m\n'}
[6.211427] (fsd_common_msgs) StdoutLine: {'line': b'[ 56%] \x1b[32mBuilding C object CMakeFiles/fsd_common_msgs__rosidl_typesupport_introspection_c.dir/rosidl_typesupport_introspection_c/fsd_common_msgs/msg/detail/skidpad_global_center_line__type_support.c.o\x1b[0m\n'}
[6.217180] (-) TimerEvent: {}
[6.256863] (fsd_common_msgs) StdoutLine: {'line': b'[ 56%] \x1b[32mBuilding C object CMakeFiles/fsd_common_msgs__rosidl_typesupport_introspection_c.dir/rosidl_typesupport_introspection_c/fsd_common_msgs/msg/detail/time__type_support.c.o\x1b[0m\n'}
[6.297110] (fsd_common_msgs) StdoutLine: {'line': b'[ 56%] \x1b[32mBuilding C object CMakeFiles/fsd_common_msgs__rosidl_typesupport_introspection_c.dir/rosidl_typesupport_introspection_c/fsd_common_msgs/msg/detail/track__type_support.c.o\x1b[0m\n'}
[6.297362] (fsd_common_msgs) StdoutLine: {'line': b'[ 57%] \x1b[32mBuilding C object CMakeFiles/fsd_common_msgs__rosidl_typesupport_introspection_c.dir/rosidl_typesupport_introspection_c/fsd_common_msgs/msg/detail/trajectory_point__type_support.c.o\x1b[0m\n'}
[6.304920] (fsd_common_msgs) StdoutLine: {'line': b'[ 57%] \x1b[32mBuilding CXX object CMakeFiles/fsd_common_msgs__rosidl_typesupport_introspection_cpp.dir/rosidl_typesupport_introspection_cpp/fsd_common_msgs/msg/detail/track__type_support.cpp.o\x1b[0m\n'}
[6.317302] (-) TimerEvent: {}
[6.319048] (fsd_common_msgs) StdoutLine: {'line': b'[ 57%] \x1b[32mBuilding C object CMakeFiles/fsd_common_msgs__rosidl_typesupport_introspection_c.dir/rosidl_typesupport_introspection_c/fsd_common_msgs/msg/detail/visualization__type_support.c.o\x1b[0m\n'}
[6.321858] (fsd_common_msgs) StdoutLine: {'line': b'[ 58%] \x1b[32mBuilding C object CMakeFiles/fsd_common_msgs__rosidl_typesupport_introspection_c.dir/rosidl_typesupport_introspection_c/fsd_common_msgs/msg/detail/yolo_cone__type_support.c.o\x1b[0m\n'}
[6.326854] (fsd_common_msgs) StdoutLine: {'line': b'[ 58%] \x1b[32mBuilding C object CMakeFiles/fsd_common_msgs__rosidl_typesupport_introspection_c.dir/rosidl_typesupport_introspection_c/fsd_common_msgs/msg/detail/yolo_cone_detections__type_support.c.o\x1b[0m\n'}
[6.330176] (fsd_common_msgs) StdoutLine: {'line': b'[ 58%] \x1b[32mBuilding CXX object CMakeFiles/fsd_common_msgs__rosidl_typesupport_introspection_cpp.dir/rosidl_typesupport_introspection_cpp/fsd_common_msgs/msg/detail/visualization__type_support.cpp.o\x1b[0m\n'}
[6.331425] (fsd_common_msgs) StdoutLine: {'line': b'[ 59%] \x1b[32mBuilding CXX object CMakeFiles/fsd_common_msgs__rosidl_typesupport_introspection_cpp.dir/rosidl_typesupport_introspection_cpp/fsd_common_msgs/msg/detail/trajectory_point__type_support.cpp.o\x1b[0m\n'}
[6.371742] (fsd_common_msgs) StdoutLine: {'line': b'[ 60%] \x1b[32mBuilding CXX object CMakeFiles/fsd_common_msgs__rosidl_typesupport_introspection_cpp.dir/rosidl_typesupport_introspection_cpp/fsd_common_msgs/msg/detail/yolo_cone_detections__type_support.cpp.o\x1b[0m\n'}
[6.375191] (fsd_common_msgs) StdoutLine: {'line': b'[ 60%] \x1b[32mBuilding C object CMakeFiles/fsd_common_msgs__rosidl_typesupport_introspection_c.dir/rosidl_typesupport_introspection_c/fsd_common_msgs/msg/detail/yolo_cone_detections_track__type_support.c.o\x1b[0m\n'}
[6.378624] (fsd_common_msgs) StdoutLine: {'line': b'[ 61%] \x1b[32mBuilding C object CMakeFiles/fsd_common_msgs__rosidl_typesupport_introspection_c.dir/rosidl_typesupport_introspection_c/fsd_common_msgs/msg/detail/yolo_cone_track__type_support.c.o\x1b[0m\n'}
[6.380104] (fsd_common_msgs) StdoutLine: {'line': b'[ 61%] \x1b[32mBuilding CXX object CMakeFiles/fsd_common_msgs__rosidl_typesupport_introspection_cpp.dir/rosidl_typesupport_introspection_cpp/fsd_common_msgs/msg/detail/yolo_cone_detections_track__type_support.cpp.o\x1b[0m\n'}
[6.380220] (fsd_common_msgs) StdoutLine: {'line': b'[ 61%] \x1b[32mBuilding CXX object CMakeFiles/fsd_common_msgs__rosidl_typesupport_introspection_cpp.dir/rosidl_typesupport_introspection_cpp/fsd_common_msgs/msg/detail/yolo_cone__type_support.cpp.o\x1b[0m\n'}
[6.381280] (fsd_common_msgs) StdoutLine: {'line': b'[ 62%] \x1b[32mBuilding CXX object CMakeFiles/fsd_common_msgs__rosidl_typesupport_introspection_cpp.dir/rosidl_typesupport_introspection_cpp/fsd_common_msgs/msg/detail/yolo_cone_track__type_support.cpp.o\x1b[0m\n'}
[6.414103] (fsd_common_msgs) StdoutLine: {'line': b'[ 62%] \x1b[32mBuilding CXX object CMakeFiles/fsd_common_msgs__rosidl_typesupport_fastrtps_c.dir/rosidl_typesupport_fastrtps_c/fsd_common_msgs/msg/detail/as_state__type_support_c.cpp.o\x1b[0m\n'}
[6.415045] (fsd_common_msgs) StdoutLine: {'line': b'[ 62%] \x1b[32mBuilding CXX object CMakeFiles/fsd_common_msgs__rosidl_typesupport_fastrtps_c.dir/rosidl_typesupport_fastrtps_c/fsd_common_msgs/msg/detail/asensing_message__type_support_c.cpp.o\x1b[0m\n'}
[6.417393] (-) TimerEvent: {}
[6.425123] (fsd_common_msgs) StdoutLine: {'line': b'[ 63%] \x1b[32mBuilding CXX object CMakeFiles/fsd_common_msgs__rosidl_typesupport_fastrtps_c.dir/rosidl_typesupport_fastrtps_c/fsd_common_msgs/msg/detail/can_frames__type_support_c.cpp.o\x1b[0m\n'}
[6.427209] (fsd_common_msgs) StdoutLine: {'line': b'[ 63%] \x1b[32mBuilding CXX object CMakeFiles/fsd_common_msgs__rosidl_typesupport_fastrtps_c.dir/rosidl_typesupport_fastrtps_c/fsd_common_msgs/msg/detail/car_state__type_support_c.cpp.o\x1b[0m\n'}
[6.428022] (fsd_common_msgs) StdoutLine: {'line': b'[ 64%] \x1b[32mBuilding CXX object CMakeFiles/fsd_common_msgs__rosidl_typesupport_fastrtps_c.dir/rosidl_typesupport_fastrtps_c/fsd_common_msgs/msg/detail/car_state_dt__type_support_c.cpp.o\x1b[0m\n'}
[6.429202] (fsd_common_msgs) StdoutLine: {'line': b'[ 64%] \x1b[32m\x1b[1mLinking C shared library libfsd_common_msgs__rosidl_typesupport_introspection_c.so\x1b[0m\n'}
[6.431186] (fsd_common_msgs) StdoutLine: {'line': b'[ 64%] \x1b[32mBuilding CXX object CMakeFiles/fsd_common_msgs__rosidl_typesupport_fastrtps_c.dir/rosidl_typesupport_fastrtps_c/fsd_common_msgs/msg/detail/cone__type_support_c.cpp.o\x1b[0m\n'}
[6.433183] (fsd_common_msgs) StdoutLine: {'line': b'[ 65%] \x1b[32mBuilding CXX object CMakeFiles/fsd_common_msgs__rosidl_typesupport_fastrtps_c.dir/rosidl_typesupport_fastrtps_c/fsd_common_msgs/msg/detail/cone_detections__type_support_c.cpp.o\x1b[0m\n'}
[6.440116] (fsd_common_msgs) StdoutLine: {'line': b'[ 65%] \x1b[32mBuilding CXX object CMakeFiles/fsd_common_msgs__rosidl_typesupport_fastrtps_c.dir/rosidl_typesupport_fastrtps_c/fsd_common_msgs/msg/detail/cone_detections_dbscan__type_support_c.cpp.o\x1b[0m\n'}
[6.442109] (fsd_common_msgs) StdoutLine: {'line': b'[ 65%] \x1b[32mBuilding CXX object CMakeFiles/fsd_common_msgs__rosidl_typesupport_fastrtps_c.dir/rosidl_typesupport_fastrtps_c/fsd_common_msgs/msg/detail/cone_dbscan__type_support_c.cpp.o\x1b[0m\n'}
[6.463216] (fsd_common_msgs) StdoutLine: {'line': b'[ 66%] \x1b[32mBuilding CXX object CMakeFiles/fsd_common_msgs__rosidl_typesupport_fastrtps_cpp.dir/rosidl_typesupport_fastrtps_cpp/fsd_common_msgs/msg/detail/dds_fastrtps/as_state__type_support.cpp.o\x1b[0m\n'}
[6.503121] (fsd_common_msgs) StdoutLine: {'line': b'[ 66%] \x1b[32mBuilding CXX object CMakeFiles/fsd_common_msgs__rosidl_typesupport_fastrtps_cpp.dir/rosidl_typesupport_fastrtps_cpp/fsd_common_msgs/msg/detail/dds_fastrtps/asensing_message__type_support.cpp.o\x1b[0m\n'}
[6.514234] (fsd_common_msgs) StdoutLine: {'line': b'[ 66%] Built target fsd_common_msgs__rosidl_typesupport_introspection_c\n'}
[6.514718] (fsd_common_msgs) StdoutLine: {'line': b'[ 67%] \x1b[32mBuilding CXX object CMakeFiles/fsd_common_msgs__rosidl_typesupport_fastrtps_cpp.dir/rosidl_typesupport_fastrtps_cpp/fsd_common_msgs/msg/detail/dds_fastrtps/can_frames__type_support.cpp.o\x1b[0m\n'}
[6.517487] (-) TimerEvent: {}
[6.526067] (fsd_common_msgs) StdoutLine: {'line': b'[ 68%] \x1b[32mBuilding CXX object CMakeFiles/fsd_common_msgs__rosidl_typesupport_fastrtps_c.dir/rosidl_typesupport_fastrtps_c/fsd_common_msgs/msg/detail/control_command__type_support_c.cpp.o\x1b[0m\n'}
[6.560705] (fsd_common_msgs) StdoutLine: {'line': b'[ 68%] \x1b[32mBuilding CXX object CMakeFiles/fsd_common_msgs__rosidl_typesupport_fastrtps_cpp.dir/rosidl_typesupport_fastrtps_cpp/fsd_common_msgs/msg/detail/dds_fastrtps/car_state__type_support.cpp.o\x1b[0m\n'}
[6.585122] (fsd_common_msgs) StdoutLine: {'line': b'[ 68%] \x1b[32mBuilding CXX object CMakeFiles/fsd_common_msgs__rosidl_typesupport_fastrtps_c.dir/rosidl_typesupport_fastrtps_c/fsd_common_msgs/msg/detail/decision_flag__type_support_c.cpp.o\x1b[0m\n'}
[6.589533] (fsd_common_msgs) StdoutLine: {'line': b'[ 68%] \x1b[32mBuilding CXX object CMakeFiles/fsd_common_msgs__rosidl_typesupport_fastrtps_c.dir/rosidl_typesupport_fastrtps_c/fsd_common_msgs/msg/detail/driving_dynamics__type_support_c.cpp.o\x1b[0m\n'}
[6.615346] (fsd_common_msgs) StdoutLine: {'line': b'[ 69%] \x1b[32mBuilding CXX object CMakeFiles/fsd_common_msgs__rosidl_typesupport_fastrtps_c.dir/rosidl_typesupport_fastrtps_c/fsd_common_msgs/msg/detail/echiev_message__type_support_c.cpp.o\x1b[0m\n'}
[6.617583] (-) TimerEvent: {}
[6.717882] (-) TimerEvent: {}
[6.818205] (-) TimerEvent: {}
[6.825439] (fsd_common_msgs) StdoutLine: {'line': b'[ 69%] \x1b[32mBuilding CXX object CMakeFiles/fsd_common_msgs__rosidl_typesupport_fastrtps_cpp.dir/rosidl_typesupport_fastrtps_cpp/fsd_common_msgs/msg/detail/dds_fastrtps/car_state_dt__type_support.cpp.o\x1b[0m\n'}
[6.856504] (fsd_common_msgs) StdoutLine: {'line': b'[ 69%] \x1b[32mBuilding CXX object CMakeFiles/fsd_common_msgs__rosidl_typesupport_fastrtps_c.dir/rosidl_typesupport_fastrtps_c/fsd_common_msgs/msg/detail/feedback__type_support_c.cpp.o\x1b[0m\n'}
[6.861488] (fsd_common_msgs) StdoutLine: {'line': b'[ 70%] \x1b[32mBuilding CXX object CMakeFiles/fsd_common_msgs__rosidl_typesupport_fastrtps_cpp.dir/rosidl_typesupport_fastrtps_cpp/fsd_common_msgs/msg/detail/dds_fastrtps/cone__type_support.cpp.o\x1b[0m\n'}
[6.865209] (fsd_common_msgs) StdoutLine: {'line': b'[ 70%] \x1b[32mBuilding CXX object CMakeFiles/fsd_common_msgs__rosidl_typesupport_fastrtps_cpp.dir/rosidl_typesupport_fastrtps_cpp/fsd_common_msgs/msg/detail/dds_fastrtps/cone_dbscan__type_support.cpp.o\x1b[0m\n'}
[6.871186] (fsd_common_msgs) StdoutLine: {'line': b'[ 71%] \x1b[32mBuilding CXX object CMakeFiles/fsd_common_msgs__rosidl_typesupport_fastrtps_cpp.dir/rosidl_typesupport_fastrtps_cpp/fsd_common_msgs/msg/detail/dds_fastrtps/cone_detections__type_support.cpp.o\x1b[0m\n'}
[6.877210] (fsd_common_msgs) StdoutLine: {'line': b'[ 72%] \x1b[32mBuilding CXX object CMakeFiles/fsd_common_msgs__rosidl_typesupport_fastrtps_c.dir/rosidl_typesupport_fastrtps_c/fsd_common_msgs/msg/detail/ins_delta__type_support_c.cpp.o\x1b[0m\n'}
[6.878086] (fsd_common_msgs) StdoutLine: {'line': b'[ 72%] \x1b[32mBuilding CXX object CMakeFiles/fsd_common_msgs__rosidl_typesupport_fastrtps_c.dir/rosidl_typesupport_fastrtps_c/fsd_common_msgs/msg/detail/map__type_support_c.cpp.o\x1b[0m\n'}
[6.879918] (fsd_common_msgs) StdoutLine: {'line': b'[ 72%] \x1b[32mBuilding CXX object CMakeFiles/fsd_common_msgs__rosidl_typesupport_fastrtps_cpp.dir/rosidl_typesupport_fastrtps_cpp/fsd_common_msgs/msg/detail/dds_fastrtps/cone_detections_dbscan__type_support.cpp.o\x1b[0m\n'}
[6.882655] (fsd_common_msgs) StdoutLine: {'line': b'[ 72%] \x1b[32mBuilding CXX object CMakeFiles/fsd_common_msgs__rosidl_typesupport_fastrtps_cpp.dir/rosidl_typesupport_fastrtps_cpp/fsd_common_msgs/msg/detail/dds_fastrtps/control_command__type_support.cpp.o\x1b[0m\n'}
[6.889169] (fsd_common_msgs) StdoutLine: {'line': b'[ 73%] \x1b[32mBuilding CXX object CMakeFiles/fsd_common_msgs__rosidl_typesupport_fastrtps_cpp.dir/rosidl_typesupport_fastrtps_cpp/fsd_common_msgs/msg/detail/dds_fastrtps/decision_flag__type_support.cpp.o\x1b[0m\n'}
[6.889348] (fsd_common_msgs) StdoutLine: {'line': b'[ 73%] \x1b[32mBuilding CXX object CMakeFiles/fsd_common_msgs__rosidl_typesupport_fastrtps_cpp.dir/rosidl_typesupport_fastrtps_cpp/fsd_common_msgs/msg/detail/dds_fastrtps/driving_dynamics__type_support.cpp.o\x1b[0m\n'}
[6.891170] (fsd_common_msgs) StdoutLine: {'line': b'[ 73%] \x1b[32mBuilding CXX object CMakeFiles/fsd_common_msgs__rosidl_typesupport_fastrtps_c.dir/rosidl_typesupport_fastrtps_c/fsd_common_msgs/msg/detail/mission__type_support_c.cpp.o\x1b[0m\n'}
[6.898569] (fsd_common_msgs) StdoutLine: {'line': b'[ 74%] \x1b[32mBuilding CXX object CMakeFiles/fsd_common_msgs__rosidl_typesupport_fastrtps_cpp.dir/rosidl_typesupport_fastrtps_cpp/fsd_common_msgs/msg/detail/dds_fastrtps/echiev_message__type_support.cpp.o\x1b[0m\n'}
[6.918313] (-) TimerEvent: {}
[6.939439] (fsd_common_msgs) StdoutLine: {'line': b'[ 74%] \x1b[32mBuilding CXX object CMakeFiles/fsd_common_msgs__rosidl_typesupport_fastrtps_cpp.dir/rosidl_typesupport_fastrtps_cpp/fsd_common_msgs/msg/detail/dds_fastrtps/feedback__type_support.cpp.o\x1b[0m\n'}
[6.940565] (fsd_common_msgs) StdoutLine: {'line': b'[ 74%] \x1b[32mBuilding CXX object CMakeFiles/fsd_common_msgs__rosidl_typesupport_fastrtps_cpp.dir/rosidl_typesupport_fastrtps_cpp/fsd_common_msgs/msg/detail/dds_fastrtps/ins_delta__type_support.cpp.o\x1b[0m\n'}
[6.952838] (fsd_common_msgs) StdoutLine: {'line': b'[ 74%] \x1b[32m\x1b[1mLinking CXX shared library libfsd_common_msgs__rosidl_typesupport_introspection_cpp.so\x1b[0m\n'}
[6.953061] (fsd_common_msgs) StdoutLine: {'line': b'[ 75%] \x1b[32mBuilding CXX object CMakeFiles/fsd_common_msgs__rosidl_typesupport_fastrtps_c.dir/rosidl_typesupport_fastrtps_c/fsd_common_msgs/msg/detail/remote_control_command__type_support_c.cpp.o\x1b[0m\n'}
[7.019123] (-) TimerEvent: {}
[7.033577] (fsd_common_msgs) StdoutLine: {'line': b'[ 75%] \x1b[32mBuilding CXX object CMakeFiles/fsd_common_msgs__rosidl_typesupport_fastrtps_c.dir/rosidl_typesupport_fastrtps_c/fsd_common_msgs/msg/detail/res_and_ami__type_support_c.cpp.o\x1b[0m\n'}
[7.041752] (fsd_common_msgs) StdoutLine: {'line': b'[ 76%] \x1b[32mBuilding CXX object CMakeFiles/fsd_common_msgs__rosidl_typesupport_fastrtps_c.dir/rosidl_typesupport_fastrtps_c/fsd_common_msgs/msg/detail/skidpad_global_center_line__type_support_c.cpp.o\x1b[0m\n'}
[7.042787] (fsd_common_msgs) StdoutLine: {'line': b'[ 77%] \x1b[32mBuilding CXX object CMakeFiles/fsd_common_msgs__rosidl_typesupport_fastrtps_cpp.dir/rosidl_typesupport_fastrtps_cpp/fsd_common_msgs/msg/detail/dds_fastrtps/map__type_support.cpp.o\x1b[0m\n'}
[7.048014] (fsd_common_msgs) StdoutLine: {'line': b'[ 77%] \x1b[32mBuilding CXX object CMakeFiles/fsd_common_msgs__rosidl_typesupport_fastrtps_c.dir/rosidl_typesupport_fastrtps_c/fsd_common_msgs/msg/detail/time__type_support_c.cpp.o\x1b[0m\n'}
[7.060255] (fsd_common_msgs) StdoutLine: {'line': b'[ 77%] \x1b[32mBuilding CXX object CMakeFiles/fsd_common_msgs__rosidl_typesupport_fastrtps_cpp.dir/rosidl_typesupport_fastrtps_cpp/fsd_common_msgs/msg/detail/dds_fastrtps/mission__type_support.cpp.o\x1b[0m\n'}
[7.096814] (fsd_common_msgs) StdoutLine: {'line': b'[ 77%] Built target fsd_common_msgs__rosidl_typesupport_introspection_cpp\n'}
[7.107907] (fsd_common_msgs) StdoutLine: {'line': b'[ 77%] \x1b[32mBuilding CXX object CMakeFiles/fsd_common_msgs__rosidl_typesupport_fastrtps_c.dir/rosidl_typesupport_fastrtps_c/fsd_common_msgs/msg/detail/track__type_support_c.cpp.o\x1b[0m\n'}
[7.119253] (-) TimerEvent: {}
[7.128659] (fsd_common_msgs) StdoutLine: {'line': b'[ 78%] \x1b[32mBuilding CXX object CMakeFiles/fsd_common_msgs__rosidl_typesupport_fastrtps_c.dir/rosidl_typesupport_fastrtps_c/fsd_common_msgs/msg/detail/trajectory_point__type_support_c.cpp.o\x1b[0m\n'}
[7.167900] (fsd_common_msgs) StdoutLine: {'line': b'[ 79%] \x1b[32mBuilding CXX object CMakeFiles/fsd_common_msgs__rosidl_typesupport_fastrtps_cpp.dir/rosidl_typesupport_fastrtps_cpp/fsd_common_msgs/msg/detail/dds_fastrtps/remote_control_command__type_support.cpp.o\x1b[0m\n'}
[7.219364] (-) TimerEvent: {}
[7.287306] (fsd_common_msgs) StdoutLine: {'line': b'[ 79%] \x1b[32mBuilding CXX object CMakeFiles/fsd_common_msgs__rosidl_typesupport_fastrtps_cpp.dir/rosidl_typesupport_fastrtps_cpp/fsd_common_msgs/msg/detail/dds_fastrtps/res_and_ami__type_support.cpp.o\x1b[0m\n'}
[7.303330] (fsd_common_msgs) StdoutLine: {'line': b'[ 79%] \x1b[32mBuilding CXX object CMakeFiles/fsd_common_msgs__rosidl_typesupport_fastrtps_cpp.dir/rosidl_typesupport_fastrtps_cpp/fsd_common_msgs/msg/detail/dds_fastrtps/skidpad_global_center_line__type_support.cpp.o\x1b[0m\n'}
[7.312168] (fsd_common_msgs) StdoutLine: {'line': b'[ 80%] \x1b[32mBuilding CXX object CMakeFiles/fsd_common_msgs__rosidl_typesupport_fastrtps_cpp.dir/rosidl_typesupport_fastrtps_cpp/fsd_common_msgs/msg/detail/dds_fastrtps/time__type_support.cpp.o\x1b[0m\n'}
[7.319489] (-) TimerEvent: {}
[7.358139] (fsd_common_msgs) StdoutLine: {'line': b'[ 80%] \x1b[32mBuilding CXX object CMakeFiles/fsd_common_msgs__rosidl_typesupport_fastrtps_cpp.dir/rosidl_typesupport_fastrtps_cpp/fsd_common_msgs/msg/detail/dds_fastrtps/track__type_support.cpp.o\x1b[0m\n'}
[7.358397] (fsd_common_msgs) StdoutLine: {'line': b'[ 80%] \x1b[32mBuilding CXX object CMakeFiles/fsd_common_msgs__rosidl_typesupport_fastrtps_c.dir/rosidl_typesupport_fastrtps_c/fsd_common_msgs/msg/detail/visualization__type_support_c.cpp.o\x1b[0m\n'}
[7.360249] (fsd_common_msgs) StdoutLine: {'line': b'[ 81%] \x1b[32mBuilding CXX object CMakeFiles/fsd_common_msgs__rosidl_typesupport_fastrtps_cpp.dir/rosidl_typesupport_fastrtps_cpp/fsd_common_msgs/msg/detail/dds_fastrtps/trajectory_point__type_support.cpp.o\x1b[0m\n'}
[7.363163] (fsd_common_msgs) StdoutLine: {'line': b'[ 81%] \x1b[32mBuilding CXX object CMakeFiles/fsd_common_msgs__rosidl_typesupport_fastrtps_cpp.dir/rosidl_typesupport_fastrtps_cpp/fsd_common_msgs/msg/detail/dds_fastrtps/visualization__type_support.cpp.o\x1b[0m\n'}
[7.419573] (fsd_common_msgs) StdoutLine: {'line': b'[ 82%] \x1b[32mBuilding CXX object CMakeFiles/fsd_common_msgs__rosidl_typesupport_fastrtps_c.dir/rosidl_typesupport_fastrtps_c/fsd_common_msgs/msg/detail/yolo_cone__type_support_c.cpp.o\x1b[0m\n'}
[7.419775] (-) TimerEvent: {}
[7.426182] (fsd_common_msgs) StdoutLine: {'line': b'[ 82%] \x1b[32mBuilding CXX object CMakeFiles/fsd_common_msgs__rosidl_typesupport_fastrtps_cpp.dir/rosidl_typesupport_fastrtps_cpp/fsd_common_msgs/msg/detail/dds_fastrtps/yolo_cone__type_support.cpp.o\x1b[0m\n'}
[7.427988] (fsd_common_msgs) StdoutLine: {'line': b'[ 83%] \x1b[32mBuilding CXX object CMakeFiles/fsd_common_msgs__rosidl_typesupport_fastrtps_cpp.dir/rosidl_typesupport_fastrtps_cpp/fsd_common_msgs/msg/detail/dds_fastrtps/yolo_cone_detections__type_support.cpp.o\x1b[0m\n'}
[7.428848] (fsd_common_msgs) StdoutLine: {'line': b'[ 83%] \x1b[32mBuilding CXX object CMakeFiles/fsd_common_msgs__rosidl_typesupport_fastrtps_c.dir/rosidl_typesupport_fastrtps_c/fsd_common_msgs/msg/detail/yolo_cone_detections__type_support_c.cpp.o\x1b[0m\n'}
[7.454124] (fsd_common_msgs) StdoutLine: {'line': b'[ 83%] \x1b[32mBuilding CXX object CMakeFiles/fsd_common_msgs__rosidl_typesupport_fastrtps_cpp.dir/rosidl_typesupport_fastrtps_cpp/fsd_common_msgs/msg/detail/dds_fastrtps/yolo_cone_detections_track__type_support.cpp.o\x1b[0m\n'}
[7.466182] (fsd_common_msgs) StdoutLine: {'line': b'[ 83%] \x1b[32mBuilding CXX object CMakeFiles/fsd_common_msgs__rosidl_typesupport_fastrtps_c.dir/rosidl_typesupport_fastrtps_c/fsd_common_msgs/msg/detail/yolo_cone_detections_track__type_support_c.cpp.o\x1b[0m\n'}
[7.474174] (fsd_common_msgs) StdoutLine: {'line': b'[ 84%] \x1b[32mBuilding CXX object CMakeFiles/fsd_common_msgs__rosidl_typesupport_fastrtps_cpp.dir/rosidl_typesupport_fastrtps_cpp/fsd_common_msgs/msg/detail/dds_fastrtps/yolo_cone_track__type_support.cpp.o\x1b[0m\n'}
[7.475343] (fsd_common_msgs) StdoutLine: {'line': b'[ 85%] \x1b[32mBuilding CXX object CMakeFiles/fsd_common_msgs__rosidl_typesupport_fastrtps_c.dir/rosidl_typesupport_fastrtps_c/fsd_common_msgs/msg/detail/yolo_cone_track__type_support_c.cpp.o\x1b[0m\n'}
[7.519894] (-) TimerEvent: {}
[7.620194] (-) TimerEvent: {}
[7.720509] (-) TimerEvent: {}
[7.820918] (-) TimerEvent: {}
[7.844109] (fsd_common_msgs) StdoutLine: {'line': b'[ 85%] \x1b[32m\x1b[1mLinking CXX shared library libfsd_common_msgs__rosidl_typesupport_fastrtps_c.so\x1b[0m\n'}
[7.897769] (fsd_common_msgs) StdoutLine: {'line': b'[ 85%] \x1b[32m\x1b[1mLinking CXX shared library libfsd_common_msgs__rosidl_typesupport_fastrtps_cpp.so\x1b[0m\n'}
[7.915852] (fsd_common_msgs) StdoutLine: {'line': b'[ 85%] Built target fsd_common_msgs__rosidl_typesupport_fastrtps_c\n'}
[7.921100] (-) TimerEvent: {}
[7.977181] (fsd_common_msgs) StdoutLine: {'line': b'[ 85%] Built target fsd_common_msgs__rosidl_typesupport_fastrtps_cpp\n'}
[7.992075] (fsd_common_msgs) StdoutLine: {'line': b'[ 85%] Built target fsd_common_msgs\n'}
[8.010928] (fsd_common_msgs) StdoutLine: {'line': b'[ 85%] \x1b[34m\x1b[1mGenerating Python code for ROS interfaces\x1b[0m\n'}
[8.021216] (-) TimerEvent: {}
[8.121530] (-) TimerEvent: {}
[8.221900] (-) TimerEvent: {}
[8.322292] (-) TimerEvent: {}
[8.422539] (-) TimerEvent: {}
[8.522840] (-) TimerEvent: {}
[8.623243] (-) TimerEvent: {}
[8.723515] (-) TimerEvent: {}
[8.823907] (-) TimerEvent: {}
[8.924267] (-) TimerEvent: {}
[9.024496] (-) TimerEvent: {}
[9.124764] (-) TimerEvent: {}
[9.225070] (-) TimerEvent: {}
[9.325324] (-) TimerEvent: {}
[9.425568] (-) TimerEvent: {}
[9.525783] (-) TimerEvent: {}
[9.626097] (-) TimerEvent: {}
[9.726366] (-) TimerEvent: {}
[9.826637] (-) TimerEvent: {}
[9.926868] (-) TimerEvent: {}
[10.027220] (-) TimerEvent: {}
[10.127502] (-) TimerEvent: {}
[10.227762] (-) TimerEvent: {}
[10.327970] (-) TimerEvent: {}
[10.428216] (-) TimerEvent: {}
[10.528431] (-) TimerEvent: {}
[10.628638] (-) TimerEvent: {}
[10.728858] (-) TimerEvent: {}
[10.829109] (-) TimerEvent: {}
[10.929341] (-) TimerEvent: {}
[11.029584] (-) TimerEvent: {}
[11.104285] (fsd_common_msgs) StdoutLine: {'line': b'[ 85%] Built target fsd_common_msgs__py\n'}
[11.127309] (fsd_common_msgs) StdoutLine: {'line': b'[ 85%] \x1b[32mBuilding C object CMakeFiles/fsd_common_msgs__rosidl_generator_py.dir/rosidl_generator_py/fsd_common_msgs/msg/_car_state_dt_s.c.o\x1b[0m\n'}
[11.127543] (fsd_common_msgs) StdoutLine: {'line': b'[ 85%] \x1b[32mBuilding C object CMakeFiles/fsd_common_msgs__rosidl_generator_py.dir/rosidl_generator_py/fsd_common_msgs/msg/_car_state_s.c.o\x1b[0m\n'}
[11.127639] (fsd_common_msgs) StdoutLine: {'line': b'[ 86%] \x1b[32mBuilding C object CMakeFiles/fsd_common_msgs__rosidl_generator_py.dir/rosidl_generator_py/fsd_common_msgs/msg/_as_state_s.c.o\x1b[0m\n'}
[11.127812] (fsd_common_msgs) StdoutLine: {'line': b'[ 86%] \x1b[32mBuilding C object CMakeFiles/fsd_common_msgs__rosidl_generator_py.dir/rosidl_generator_py/fsd_common_msgs/msg/_cone_dbscan_s.c.o\x1b[0m\n'}
[11.127901] (fsd_common_msgs) StdoutLine: {'line': b'[ 88%] \x1b[32mBuilding C object CMakeFiles/fsd_common_msgs__rosidl_generator_py.dir/rosidl_generator_py/fsd_common_msgs/msg/_control_command_s.c.o\x1b[0m\n'}
[11.127981] (fsd_common_msgs) StdoutLine: {'line': b'[ 88%] \x1b[32mBuilding C object CMakeFiles/fsd_common_msgs__rosidl_generator_py.dir/rosidl_generator_py/fsd_common_msgs/msg/_can_frames_s.c.o\x1b[0m\n'}
[11.128047] (fsd_common_msgs) StdoutLine: {'line': b'[ 88%] \x1b[32mBuilding C object CMakeFiles/fsd_common_msgs__rosidl_generator_py.dir/rosidl_generator_py/fsd_common_msgs/msg/_cone_detections_dbscan_s.c.o\x1b[0m\n'}
[11.128697] (fsd_common_msgs) StdoutLine: {'line': b'[ 88%] \x1b[32mBuilding C object CMakeFiles/fsd_common_msgs__rosidl_generator_py.dir/rosidl_generator_py/fsd_common_msgs/msg/_driving_dynamics_s.c.o\x1b[0m\n'}
[11.129668] (-) TimerEvent: {}
[11.130527] (fsd_common_msgs) StdoutLine: {'line': b'[ 89%] \x1b[32mBuilding C object CMakeFiles/fsd_common_msgs__rosidl_generator_py.dir/rosidl_generator_py/fsd_common_msgs/msg/_decision_flag_s.c.o\x1b[0m\n'}
[11.130656] (fsd_common_msgs) StdoutLine: {'line': b'[ 88%] \x1b[32mBuilding C object CMakeFiles/fsd_common_msgs__rosidl_generator_py.dir/rosidl_generator_py/fsd_common_msgs/msg/_cone_detections_s.c.o\x1b[0m\n'}
[11.130766] (fsd_common_msgs) StdoutLine: {'line': b'[ 88%] \x1b[32mBuilding C object CMakeFiles/fsd_common_msgs__rosidl_generator_py.dir/rosidl_generator_py/fsd_common_msgs/msg/_asensing_message_s.c.o\x1b[0m\n'}
[11.130811] (fsd_common_msgs) StdoutLine: {'line': b'[ 90%] \x1b[32mBuilding C object CMakeFiles/fsd_common_msgs__rosidl_generator_py.dir/rosidl_generator_py/fsd_common_msgs/msg/_cone_s.c.o\x1b[0m\n'}
[11.130853] (fsd_common_msgs) StdoutLine: {'line': b'[ 90%] \x1b[32mBuilding C object CMakeFiles/fsd_common_msgs__rosidl_generator_py.dir/rosidl_generator_py/fsd_common_msgs/msg/_feedback_s.c.o\x1b[0m\n'}
[11.130894] (fsd_common_msgs) StdoutLine: {'line': b'[ 90%] \x1b[32mBuilding C object CMakeFiles/fsd_common_msgs__rosidl_generator_py.dir/rosidl_generator_py/fsd_common_msgs/msg/_ins_delta_s.c.o\x1b[0m\n'}
[11.130934] (fsd_common_msgs) StdoutLine: {'line': b'[ 91%] \x1b[32mBuilding C object CMakeFiles/fsd_common_msgs__rosidl_generator_py.dir/rosidl_generator_py/fsd_common_msgs/msg/_map_s.c.o\x1b[0m\n'}
[11.131029] (fsd_common_msgs) StdoutLine: {'line': b'[ 91%] \x1b[32mBuilding C object CMakeFiles/fsd_common_msgs__rosidl_generator_py.dir/rosidl_generator_py/fsd_common_msgs/msg/_mission_s.c.o\x1b[0m\n'}
[11.131148] (fsd_common_msgs) StdoutLine: {'line': b'[ 91%] \x1b[32mBuilding C object CMakeFiles/fsd_common_msgs__rosidl_generator_py.dir/rosidl_generator_py/fsd_common_msgs/msg/_res_and_ami_s.c.o\x1b[0m\n'}
[11.131390] (fsd_common_msgs) StdoutLine: {'line': b'[ 91%] \x1b[32mBuilding C object CMakeFiles/fsd_common_msgs__rosidl_generator_py.dir/rosidl_generator_py/fsd_common_msgs/msg/_skidpad_global_center_line_s.c.o\x1b[0m\n'}
[11.131755] (fsd_common_msgs) StdoutLine: {'line': b'[ 93%] \x1b[32mBuilding C object CMakeFiles/fsd_common_msgs__rosidl_generator_py.dir/rosidl_generator_py/fsd_common_msgs/msg/_remote_control_command_s.c.o\x1b[0m\n'}
[11.131949] (fsd_common_msgs) StdoutLine: {'line': b'[ 93%] \x1b[32mBuilding C object CMakeFiles/fsd_common_msgs__rosidl_generator_py.dir/rosidl_generator_py/fsd_common_msgs/msg/_time_s.c.o\x1b[0m\n'}
[11.132354] (fsd_common_msgs) StdoutLine: {'line': b'[ 94%] \x1b[32mBuilding C object CMakeFiles/fsd_common_msgs__rosidl_generator_py.dir/rosidl_generator_py/fsd_common_msgs/msg/_echiev_message_s.c.o\x1b[0m\n'}
[11.134704] (fsd_common_msgs) StdoutLine: {'line': b'[ 95%] \x1b[32mBuilding C object CMakeFiles/fsd_common_msgs__rosidl_generator_py.dir/rosidl_generator_py/fsd_common_msgs/msg/_trajectory_point_s.c.o\x1b[0m\n'}
[11.134917] (fsd_common_msgs) StdoutLine: {'line': b'[ 95%] \x1b[32mBuilding C object CMakeFiles/fsd_common_msgs__rosidl_generator_py.dir/rosidl_generator_py/fsd_common_msgs/msg/_track_s.c.o\x1b[0m\n'}
[11.136330] (fsd_common_msgs) StdoutLine: {'line': b'[ 95%] \x1b[32mBuilding C object CMakeFiles/fsd_common_msgs__rosidl_generator_py.dir/rosidl_generator_py/fsd_common_msgs/msg/_visualization_s.c.o\x1b[0m\n'}
[11.229786] (-) TimerEvent: {}
[11.274992] (fsd_common_msgs) StdoutLine: {'line': b'[ 95%] \x1b[32mBuilding C object CMakeFiles/fsd_common_msgs__rosidl_generator_py.dir/rosidl_generator_py/fsd_common_msgs/msg/_yolo_cone_s.c.o\x1b[0m\n'}
[11.275228] (fsd_common_msgs) StdoutLine: {'line': b'[ 96%] \x1b[32mBuilding C object CMakeFiles/fsd_common_msgs__rosidl_generator_py.dir/rosidl_generator_py/fsd_common_msgs/msg/_yolo_cone_detections_s.c.o\x1b[0m\n'}
[11.276516] (fsd_common_msgs) StdoutLine: {'line': b'[ 96%] \x1b[32mBuilding C object CMakeFiles/fsd_common_msgs__rosidl_generator_py.dir/rosidl_generator_py/fsd_common_msgs/msg/_yolo_cone_detections_track_s.c.o\x1b[0m\n'}
[11.277626] (fsd_common_msgs) StdoutLine: {'line': b'[ 97%] \x1b[32mBuilding C object CMakeFiles/fsd_common_msgs__rosidl_generator_py.dir/rosidl_generator_py/fsd_common_msgs/msg/_yolo_cone_track_s.c.o\x1b[0m\n'}
[11.329954] (-) TimerEvent: {}
[11.350610] (fsd_common_msgs) StdoutLine: {'line': b'[ 97%] \x1b[32m\x1b[1mLinking C shared library rosidl_generator_py/fsd_common_msgs/libfsd_common_msgs__rosidl_generator_py.so\x1b[0m\n'}
[11.396506] (fsd_common_msgs) StdoutLine: {'line': b'[ 97%] Built target fsd_common_msgs__rosidl_generator_py\n'}
[11.410845] (fsd_common_msgs) StdoutLine: {'line': b'[ 98%] \x1b[32mBuilding C object CMakeFiles/fsd_common_msgs__rosidl_typesupport_c__pyext.dir/rosidl_generator_py/fsd_common_msgs/_fsd_common_msgs_s.ep.rosidl_typesupport_c.c.o\x1b[0m\n'}
[11.413010] (fsd_common_msgs) StdoutLine: {'line': b'[ 99%] \x1b[32mBuilding C object CMakeFiles/fsd_common_msgs__rosidl_typesupport_introspection_c__pyext.dir/rosidl_generator_py/fsd_common_msgs/_fsd_common_msgs_s.ep.rosidl_typesupport_introspection_c.c.o\x1b[0m\n'}
[11.413880] (fsd_common_msgs) StdoutLine: {'line': b'[100%] \x1b[32mBuilding C object CMakeFiles/fsd_common_msgs__rosidl_typesupport_fastrtps_c__pyext.dir/rosidl_generator_py/fsd_common_msgs/_fsd_common_msgs_s.ep.rosidl_typesupport_fastrtps_c.c.o\x1b[0m\n'}
[11.430007] (-) TimerEvent: {}
[11.530190] (-) TimerEvent: {}
[11.532356] (fsd_common_msgs) StdoutLine: {'line': b'[100%] \x1b[32m\x1b[1mLinking C shared library rosidl_generator_py/fsd_common_msgs/fsd_common_msgs_s__rosidl_typesupport_c.cpython-310-x86_64-linux-gnu.so\x1b[0m\n'}
[11.532454] (fsd_common_msgs) StdoutLine: {'line': b'[100%] \x1b[32m\x1b[1mLinking C shared library rosidl_generator_py/fsd_common_msgs/fsd_common_msgs_s__rosidl_typesupport_fastrtps_c.cpython-310-x86_64-linux-gnu.so\x1b[0m\n'}
[11.561204] (fsd_common_msgs) StdoutLine: {'line': b'[100%] \x1b[32m\x1b[1mLinking C shared library rosidl_generator_py/fsd_common_msgs/fsd_common_msgs_s__rosidl_typesupport_introspection_c.cpython-310-x86_64-linux-gnu.so\x1b[0m\n'}
[11.567433] (fsd_common_msgs) StdoutLine: {'line': b'[100%] Built target fsd_common_msgs__rosidl_typesupport_fastrtps_c__pyext\n'}
[11.574699] (fsd_common_msgs) StdoutLine: {'line': b'[100%] Built target fsd_common_msgs__rosidl_typesupport_c__pyext\n'}
[11.594024] (fsd_common_msgs) StdoutLine: {'line': b'[100%] Built target fsd_common_msgs__rosidl_typesupport_introspection_c__pyext\n'}
[11.606922] (fsd_common_msgs) CommandEnded: {'returncode': 0}
[11.607479] (fsd_common_msgs) JobProgress: {'identifier': 'fsd_common_msgs', 'progress': 'install'}
[11.612840] (fsd_common_msgs) Command: {'cmd': ['/usr/bin/cmake', '--install', '/home/wu/Desktop/26_wuren_wuchunming/Ros2/ros2_homework_advanced_ws/build/fsd_common_msgs'], 'cwd': '/home/wu/Desktop/26_wuren_wuchunming/Ros2/ros2_homework_advanced_ws/build/fsd_common_msgs', 'env': OrderedDict([('LESSOPEN', '| /usr/bin/lesspipe %s'), ('LANGUAGE', 'zh_CN:zh'), ('USER', 'wu'), ('XDG_SESSION_TYPE', 'wayland'), ('SHLVL', '1'), ('LD_LIBRARY_PATH', '/opt/ros/humble/opt/rviz_ogre_vendor/lib:/opt/ros/humble/lib/x86_64-linux-gnu:/opt/ros/humble/lib'), ('HOME', '/home/wu'), ('CONDA_SHLVL', '0'), ('DESKTOP_SESSION', 'ubuntu'), ('ROS_PYTHON_VERSION', '3'), ('GNOME_SHELL_SESSION_MODE', 'ubuntu'), ('GTK_MODULES', 'gail:atk-bridge'), ('DBUS_STARTER_BUS_TYPE', 'session'), ('SYSTEMD_EXEC_PID', '1871'), ('DBUS_SESSION_BUS_ADDRESS', 'unix:path=/run/user/1000/bus,guid=c75c46452f547b93184815786a203848'), ('COLORTERM', 'truecolor'), ('_CE_M', ''), ('_CONDA_ROOT', '/home/wu/miniconda3'), ('IM_CONFIG_PHASE', '1'), ('WAYLAND_DISPLAY', 'wayland-0'), ('COLCON_PREFIX_PATH', '/home/wu/Desktop/26_wuren_wuchunming/Ros2/ros2_homework_basic_ws/install:/home/wu/Desktop/学习/ros2_learning-main/ros2_case/install'), ('ROS_DISTRO', 'humble'), ('LOGNAME', 'wu'), ('_', '/usr/bin/colcon'), ('ROS_VERSION', '2'), ('XDG_SESSION_CLASS', 'user'), ('USERNAME', 'wu'), ('TERM', 'xterm-256color'), ('GNOME_DESKTOP_SESSION_ID', 'this-is-deprecated'), ('_CE_CONDA', ''), ('ROS_LOCALHOST_ONLY', '0'), ('PATH', '/opt/ros/humble/bin:/home/wu/miniconda3/condabin:/usr/local/sbin:/usr/local/bin:/usr/sbin:/usr/bin:/sbin:/bin:/usr/games:/usr/local/games:/snap/bin:/snap/bin'), ('SESSION_MANAGER', 'local/Wu:@/tmp/.ICE-unix/1871,unix/Wu:/tmp/.ICE-unix/1871'), ('XDG_MENU_PREFIX', 'gnome-'), ('GNOME_TERMINAL_SCREEN', '/org/gnome/Terminal/screen/d16c2010_3fd9_4b3c_8df2_fd35376575a6'), ('GNOME_SETUP_DISPLAY', ':1'), ('XDG_RUNTIME_DIR', '/run/user/1000'), ('DISPLAY', ':0'), ('LANG', 'zh_CN.UTF-8'), ('XDG_CURRENT_DESKTOP', 'ubuntu:GNOME'), ('XMODIFIERS', '@im=ibus'), ('XDG_SESSION_DESKTOP', 'ubuntu'), ('XAUTHORITY', '/run/user/1000/.mutter-Xwaylandauth.S5NSQ3'), ('LS_COLORS', 'rs=0:di=01;34:ln=01;36:mh=00:pi=40;33:so=01;35:do=01;35:bd=40;33;01:cd=40;33;01:or=40;31;01:mi=00:su=37;41:sg=30;43:ca=30;41:tw=30;42:ow=34;42:st=37;44:ex=01;32:*.tar=01;31:*.tgz=01;31:*.arc=01;31:*.arj=01;31:*.taz=01;31:*.lha=01;31:*.lz4=01;31:*.lzh=01;31:*.lzma=01;31:*.tlz=01;31:*.txz=01;31:*.tzo=01;31:*.t7z=01;31:*.zip=01;31:*.z=01;31:*.dz=01;31:*.gz=01;31:*.lrz=01;31:*.lz=01;31:*.lzo=01;31:*.xz=01;31:*.zst=01;31:*.tzst=01;31:*.bz2=01;31:*.bz=01;31:*.tbz=01;31:*.tbz2=01;31:*.tz=01;31:*.deb=01;31:*.rpm=01;31:*.jar=01;31:*.war=01;31:*.ear=01;31:*.sar=01;31:*.rar=01;31:*.alz=01;31:*.ace=01;31:*.zoo=01;31:*.cpio=01;31:*.7z=01;31:*.rz=01;31:*.cab=01;31:*.wim=01;31:*.swm=01;31:*.dwm=01;31:*.esd=01;31:*.jpg=01;35:*.jpeg=01;35:*.mjpg=01;35:*.mjpeg=01;35:*.gif=01;35:*.bmp=01;35:*.pbm=01;35:*.pgm=01;35:*.ppm=01;35:*.tga=01;35:*.xbm=01;35:*.xpm=01;35:*.tif=01;35:*.tiff=01;35:*.png=01;35:*.svg=01;35:*.svgz=01;35:*.mng=01;35:*.pcx=01;35:*.mov=01;35:*.mpg=01;35:*.mpeg=01;35:*.m2v=01;35:*.mkv=01;35:*.webm=01;35:*.webp=01;35:*.ogm=01;35:*.mp4=01;35:*.m4v=01;35:*.mp4v=01;35:*.vob=01;35:*.qt=01;35:*.nuv=01;35:*.wmv=01;35:*.asf=01;35:*.rm=01;35:*.rmvb=01;35:*.flc=01;35:*.avi=01;35:*.fli=01;35:*.flv=01;35:*.gl=01;35:*.dl=01;35:*.xcf=01;35:*.xwd=01;35:*.yuv=01;35:*.cgm=01;35:*.emf=01;35:*.ogv=01;35:*.ogx=01;35:*.aac=00;36:*.au=00;36:*.flac=00;36:*.m4a=00;36:*.mid=00;36:*.midi=00;36:*.mka=00;36:*.mp3=00;36:*.mpc=00;36:*.ogg=00;36:*.ra=00;36:*.wav=00;36:*.oga=00;36:*.opus=00;36:*.spx=00;36:*.xspf=00;36:'), ('GNOME_TERMINAL_SERVICE', ':1.432'), ('SSH_AGENT_LAUNCHER', 'gnome-keyring'), ('SSH_AUTH_SOCK', '/run/user/1000/keyring/ssh'), ('AMENT_PREFIX_PATH', '/home/wu/Desktop/26_wuren_wuchunming/Ros2/ros2_homework_basic_ws/install/ros2_homework_basic_package:/home/wu/Desktop/学习/ros2_learning-main/ros2_case/install/topic_case_package:/home/wu/Desktop/学习/ros2_learning-main/ros2_case/install/param_case_package:/opt/ros/humble'), ('CONDA_PYTHON_EXE', '/home/wu/miniconda3/bin/python'), ('SHELL', '/bin/bash'), ('QT_ACCESSIBILITY', '1'), ('GDMSESSION', 'ubuntu'), ('LESSCLOSE', '/usr/bin/lesspipe %s %s'), ('_CONDA_EXE', '/home/wu/miniconda3/bin/conda'), ('QT_IM_MODULE', 'ibus'), ('PWD', '/home/wu/Desktop/26_wuren_wuchunming/Ros2/ros2_homework_advanced_ws/build/fsd_common_msgs'), ('XDG_CONFIG_DIRS', '/etc/xdg/xdg-ubuntu:/etc/xdg'), ('CONDA_EXE', '/home/wu/miniconda3/bin/conda'), ('DBUS_STARTER_ADDRESS', 'unix:path=/run/user/1000/bus,guid=c75c46452f547b93184815786a203848'), ('XDG_DATA_DIRS', '/usr/share/ubuntu:/usr/local/share/:/usr/share/:/var/lib/snapd/desktop'), ('PYTHONPATH', '/opt/ros/humble/lib/python3.10/site-packages:/opt/ros/humble/local/lib/python3.10/dist-packages'), ('COLCON', '1'), ('VTE_VERSION', '6800'), ('CMAKE_PREFIX_PATH', '/home/wu/Desktop/26_wuren_wuchunming/Ros2/ros2_homework_basic_ws/install/ros2_homework_basic_package:/home/wu/Desktop/学习/ros2_learning-main/ros2_case/install/topic_case_package:/home/wu/Desktop/学习/ros2_learning-main/ros2_case/install/param_case_package:/opt/ros/humble')]), 'shell': False}
[11.619254] (fsd_common_msgs) StdoutLine: {'line': b'-- Install configuration: ""\n'}
[11.619379] (fsd_common_msgs) StdoutLine: {'line': b'-- Installing: /home/wu/Desktop/26_wuren_wuchunming/Ros2/ros2_homework_advanced_ws/install/fsd_common_msgs/share/ament_index/resource_index/rosidl_interfaces/fsd_common_msgs\n'}
[11.619450] (fsd_common_msgs) StdoutLine: {'line': b'-- Installing: /home/wu/Desktop/26_wuren_wuchunming/Ros2/ros2_homework_advanced_ws/install/fsd_common_msgs/include/fsd_common_msgs/fsd_common_msgs\n'}
[11.619511] (fsd_common_msgs) StdoutLine: {'line': b'-- Installing: /home/wu/Desktop/26_wuren_wuchunming/Ros2/ros2_homework_advanced_ws/install/fsd_common_msgs/include/fsd_common_msgs/fsd_common_msgs/msg\n'}
[11.619571] (fsd_common_msgs) StdoutLine: {'line': b'-- Installing: /home/wu/Desktop/26_wuren_wuchunming/Ros2/ros2_homework_advanced_ws/install/fsd_common_msgs/include/fsd_common_msgs/fsd_common_msgs/msg/cone_detections_dbscan.h\n'}
[11.619614] (fsd_common_msgs) StdoutLine: {'line': b'-- Installing: /home/wu/Desktop/26_wuren_wuchunming/Ros2/ros2_homework_advanced_ws/install/fsd_common_msgs/include/fsd_common_msgs/fsd_common_msgs/msg/as_state.h\n'}
[11.619670] (fsd_common_msgs) StdoutLine: {'line': b'-- Installing: /home/wu/Desktop/26_wuren_wuchunming/Ros2/ros2_homework_advanced_ws/install/fsd_common_msgs/include/fsd_common_msgs/fsd_common_msgs/msg/control_command.h\n'}
[11.619733] (fsd_common_msgs) StdoutLine: {'line': b'-- Installing: /home/wu/Desktop/26_wuren_wuchunming/Ros2/ros2_homework_advanced_ws/install/fsd_common_msgs/include/fsd_common_msgs/fsd_common_msgs/msg/feedback.h\n'}
[11.619776] (fsd_common_msgs) StdoutLine: {'line': b'-- Installing: /home/wu/Desktop/26_wuren_wuchunming/Ros2/ros2_homework_advanced_ws/install/fsd_common_msgs/include/fsd_common_msgs/fsd_common_msgs/msg/driving_dynamics.h\n'}
[11.619837] (fsd_common_msgs) StdoutLine: {'line': b'-- Installing: /home/wu/Desktop/26_wuren_wuchunming/Ros2/ros2_homework_advanced_ws/install/fsd_common_msgs/include/fsd_common_msgs/fsd_common_msgs/msg/yolo_cone.h\n'}
[11.619878] (fsd_common_msgs) StdoutLine: {'line': b'-- Installing: /home/wu/Desktop/26_wuren_wuchunming/Ros2/ros2_homework_advanced_ws/install/fsd_common_msgs/include/fsd_common_msgs/fsd_common_msgs/msg/time.h\n'}
[11.619933] (fsd_common_msgs) StdoutLine: {'line': b'-- Installing: /home/wu/Desktop/26_wuren_wuchunming/Ros2/ros2_homework_advanced_ws/install/fsd_common_msgs/include/fsd_common_msgs/fsd_common_msgs/msg/car_state_dt.h\n'}
[11.619989] (fsd_common_msgs) StdoutLine: {'line': b'-- Installing: /home/wu/Desktop/26_wuren_wuchunming/Ros2/ros2_homework_advanced_ws/install/fsd_common_msgs/include/fsd_common_msgs/fsd_common_msgs/msg/echiev_message.h\n'}
[11.620045] (fsd_common_msgs) StdoutLine: {'line': b'-- Installing: /home/wu/Desktop/26_wuren_wuchunming/Ros2/ros2_homework_advanced_ws/install/fsd_common_msgs/include/fsd_common_msgs/fsd_common_msgs/msg/track.h\n'}
[11.620108] (fsd_common_msgs) StdoutLine: {'line': b'-- Installing: /home/wu/Desktop/26_wuren_wuchunming/Ros2/ros2_homework_advanced_ws/install/fsd_common_msgs/include/fsd_common_msgs/fsd_common_msgs/msg/yolo_cone_detections_track.h\n'}
[11.620171] (fsd_common_msgs) StdoutLine: {'line': b'-- Installing: /home/wu/Desktop/26_wuren_wuchunming/Ros2/ros2_homework_advanced_ws/install/fsd_common_msgs/include/fsd_common_msgs/fsd_common_msgs/msg/asensing_message.h\n'}
[11.620208] (fsd_common_msgs) StdoutLine: {'line': b'-- Installing: /home/wu/Desktop/26_wuren_wuchunming/Ros2/ros2_homework_advanced_ws/install/fsd_common_msgs/include/fsd_common_msgs/fsd_common_msgs/msg/map.h\n'}
[11.620265] (fsd_common_msgs) StdoutLine: {'line': b'-- Installing: /home/wu/Desktop/26_wuren_wuchunming/Ros2/ros2_homework_advanced_ws/install/fsd_common_msgs/include/fsd_common_msgs/fsd_common_msgs/msg/yolo_cone_track.h\n'}
[11.620321] (fsd_common_msgs) StdoutLine: {'line': b'-- Installing: /home/wu/Desktop/26_wuren_wuchunming/Ros2/ros2_homework_advanced_ws/install/fsd_common_msgs/include/fsd_common_msgs/fsd_common_msgs/msg/cone.h\n'}
[11.620377] (fsd_common_msgs) StdoutLine: {'line': b'-- Installing: /home/wu/Desktop/26_wuren_wuchunming/Ros2/ros2_homework_advanced_ws/install/fsd_common_msgs/include/fsd_common_msgs/fsd_common_msgs/msg/can_frames.h\n'}
[11.620434] (fsd_common_msgs) StdoutLine: {'line': b'-- Installing: /home/wu/Desktop/26_wuren_wuchunming/Ros2/ros2_homework_advanced_ws/install/fsd_common_msgs/include/fsd_common_msgs/fsd_common_msgs/msg/ins_delta.h\n'}
[11.620497] (fsd_common_msgs) StdoutLine: {'line': b'-- Installing: /home/wu/Desktop/26_wuren_wuchunming/Ros2/ros2_homework_advanced_ws/install/fsd_common_msgs/include/fsd_common_msgs/fsd_common_msgs/msg/res_and_ami.h\n'}
[11.620536] (fsd_common_msgs) StdoutLine: {'line': b'-- Installing: /home/wu/Desktop/26_wuren_wuchunming/Ros2/ros2_homework_advanced_ws/install/fsd_common_msgs/include/fsd_common_msgs/fsd_common_msgs/msg/detail\n'}
[11.620590] (fsd_common_msgs) StdoutLine: {'line': b'-- Installing: /home/wu/Desktop/26_wuren_wuchunming/Ros2/ros2_homework_advanced_ws/install/fsd_common_msgs/include/fsd_common_msgs/fsd_common_msgs/msg/detail/feedback__functions.c\n'}
[11.620656] (fsd_common_msgs) StdoutLine: {'line': b'-- Installing: /home/wu/Desktop/26_wuren_wuchunming/Ros2/ros2_homework_advanced_ws/install/fsd_common_msgs/include/fsd_common_msgs/fsd_common_msgs/msg/detail/ins_delta__functions.c\n'}
[11.620716] (fsd_common_msgs) StdoutLine: {'line': b'-- Installing: /home/wu/Desktop/26_wuren_wuchunming/Ros2/ros2_homework_advanced_ws/install/fsd_common_msgs/include/fsd_common_msgs/fsd_common_msgs/msg/detail/yolo_cone_detections_track__type_support.h\n'}
[11.620771] (fsd_common_msgs) StdoutLine: {'line': b'-- Installing: /home/wu/Desktop/26_wuren_wuchunming/Ros2/ros2_homework_advanced_ws/install/fsd_common_msgs/include/fsd_common_msgs/fsd_common_msgs/msg/detail/can_frames__type_support.h\n'}
[11.620824] (fsd_common_msgs) StdoutLine: {'line': b'-- Installing: /home/wu/Desktop/26_wuren_wuchunming/Ros2/ros2_homework_advanced_ws/install/fsd_common_msgs/include/fsd_common_msgs/fsd_common_msgs/msg/detail/driving_dynamics__functions.c\n'}
[11.620884] (fsd_common_msgs) StdoutLine: {'line': b'-- Installing: /home/wu/Desktop/26_wuren_wuchunming/Ros2/ros2_homework_advanced_ws/install/fsd_common_msgs/include/fsd_common_msgs/fsd_common_msgs/msg/detail/car_state__functions.c\n'}
[11.620942] (fsd_common_msgs) StdoutLine: {'line': b'-- Installing: /home/wu/Desktop/26_wuren_wuchunming/Ros2/ros2_homework_advanced_ws/install/fsd_common_msgs/include/fsd_common_msgs/fsd_common_msgs/msg/detail/asensing_message__struct.h\n'}
[11.620997] (fsd_common_msgs) StdoutLine: {'line': b'-- Installing: /home/wu/Desktop/26_wuren_wuchunming/Ros2/ros2_homework_advanced_ws/install/fsd_common_msgs/include/fsd_common_msgs/fsd_common_msgs/msg/detail/feedback__functions.h\n'}
[11.621054] (fsd_common_msgs) StdoutLine: {'line': b'-- Installing: /home/wu/Desktop/26_wuren_wuchunming/Ros2/ros2_homework_advanced_ws/install/fsd_common_msgs/include/fsd_common_msgs/fsd_common_msgs/msg/detail/control_command__functions.h\n'}
[11.621126] (fsd_common_msgs) StdoutLine: {'line': b'-- Installing: /home/wu/Desktop/26_wuren_wuchunming/Ros2/ros2_homework_advanced_ws/install/fsd_common_msgs/include/fsd_common_msgs/fsd_common_msgs/msg/detail/car_state_dt__type_support.h\n'}
[11.621184] (fsd_common_msgs) StdoutLine: {'line': b'-- Installing: /home/wu/Desktop/26_wuren_wuchunming/Ros2/ros2_homework_advanced_ws/install/fsd_common_msgs/include/fsd_common_msgs/fsd_common_msgs/msg/detail/cone_dbscan__functions.h\n'}
[11.621242] (fsd_common_msgs) StdoutLine: {'line': b'-- Installing: /home/wu/Desktop/26_wuren_wuchunming/Ros2/ros2_homework_advanced_ws/install/fsd_common_msgs/include/fsd_common_msgs/fsd_common_msgs/msg/detail/remote_control_command__struct.h\n'}
[11.621297] (fsd_common_msgs) StdoutLine: {'line': b'-- Installing: /home/wu/Desktop/26_wuren_wuchunming/Ros2/ros2_homework_advanced_ws/install/fsd_common_msgs/include/fsd_common_msgs/fsd_common_msgs/msg/detail/res_and_ami__functions.c\n'}
[11.621361] (fsd_common_msgs) StdoutLine: {'line': b'-- Installing: /home/wu/Desktop/26_wuren_wuchunming/Ros2/ros2_homework_advanced_ws/install/fsd_common_msgs/include/fsd_common_msgs/fsd_common_msgs/msg/detail/control_command__type_support.h\n'}
[11.621416] (fsd_common_msgs) StdoutLine: {'line': b'-- Installing: /home/wu/Desktop/26_wuren_wuchunming/Ros2/ros2_homework_advanced_ws/install/fsd_common_msgs/include/fsd_common_msgs/fsd_common_msgs/msg/detail/cone_detections__struct.h\n'}
[11.621471] (fsd_common_msgs) StdoutLine: {'line': b'-- Installing: /home/wu/Desktop/26_wuren_wuchunming/Ros2/ros2_homework_advanced_ws/install/fsd_common_msgs/include/fsd_common_msgs/fsd_common_msgs/msg/detail/yolo_cone__functions.h\n'}
[11.621528] (fsd_common_msgs) StdoutLine: {'line': b'-- Installing: /home/wu/Desktop/26_wuren_wuchunming/Ros2/ros2_homework_advanced_ws/install/fsd_common_msgs/include/fsd_common_msgs/fsd_common_msgs/msg/detail/decision_flag__type_support.h\n'}
[11.621581] (fsd_common_msgs) StdoutLine: {'line': b'-- Installing: /home/wu/Desktop/26_wuren_wuchunming/Ros2/ros2_homework_advanced_ws/install/fsd_common_msgs/include/fsd_common_msgs/fsd_common_msgs/msg/detail/car_state__type_support.h\n'}
[11.621635] (fsd_common_msgs) StdoutLine: {'line': b'-- Installing: /home/wu/Desktop/26_wuren_wuchunming/Ros2/ros2_homework_advanced_ws/install/fsd_common_msgs/include/fsd_common_msgs/fsd_common_msgs/msg/detail/mission__type_support.h\n'}
[11.621691] (fsd_common_msgs) StdoutLine: {'line': b'-- Installing: /home/wu/Desktop/26_wuren_wuchunming/Ros2/ros2_homework_advanced_ws/install/fsd_common_msgs/include/fsd_common_msgs/fsd_common_msgs/msg/detail/time__type_support.h\n'}
[11.621749] (fsd_common_msgs) StdoutLine: {'line': b'-- Installing: /home/wu/Desktop/26_wuren_wuchunming/Ros2/ros2_homework_advanced_ws/install/fsd_common_msgs/include/fsd_common_msgs/fsd_common_msgs/msg/detail/as_state__type_support.h\n'}
[11.621806] (fsd_common_msgs) StdoutLine: {'line': b'-- Installing: /home/wu/Desktop/26_wuren_wuchunming/Ros2/ros2_homework_advanced_ws/install/fsd_common_msgs/include/fsd_common_msgs/fsd_common_msgs/msg/detail/trajectory_point__functions.h\n'}
[11.621860] (fsd_common_msgs) StdoutLine: {'line': b'-- Installing: /home/wu/Desktop/26_wuren_wuchunming/Ros2/ros2_homework_advanced_ws/install/fsd_common_msgs/include/fsd_common_msgs/fsd_common_msgs/msg/detail/feedback__struct.h\n'}
[11.621916] (fsd_common_msgs) StdoutLine: {'line': b'-- Installing: /home/wu/Desktop/26_wuren_wuchunming/Ros2/ros2_homework_advanced_ws/install/fsd_common_msgs/include/fsd_common_msgs/fsd_common_msgs/msg/detail/yolo_cone_detections__struct.h\n'}
[11.621970] (fsd_common_msgs) StdoutLine: {'line': b'-- Installing: /home/wu/Desktop/26_wuren_wuchunming/Ros2/ros2_homework_advanced_ws/install/fsd_common_msgs/include/fsd_common_msgs/fsd_common_msgs/msg/detail/yolo_cone_track__struct.h\n'}
[11.622023] (fsd_common_msgs) StdoutLine: {'line': b'-- Installing: /home/wu/Desktop/26_wuren_wuchunming/Ros2/ros2_homework_advanced_ws/install/fsd_common_msgs/include/fsd_common_msgs/fsd_common_msgs/msg/detail/decision_flag__functions.h\n'}
[11.622083] (fsd_common_msgs) StdoutLine: {'line': b'-- Installing: /home/wu/Desktop/26_wuren_wuchunming/Ros2/ros2_homework_advanced_ws/install/fsd_common_msgs/include/fsd_common_msgs/fsd_common_msgs/msg/detail/track__functions.c\n'}
[11.622142] (fsd_common_msgs) StdoutLine: {'line': b'-- Installing: /home/wu/Desktop/26_wuren_wuchunming/Ros2/ros2_homework_advanced_ws/install/fsd_common_msgs/include/fsd_common_msgs/fsd_common_msgs/msg/detail/visualization__type_support.h\n'}
[11.622199] (fsd_common_msgs) StdoutLine: {'line': b'-- Installing: /home/wu/Desktop/26_wuren_wuchunming/Ros2/ros2_homework_advanced_ws/install/fsd_common_msgs/include/fsd_common_msgs/fsd_common_msgs/msg/detail/yolo_cone_detections__functions.h\n'}
[11.622258] (fsd_common_msgs) StdoutLine: {'line': b'-- Installing: /home/wu/Desktop/26_wuren_wuchunming/Ros2/ros2_homework_advanced_ws/install/fsd_common_msgs/include/fsd_common_msgs/fsd_common_msgs/msg/detail/can_frames__functions.c\n'}
[11.622315] (fsd_common_msgs) StdoutLine: {'line': b'-- Installing: /home/wu/Desktop/26_wuren_wuchunming/Ros2/ros2_homework_advanced_ws/install/fsd_common_msgs/include/fsd_common_msgs/fsd_common_msgs/msg/detail/yolo_cone_track__functions.h\n'}
[11.622374] (fsd_common_msgs) StdoutLine: {'line': b'-- Installing: /home/wu/Desktop/26_wuren_wuchunming/Ros2/ros2_homework_advanced_ws/install/fsd_common_msgs/include/fsd_common_msgs/fsd_common_msgs/msg/detail/car_state__struct.h\n'}
[11.622428] (fsd_common_msgs) StdoutLine: {'line': b'-- Installing: /home/wu/Desktop/26_wuren_wuchunming/Ros2/ros2_homework_advanced_ws/install/fsd_common_msgs/include/fsd_common_msgs/fsd_common_msgs/msg/detail/yolo_cone_track__functions.c\n'}
[11.622488] (fsd_common_msgs) StdoutLine: {'line': b'-- Installing: /home/wu/Desktop/26_wuren_wuchunming/Ros2/ros2_homework_advanced_ws/install/fsd_common_msgs/include/fsd_common_msgs/fsd_common_msgs/msg/detail/driving_dynamics__functions.h\n'}
[11.622546] (fsd_common_msgs) StdoutLine: {'line': b'-- Installing: /home/wu/Desktop/26_wuren_wuchunming/Ros2/ros2_homework_advanced_ws/install/fsd_common_msgs/include/fsd_common_msgs/fsd_common_msgs/msg/detail/control_command__functions.c\n'}
[11.622607] (fsd_common_msgs) StdoutLine: {'line': b'-- Installing: /home/wu/Desktop/26_wuren_wuchunming/Ros2/ros2_homework_advanced_ws/install/fsd_common_msgs/include/fsd_common_msgs/fsd_common_msgs/msg/detail/car_state_dt__functions.c\n'}
[11.622667] (fsd_common_msgs) StdoutLine: {'line': b'-- Installing: /home/wu/Desktop/26_wuren_wuchunming/Ros2/ros2_homework_advanced_ws/install/fsd_common_msgs/include/fsd_common_msgs/fsd_common_msgs/msg/detail/res_and_ami__type_support.h\n'}
[11.622725] (fsd_common_msgs) StdoutLine: {'line': b'-- Installing: /home/wu/Desktop/26_wuren_wuchunming/Ros2/ros2_homework_advanced_ws/install/fsd_common_msgs/include/fsd_common_msgs/fsd_common_msgs/msg/detail/yolo_cone_detections__functions.c\n'}
[11.622785] (fsd_common_msgs) StdoutLine: {'line': b'-- Installing: /home/wu/Desktop/26_wuren_wuchunming/Ros2/ros2_homework_advanced_ws/install/fsd_common_msgs/include/fsd_common_msgs/fsd_common_msgs/msg/detail/track__functions.h\n'}
[11.622843] (fsd_common_msgs) StdoutLine: {'line': b'-- Installing: /home/wu/Desktop/26_wuren_wuchunming/Ros2/ros2_homework_advanced_ws/install/fsd_common_msgs/include/fsd_common_msgs/fsd_common_msgs/msg/detail/cone_detections__functions.c\n'}
[11.622903] (fsd_common_msgs) StdoutLine: {'line': b'-- Installing: /home/wu/Desktop/26_wuren_wuchunming/Ros2/ros2_homework_advanced_ws/install/fsd_common_msgs/include/fsd_common_msgs/fsd_common_msgs/msg/detail/driving_dynamics__type_support.h\n'}
[11.622959] (fsd_common_msgs) StdoutLine: {'line': b'-- Installing: /home/wu/Desktop/26_wuren_wuchunming/Ros2/ros2_homework_advanced_ws/install/fsd_common_msgs/include/fsd_common_msgs/fsd_common_msgs/msg/detail/map__struct.h\n'}
[11.623014] (fsd_common_msgs) StdoutLine: {'line': b'-- Installing: /home/wu/Desktop/26_wuren_wuchunming/Ros2/ros2_homework_advanced_ws/install/fsd_common_msgs/include/fsd_common_msgs/fsd_common_msgs/msg/detail/res_and_ami__functions.h\n'}
[11.623180] (fsd_common_msgs) StdoutLine: {'line': b'-- Installing: /home/wu/Desktop/26_wuren_wuchunming/Ros2/ros2_homework_advanced_ws/install/fsd_common_msgs/include/fsd_common_msgs/fsd_common_msgs/msg/detail/skidpad_global_center_line__functions.h\n'}
[11.623223] (fsd_common_msgs) StdoutLine: {'line': b'-- Installing: /home/wu/Desktop/26_wuren_wuchunming/Ros2/ros2_homework_advanced_ws/install/fsd_common_msgs/include/fsd_common_msgs/fsd_common_msgs/msg/detail/map__functions.c\n'}
[11.623282] (fsd_common_msgs) StdoutLine: {'line': b'-- Installing: /home/wu/Desktop/26_wuren_wuchunming/Ros2/ros2_homework_advanced_ws/install/fsd_common_msgs/include/fsd_common_msgs/fsd_common_msgs/msg/detail/cone_detections_dbscan__struct.h\n'}
[11.623330] (fsd_common_msgs) StdoutLine: {'line': b'-- Installing: /home/wu/Desktop/26_wuren_wuchunming/Ros2/ros2_homework_advanced_ws/install/fsd_common_msgs/include/fsd_common_msgs/fsd_common_msgs/msg/detail/trajectory_point__type_support.h\n'}
[11.623365] (fsd_common_msgs) StdoutLine: {'line': b'-- Installing: /home/wu/Desktop/26_wuren_wuchunming/Ros2/ros2_homework_advanced_ws/install/fsd_common_msgs/include/fsd_common_msgs/fsd_common_msgs/msg/detail/feedback__type_support.h\n'}
[11.623419] (fsd_common_msgs) StdoutLine: {'line': b'-- Installing: /home/wu/Desktop/26_wuren_wuchunming/Ros2/ros2_homework_advanced_ws/install/fsd_common_msgs/include/fsd_common_msgs/fsd_common_msgs/msg/detail/mission__struct.h\n'}
[11.623473] (fsd_common_msgs) StdoutLine: {'line': b'-- Installing: /home/wu/Desktop/26_wuren_wuchunming/Ros2/ros2_homework_advanced_ws/install/fsd_common_msgs/include/fsd_common_msgs/fsd_common_msgs/msg/detail/as_state__functions.c\n'}
[11.623526] (fsd_common_msgs) StdoutLine: {'line': b'-- Installing: /home/wu/Desktop/26_wuren_wuchunming/Ros2/ros2_homework_advanced_ws/install/fsd_common_msgs/include/fsd_common_msgs/fsd_common_msgs/msg/detail/time__functions.h\n'}
[11.623580] (fsd_common_msgs) StdoutLine: {'line': b'-- Installing: /home/wu/Desktop/26_wuren_wuchunming/Ros2/ros2_homework_advanced_ws/install/fsd_common_msgs/include/fsd_common_msgs/fsd_common_msgs/msg/detail/decision_flag__functions.c\n'}
[11.623621] (fsd_common_msgs) StdoutLine: {'line': b'-- Installing: /home/wu/Desktop/26_wuren_wuchunming/Ros2/ros2_homework_advanced_ws/install/fsd_common_msgs/include/fsd_common_msgs/fsd_common_msgs/msg/detail/cone_dbscan__type_support.h\n'}
[11.623663] (fsd_common_msgs) StdoutLine: {'line': b'-- Installing: /home/wu/Desktop/26_wuren_wuchunming/Ros2/ros2_homework_advanced_ws/install/fsd_common_msgs/include/fsd_common_msgs/fsd_common_msgs/msg/detail/echiev_message__functions.h\n'}
[11.623706] (fsd_common_msgs) StdoutLine: {'line': b'-- Installing: /home/wu/Desktop/26_wuren_wuchunming/Ros2/ros2_homework_advanced_ws/install/fsd_common_msgs/include/fsd_common_msgs/fsd_common_msgs/msg/detail/yolo_cone_detections_track__struct.h\n'}
[11.623752] (fsd_common_msgs) StdoutLine: {'line': b'-- Installing: /home/wu/Desktop/26_wuren_wuchunming/Ros2/ros2_homework_advanced_ws/install/fsd_common_msgs/include/fsd_common_msgs/fsd_common_msgs/msg/detail/asensing_message__functions.c\n'}
[11.623806] (fsd_common_msgs) StdoutLine: {'line': b'-- Installing: /home/wu/Desktop/26_wuren_wuchunming/Ros2/ros2_homework_advanced_ws/install/fsd_common_msgs/include/fsd_common_msgs/fsd_common_msgs/msg/detail/cone_dbscan__functions.c\n'}
[11.623861] (fsd_common_msgs) StdoutLine: {'line': b'-- Installing: /home/wu/Desktop/26_wuren_wuchunming/Ros2/ros2_homework_advanced_ws/install/fsd_common_msgs/include/fsd_common_msgs/fsd_common_msgs/msg/detail/cone_detections_dbscan__functions.h\n'}
[11.623912] (fsd_common_msgs) StdoutLine: {'line': b'-- Installing: /home/wu/Desktop/26_wuren_wuchunming/Ros2/ros2_homework_advanced_ws/install/fsd_common_msgs/include/fsd_common_msgs/fsd_common_msgs/msg/detail/yolo_cone__type_support.h\n'}
[11.623961] (fsd_common_msgs) StdoutLine: {'line': b'-- Installing: /home/wu/Desktop/26_wuren_wuchunming/Ros2/ros2_homework_advanced_ws/install/fsd_common_msgs/include/fsd_common_msgs/fsd_common_msgs/msg/detail/visualization__functions.h\n'}
[11.624015] (fsd_common_msgs) StdoutLine: {'line': b'-- Installing: /home/wu/Desktop/26_wuren_wuchunming/Ros2/ros2_homework_advanced_ws/install/fsd_common_msgs/include/fsd_common_msgs/fsd_common_msgs/msg/detail/echiev_message__type_support.h\n'}
[11.624066] (fsd_common_msgs) StdoutLine: {'line': b'-- Installing: /home/wu/Desktop/26_wuren_wuchunming/Ros2/ros2_homework_advanced_ws/install/fsd_common_msgs/include/fsd_common_msgs/fsd_common_msgs/msg/detail/cone_detections__functions.h\n'}
[11.624117] (fsd_common_msgs) StdoutLine: {'line': b'-- Installing: /home/wu/Desktop/26_wuren_wuchunming/Ros2/ros2_homework_advanced_ws/install/fsd_common_msgs/include/fsd_common_msgs/fsd_common_msgs/msg/detail/visualization__struct.h\n'}
[11.624166] (fsd_common_msgs) StdoutLine: {'line': b'-- Installing: /home/wu/Desktop/26_wuren_wuchunming/Ros2/ros2_homework_advanced_ws/install/fsd_common_msgs/include/fsd_common_msgs/fsd_common_msgs/msg/detail/yolo_cone_detections_track__functions.h\n'}
[11.624219] (fsd_common_msgs) StdoutLine: {'line': b'-- Installing: /home/wu/Desktop/26_wuren_wuchunming/Ros2/ros2_homework_advanced_ws/install/fsd_common_msgs/include/fsd_common_msgs/fsd_common_msgs/msg/detail/track__struct.h\n'}
[11.624267] (fsd_common_msgs) StdoutLine: {'line': b'-- Installing: /home/wu/Desktop/26_wuren_wuchunming/Ros2/ros2_homework_advanced_ws/install/fsd_common_msgs/include/fsd_common_msgs/fsd_common_msgs/msg/detail/driving_dynamics__struct.h\n'}
[11.624316] (fsd_common_msgs) StdoutLine: {'line': b'-- Installing: /home/wu/Desktop/26_wuren_wuchunming/Ros2/ros2_homework_advanced_ws/install/fsd_common_msgs/include/fsd_common_msgs/fsd_common_msgs/msg/detail/car_state_dt__struct.h\n'}
[11.624364] (fsd_common_msgs) StdoutLine: {'line': b'-- Installing: /home/wu/Desktop/26_wuren_wuchunming/Ros2/ros2_homework_advanced_ws/install/fsd_common_msgs/include/fsd_common_msgs/fsd_common_msgs/msg/detail/as_state__functions.h\n'}
[11.624421] (fsd_common_msgs) StdoutLine: {'line': b'-- Installing: /home/wu/Desktop/26_wuren_wuchunming/Ros2/ros2_homework_advanced_ws/install/fsd_common_msgs/include/fsd_common_msgs/fsd_common_msgs/msg/detail/control_command__struct.h\n'}
[11.624466] (fsd_common_msgs) StdoutLine: {'line': b'-- Installing: /home/wu/Desktop/26_wuren_wuchunming/Ros2/ros2_homework_advanced_ws/install/fsd_common_msgs/include/fsd_common_msgs/fsd_common_msgs/msg/detail/cone__functions.c\n'}
[11.624519] (fsd_common_msgs) StdoutLine: {'line': b'-- Installing: /home/wu/Desktop/26_wuren_wuchunming/Ros2/ros2_homework_advanced_ws/install/fsd_common_msgs/include/fsd_common_msgs/fsd_common_msgs/msg/detail/yolo_cone__functions.c\n'}
[11.624573] (fsd_common_msgs) StdoutLine: {'line': b'-- Installing: /home/wu/Desktop/26_wuren_wuchunming/Ros2/ros2_homework_advanced_ws/install/fsd_common_msgs/include/fsd_common_msgs/fsd_common_msgs/msg/detail/cone__struct.h\n'}
[11.624622] (fsd_common_msgs) StdoutLine: {'line': b'-- Installing: /home/wu/Desktop/26_wuren_wuchunming/Ros2/ros2_homework_advanced_ws/install/fsd_common_msgs/include/fsd_common_msgs/fsd_common_msgs/msg/detail/skidpad_global_center_line__struct.h\n'}
[11.624670] (fsd_common_msgs) StdoutLine: {'line': b'-- Installing: /home/wu/Desktop/26_wuren_wuchunming/Ros2/ros2_homework_advanced_ws/install/fsd_common_msgs/include/fsd_common_msgs/fsd_common_msgs/msg/detail/can_frames__functions.h\n'}
[11.624723] (fsd_common_msgs) StdoutLine: {'line': b'-- Installing: /home/wu/Desktop/26_wuren_wuchunming/Ros2/ros2_homework_advanced_ws/install/fsd_common_msgs/include/fsd_common_msgs/fsd_common_msgs/msg/detail/asensing_message__functions.h\n'}
[11.624775] (fsd_common_msgs) StdoutLine: {'line': b'-- Installing: /home/wu/Desktop/26_wuren_wuchunming/Ros2/ros2_homework_advanced_ws/install/fsd_common_msgs/include/fsd_common_msgs/fsd_common_msgs/msg/detail/yolo_cone_detections_track__functions.c\n'}
[11.624830] (fsd_common_msgs) StdoutLine: {'line': b'-- Installing: /home/wu/Desktop/26_wuren_wuchunming/Ros2/ros2_homework_advanced_ws/install/fsd_common_msgs/include/fsd_common_msgs/fsd_common_msgs/msg/detail/ins_delta__struct.h\n'}
[11.624881] (fsd_common_msgs) StdoutLine: {'line': b'-- Installing: /home/wu/Desktop/26_wuren_wuchunming/Ros2/ros2_homework_advanced_ws/install/fsd_common_msgs/include/fsd_common_msgs/fsd_common_msgs/msg/detail/cone_dbscan__struct.h\n'}
[11.624930] (fsd_common_msgs) StdoutLine: {'line': b'-- Installing: /home/wu/Desktop/26_wuren_wuchunming/Ros2/ros2_homework_advanced_ws/install/fsd_common_msgs/include/fsd_common_msgs/fsd_common_msgs/msg/detail/echiev_message__functions.c\n'}
[11.624985] (fsd_common_msgs) StdoutLine: {'line': b'-- Installing: /home/wu/Desktop/26_wuren_wuchunming/Ros2/ros2_homework_advanced_ws/install/fsd_common_msgs/include/fsd_common_msgs/fsd_common_msgs/msg/detail/skidpad_global_center_line__functions.c\n'}
[11.625037] (fsd_common_msgs) StdoutLine: {'line': b'-- Installing: /home/wu/Desktop/26_wuren_wuchunming/Ros2/ros2_homework_advanced_ws/install/fsd_common_msgs/include/fsd_common_msgs/fsd_common_msgs/msg/detail/remote_control_command__functions.h\n'}
[11.625098] (fsd_common_msgs) StdoutLine: {'line': b'-- Installing: /home/wu/Desktop/26_wuren_wuchunming/Ros2/ros2_homework_advanced_ws/install/fsd_common_msgs/include/fsd_common_msgs/fsd_common_msgs/msg/detail/visualization__functions.c\n'}
[11.625159] (fsd_common_msgs) StdoutLine: {'line': b'-- Installing: /home/wu/Desktop/26_wuren_wuchunming/Ros2/ros2_homework_advanced_ws/install/fsd_common_msgs/include/fsd_common_msgs/fsd_common_msgs/msg/detail/skidpad_global_center_line__type_support.h\n'}
[11.625211] (fsd_common_msgs) StdoutLine: {'line': b'-- Installing: /home/wu/Desktop/26_wuren_wuchunming/Ros2/ros2_homework_advanced_ws/install/fsd_common_msgs/include/fsd_common_msgs/fsd_common_msgs/msg/detail/car_state_dt__functions.h\n'}
[11.625264] (fsd_common_msgs) StdoutLine: {'line': b'-- Installing: /home/wu/Desktop/26_wuren_wuchunming/Ros2/ros2_homework_advanced_ws/install/fsd_common_msgs/include/fsd_common_msgs/fsd_common_msgs/msg/detail/echiev_message__struct.h\n'}
[11.625332] (fsd_common_msgs) StdoutLine: {'line': b'-- Installing: /home/wu/Desktop/26_wuren_wuchunming/Ros2/ros2_homework_advanced_ws/install/fsd_common_msgs/include/fsd_common_msgs/fsd_common_msgs/msg/detail/asensing_message__type_support.h\n'}
[11.625378] (fsd_common_msgs) StdoutLine: {'line': b'-- Installing: /home/wu/Desktop/26_wuren_wuchunming/Ros2/ros2_homework_advanced_ws/install/fsd_common_msgs/include/fsd_common_msgs/fsd_common_msgs/msg/detail/ins_delta__functions.h\n'}
[11.625418] (fsd_common_msgs) StdoutLine: {'line': b'-- Installing: /home/wu/Desktop/26_wuren_wuchunming/Ros2/ros2_homework_advanced_ws/install/fsd_common_msgs/include/fsd_common_msgs/fsd_common_msgs/msg/detail/ins_delta__type_support.h\n'}
[11.625462] (fsd_common_msgs) StdoutLine: {'line': b'-- Installing: /home/wu/Desktop/26_wuren_wuchunming/Ros2/ros2_homework_advanced_ws/install/fsd_common_msgs/include/fsd_common_msgs/fsd_common_msgs/msg/detail/car_state__functions.h\n'}
[11.625508] (fsd_common_msgs) StdoutLine: {'line': b'-- Installing: /home/wu/Desktop/26_wuren_wuchunming/Ros2/ros2_homework_advanced_ws/install/fsd_common_msgs/include/fsd_common_msgs/fsd_common_msgs/msg/detail/time__struct.h\n'}
[11.625552] (fsd_common_msgs) StdoutLine: {'line': b'-- Installing: /home/wu/Desktop/26_wuren_wuchunming/Ros2/ros2_homework_advanced_ws/install/fsd_common_msgs/include/fsd_common_msgs/fsd_common_msgs/msg/detail/can_frames__struct.h\n'}
[11.625595] (fsd_common_msgs) StdoutLine: {'line': b'-- Installing: /home/wu/Desktop/26_wuren_wuchunming/Ros2/ros2_homework_advanced_ws/install/fsd_common_msgs/include/fsd_common_msgs/fsd_common_msgs/msg/detail/cone_detections__type_support.h\n'}
[11.625639] (fsd_common_msgs) StdoutLine: {'line': b'-- Installing: /home/wu/Desktop/26_wuren_wuchunming/Ros2/ros2_homework_advanced_ws/install/fsd_common_msgs/include/fsd_common_msgs/fsd_common_msgs/msg/detail/track__type_support.h\n'}
[11.625684] (fsd_common_msgs) StdoutLine: {'line': b'-- Installing: /home/wu/Desktop/26_wuren_wuchunming/Ros2/ros2_homework_advanced_ws/install/fsd_common_msgs/include/fsd_common_msgs/fsd_common_msgs/msg/detail/cone__functions.h\n'}
[11.625731] (fsd_common_msgs) StdoutLine: {'line': b'-- Installing: /home/wu/Desktop/26_wuren_wuchunming/Ros2/ros2_homework_advanced_ws/install/fsd_common_msgs/include/fsd_common_msgs/fsd_common_msgs/msg/detail/remote_control_command__functions.c\n'}
[11.625783] (fsd_common_msgs) StdoutLine: {'line': b'-- Installing: /home/wu/Desktop/26_wuren_wuchunming/Ros2/ros2_homework_advanced_ws/install/fsd_common_msgs/include/fsd_common_msgs/fsd_common_msgs/msg/detail/map__functions.h\n'}
[11.625830] (fsd_common_msgs) StdoutLine: {'line': b'-- Installing: /home/wu/Desktop/26_wuren_wuchunming/Ros2/ros2_homework_advanced_ws/install/fsd_common_msgs/include/fsd_common_msgs/fsd_common_msgs/msg/detail/cone_detections_dbscan__functions.c\n'}
[11.625880] (fsd_common_msgs) StdoutLine: {'line': b'-- Installing: /home/wu/Desktop/26_wuren_wuchunming/Ros2/ros2_homework_advanced_ws/install/fsd_common_msgs/include/fsd_common_msgs/fsd_common_msgs/msg/detail/yolo_cone_detections__type_support.h\n'}
[11.625925] (fsd_common_msgs) StdoutLine: {'line': b'-- Installing: /home/wu/Desktop/26_wuren_wuchunming/Ros2/ros2_homework_advanced_ws/install/fsd_common_msgs/include/fsd_common_msgs/fsd_common_msgs/msg/detail/yolo_cone__struct.h\n'}
[11.625968] (fsd_common_msgs) StdoutLine: {'line': b'-- Installing: /home/wu/Desktop/26_wuren_wuchunming/Ros2/ros2_homework_advanced_ws/install/fsd_common_msgs/include/fsd_common_msgs/fsd_common_msgs/msg/detail/trajectory_point__struct.h\n'}
[11.626011] (fsd_common_msgs) StdoutLine: {'line': b'-- Installing: /home/wu/Desktop/26_wuren_wuchunming/Ros2/ros2_homework_advanced_ws/install/fsd_common_msgs/include/fsd_common_msgs/fsd_common_msgs/msg/detail/time__functions.c\n'}
[11.626065] (fsd_common_msgs) StdoutLine: {'line': b'-- Installing: /home/wu/Desktop/26_wuren_wuchunming/Ros2/ros2_homework_advanced_ws/install/fsd_common_msgs/include/fsd_common_msgs/fsd_common_msgs/msg/detail/mission__functions.c\n'}
[11.626111] (fsd_common_msgs) StdoutLine: {'line': b'-- Installing: /home/wu/Desktop/26_wuren_wuchunming/Ros2/ros2_homework_advanced_ws/install/fsd_common_msgs/include/fsd_common_msgs/fsd_common_msgs/msg/detail/res_and_ami__struct.h\n'}
[11.626167] (fsd_common_msgs) StdoutLine: {'line': b'-- Installing: /home/wu/Desktop/26_wuren_wuchunming/Ros2/ros2_homework_advanced_ws/install/fsd_common_msgs/include/fsd_common_msgs/fsd_common_msgs/msg/detail/mission__functions.h\n'}
[11.626220] (fsd_common_msgs) StdoutLine: {'line': b'-- Installing: /home/wu/Desktop/26_wuren_wuchunming/Ros2/ros2_homework_advanced_ws/install/fsd_common_msgs/include/fsd_common_msgs/fsd_common_msgs/msg/detail/decision_flag__struct.h\n'}
[11.626273] (fsd_common_msgs) StdoutLine: {'line': b'-- Installing: /home/wu/Desktop/26_wuren_wuchunming/Ros2/ros2_homework_advanced_ws/install/fsd_common_msgs/include/fsd_common_msgs/fsd_common_msgs/msg/detail/remote_control_command__type_support.h\n'}
[11.626327] (fsd_common_msgs) StdoutLine: {'line': b'-- Installing: /home/wu/Desktop/26_wuren_wuchunming/Ros2/ros2_homework_advanced_ws/install/fsd_common_msgs/include/fsd_common_msgs/fsd_common_msgs/msg/detail/yolo_cone_track__type_support.h\n'}
[11.626370] (fsd_common_msgs) StdoutLine: {'line': b'-- Installing: /home/wu/Desktop/26_wuren_wuchunming/Ros2/ros2_homework_advanced_ws/install/fsd_common_msgs/include/fsd_common_msgs/fsd_common_msgs/msg/detail/as_state__struct.h\n'}
[11.626417] (fsd_common_msgs) StdoutLine: {'line': b'-- Installing: /home/wu/Desktop/26_wuren_wuchunming/Ros2/ros2_homework_advanced_ws/install/fsd_common_msgs/include/fsd_common_msgs/fsd_common_msgs/msg/detail/cone__type_support.h\n'}
[11.626473] (fsd_common_msgs) StdoutLine: {'line': b'-- Installing: /home/wu/Desktop/26_wuren_wuchunming/Ros2/ros2_homework_advanced_ws/install/fsd_common_msgs/include/fsd_common_msgs/fsd_common_msgs/msg/detail/map__type_support.h\n'}
[11.626520] (fsd_common_msgs) StdoutLine: {'line': b'-- Installing: /home/wu/Desktop/26_wuren_wuchunming/Ros2/ros2_homework_advanced_ws/install/fsd_common_msgs/include/fsd_common_msgs/fsd_common_msgs/msg/detail/trajectory_point__functions.c\n'}
[11.626573] (fsd_common_msgs) StdoutLine: {'line': b'-- Installing: /home/wu/Desktop/26_wuren_wuchunming/Ros2/ros2_homework_advanced_ws/install/fsd_common_msgs/include/fsd_common_msgs/fsd_common_msgs/msg/detail/cone_detections_dbscan__type_support.h\n'}
[11.626629] (fsd_common_msgs) StdoutLine: {'line': b'-- Installing: /home/wu/Desktop/26_wuren_wuchunming/Ros2/ros2_homework_advanced_ws/install/fsd_common_msgs/include/fsd_common_msgs/fsd_common_msgs/msg/trajectory_point.h\n'}
[11.626677] (fsd_common_msgs) StdoutLine: {'line': b'-- Installing: /home/wu/Desktop/26_wuren_wuchunming/Ros2/ros2_homework_advanced_ws/install/fsd_common_msgs/include/fsd_common_msgs/fsd_common_msgs/msg/visualization.h\n'}
[11.626720] (fsd_common_msgs) StdoutLine: {'line': b'-- Installing: /home/wu/Desktop/26_wuren_wuchunming/Ros2/ros2_homework_advanced_ws/install/fsd_common_msgs/include/fsd_common_msgs/fsd_common_msgs/msg/decision_flag.h\n'}
[11.626762] (fsd_common_msgs) StdoutLine: {'line': b'-- Installing: /home/wu/Desktop/26_wuren_wuchunming/Ros2/ros2_homework_advanced_ws/install/fsd_common_msgs/include/fsd_common_msgs/fsd_common_msgs/msg/cone_dbscan.h\n'}
[11.626808] (fsd_common_msgs) StdoutLine: {'line': b'-- Installing: /home/wu/Desktop/26_wuren_wuchunming/Ros2/ros2_homework_advanced_ws/install/fsd_common_msgs/include/fsd_common_msgs/fsd_common_msgs/msg/mission.h\n'}
[11.626853] (fsd_common_msgs) StdoutLine: {'line': b'-- Installing: /home/wu/Desktop/26_wuren_wuchunming/Ros2/ros2_homework_advanced_ws/install/fsd_common_msgs/include/fsd_common_msgs/fsd_common_msgs/msg/yolo_cone_detections.h\n'}
[11.626903] (fsd_common_msgs) StdoutLine: {'line': b'-- Installing: /home/wu/Desktop/26_wuren_wuchunming/Ros2/ros2_homework_advanced_ws/install/fsd_common_msgs/include/fsd_common_msgs/fsd_common_msgs/msg/skidpad_global_center_line.h\n'}
[11.626949] (fsd_common_msgs) StdoutLine: {'line': b'-- Installing: /home/wu/Desktop/26_wuren_wuchunming/Ros2/ros2_homework_advanced_ws/install/fsd_common_msgs/include/fsd_common_msgs/fsd_common_msgs/msg/car_state.h\n'}
[11.626992] (fsd_common_msgs) StdoutLine: {'line': b'-- Installing: /home/wu/Desktop/26_wuren_wuchunming/Ros2/ros2_homework_advanced_ws/install/fsd_common_msgs/include/fsd_common_msgs/fsd_common_msgs/msg/cone_detections.h\n'}
[11.627037] (fsd_common_msgs) StdoutLine: {'line': b'-- Installing: /home/wu/Desktop/26_wuren_wuchunming/Ros2/ros2_homework_advanced_ws/install/fsd_common_msgs/include/fsd_common_msgs/fsd_common_msgs/msg/remote_control_command.h\n'}
[11.627089] (fsd_common_msgs) StdoutLine: {'line': b'-- Installing: /home/wu/Desktop/26_wuren_wuchunming/Ros2/ros2_homework_advanced_ws/install/fsd_common_msgs/include/fsd_common_msgs/fsd_common_msgs/msg/rosidl_generator_c__visibility_control.h\n'}
[11.627230] (fsd_common_msgs) StdoutLine: {'line': b'-- Installing: /home/wu/Desktop/26_wuren_wuchunming/Ros2/ros2_homework_advanced_ws/install/fsd_common_msgs/share/fsd_common_msgs/environment/library_path.sh\n'}
[11.627310] (fsd_common_msgs) StdoutLine: {'line': b'-- Installing: /home/wu/Desktop/26_wuren_wuchunming/Ros2/ros2_homework_advanced_ws/install/fsd_common_msgs/share/fsd_common_msgs/environment/library_path.dsv\n'}
[11.627405] (fsd_common_msgs) StdoutLine: {'line': b'-- Installing: /home/wu/Desktop/26_wuren_wuchunming/Ros2/ros2_homework_advanced_ws/install/fsd_common_msgs/lib/libfsd_common_msgs__rosidl_generator_c.so\n'}
[11.627664] (fsd_common_msgs) StdoutLine: {'line': b'-- Set runtime path of "/home/wu/Desktop/26_wuren_wuchunming/Ros2/ros2_homework_advanced_ws/install/fsd_common_msgs/lib/libfsd_common_msgs__rosidl_generator_c.so" to ""\n'}
[11.627705] (fsd_common_msgs) StdoutLine: {'line': b'-- Up-to-date: /home/wu/Desktop/26_wuren_wuchunming/Ros2/ros2_homework_advanced_ws/install/fsd_common_msgs/include/fsd_common_msgs/fsd_common_msgs\n'}
[11.627745] (fsd_common_msgs) StdoutLine: {'line': b'-- Up-to-date: /home/wu/Desktop/26_wuren_wuchunming/Ros2/ros2_homework_advanced_ws/install/fsd_common_msgs/include/fsd_common_msgs/fsd_common_msgs/msg\n'}
[11.627785] (fsd_common_msgs) StdoutLine: {'line': b'-- Installing: /home/wu/Desktop/26_wuren_wuchunming/Ros2/ros2_homework_advanced_ws/install/fsd_common_msgs/include/fsd_common_msgs/fsd_common_msgs/msg/rosidl_typesupport_fastrtps_c__visibility_control.h\n'}
[11.627829] (fsd_common_msgs) StdoutLine: {'line': b'-- Up-to-date: /home/wu/Desktop/26_wuren_wuchunming/Ros2/ros2_homework_advanced_ws/install/fsd_common_msgs/include/fsd_common_msgs/fsd_common_msgs/msg/detail\n'}
[11.627859] (fsd_common_msgs) StdoutLine: {'line': b'-- Installing: /home/wu/Desktop/26_wuren_wuchunming/Ros2/ros2_homework_advanced_ws/install/fsd_common_msgs/include/fsd_common_msgs/fsd_common_msgs/msg/detail/cone_detections__rosidl_typesupport_fastrtps_c.h\n'}
[11.627901] (fsd_common_msgs) StdoutLine: {'line': b'-- Installing: /home/wu/Desktop/26_wuren_wuchunming/Ros2/ros2_homework_advanced_ws/install/fsd_common_msgs/include/fsd_common_msgs/fsd_common_msgs/msg/detail/cone_dbscan__rosidl_typesupport_fastrtps_c.h\n'}
[11.627940] (fsd_common_msgs) StdoutLine: {'line': b'-- Installing: /home/wu/Desktop/26_wuren_wuchunming/Ros2/ros2_homework_advanced_ws/install/fsd_common_msgs/include/fsd_common_msgs/fsd_common_msgs/msg/detail/yolo_cone_detections_track__rosidl_typesupport_fastrtps_c.h\n'}
[11.627986] (fsd_common_msgs) StdoutLine: {'line': b'-- Installing: /home/wu/Desktop/26_wuren_wuchunming/Ros2/ros2_homework_advanced_ws/install/fsd_common_msgs/include/fsd_common_msgs/fsd_common_msgs/msg/detail/skidpad_global_center_line__rosidl_typesupport_fastrtps_c.h\n'}
[11.628038] (fsd_common_msgs) StdoutLine: {'line': b'-- Installing: /home/wu/Desktop/26_wuren_wuchunming/Ros2/ros2_homework_advanced_ws/install/fsd_common_msgs/include/fsd_common_msgs/fsd_common_msgs/msg/detail/asensing_message__rosidl_typesupport_fastrtps_c.h\n'}
[11.628161] (fsd_common_msgs) StdoutLine: {'line': b'-- Installing: /home/wu/Desktop/26_wuren_wuchunming/Ros2/ros2_homework_advanced_ws/install/fsd_common_msgs/include/fsd_common_msgs/fsd_common_msgs/msg/detail/track__rosidl_typesupport_fastrtps_c.h\n'}
[11.628215] (fsd_common_msgs) StdoutLine: {'line': b'-- Installing: /home/wu/Desktop/26_wuren_wuchunming/Ros2/ros2_homework_advanced_ws/install/fsd_common_msgs/include/fsd_common_msgs/fsd_common_msgs/msg/detail/yolo_cone_detections__rosidl_typesupport_fastrtps_c.h\n'}
[11.628269] (fsd_common_msgs) StdoutLine: {'line': b'-- Installing: /home/wu/Desktop/26_wuren_wuchunming/Ros2/ros2_homework_advanced_ws/install/fsd_common_msgs/include/fsd_common_msgs/fsd_common_msgs/msg/detail/mission__rosidl_typesupport_fastrtps_c.h\n'}
[11.628319] (fsd_common_msgs) StdoutLine: {'line': b'-- Installing: /home/wu/Desktop/26_wuren_wuchunming/Ros2/ros2_homework_advanced_ws/install/fsd_common_msgs/include/fsd_common_msgs/fsd_common_msgs/msg/detail/ins_delta__rosidl_typesupport_fastrtps_c.h\n'}
[11.628376] (fsd_common_msgs) StdoutLine: {'line': b'-- Installing: /home/wu/Desktop/26_wuren_wuchunming/Ros2/ros2_homework_advanced_ws/install/fsd_common_msgs/include/fsd_common_msgs/fsd_common_msgs/msg/detail/as_state__rosidl_typesupport_fastrtps_c.h\n'}
[11.628423] (fsd_common_msgs) StdoutLine: {'line': b'-- Installing: /home/wu/Desktop/26_wuren_wuchunming/Ros2/ros2_homework_advanced_ws/install/fsd_common_msgs/include/fsd_common_msgs/fsd_common_msgs/msg/detail/feedback__rosidl_typesupport_fastrtps_c.h\n'}
[11.628465] (fsd_common_msgs) StdoutLine: {'line': b'-- Installing: /home/wu/Desktop/26_wuren_wuchunming/Ros2/ros2_homework_advanced_ws/install/fsd_common_msgs/include/fsd_common_msgs/fsd_common_msgs/msg/detail/yolo_cone_track__rosidl_typesupport_fastrtps_c.h\n'}
[11.628512] (fsd_common_msgs) StdoutLine: {'line': b'-- Installing: /home/wu/Desktop/26_wuren_wuchunming/Ros2/ros2_homework_advanced_ws/install/fsd_common_msgs/include/fsd_common_msgs/fsd_common_msgs/msg/detail/car_state__rosidl_typesupport_fastrtps_c.h\n'}
[11.628557] (fsd_common_msgs) StdoutLine: {'line': b'-- Installing: /home/wu/Desktop/26_wuren_wuchunming/Ros2/ros2_homework_advanced_ws/install/fsd_common_msgs/include/fsd_common_msgs/fsd_common_msgs/msg/detail/echiev_message__rosidl_typesupport_fastrtps_c.h\n'}
[11.628598] (fsd_common_msgs) StdoutLine: {'line': b'-- Installing: /home/wu/Desktop/26_wuren_wuchunming/Ros2/ros2_homework_advanced_ws/install/fsd_common_msgs/include/fsd_common_msgs/fsd_common_msgs/msg/detail/trajectory_point__rosidl_typesupport_fastrtps_c.h\n'}
[11.628644] (fsd_common_msgs) StdoutLine: {'line': b'-- Installing: /home/wu/Desktop/26_wuren_wuchunming/Ros2/ros2_homework_advanced_ws/install/fsd_common_msgs/include/fsd_common_msgs/fsd_common_msgs/msg/detail/yolo_cone__rosidl_typesupport_fastrtps_c.h\n'}
[11.628689] (fsd_common_msgs) StdoutLine: {'line': b'-- Installing: /home/wu/Desktop/26_wuren_wuchunming/Ros2/ros2_homework_advanced_ws/install/fsd_common_msgs/include/fsd_common_msgs/fsd_common_msgs/msg/detail/control_command__rosidl_typesupport_fastrtps_c.h\n'}
[11.628733] (fsd_common_msgs) StdoutLine: {'line': b'-- Installing: /home/wu/Desktop/26_wuren_wuchunming/Ros2/ros2_homework_advanced_ws/install/fsd_common_msgs/include/fsd_common_msgs/fsd_common_msgs/msg/detail/car_state_dt__rosidl_typesupport_fastrtps_c.h\n'}
[11.628776] (fsd_common_msgs) StdoutLine: {'line': b'-- Installing: /home/wu/Desktop/26_wuren_wuchunming/Ros2/ros2_homework_advanced_ws/install/fsd_common_msgs/include/fsd_common_msgs/fsd_common_msgs/msg/detail/map__rosidl_typesupport_fastrtps_c.h\n'}
[11.628821] (fsd_common_msgs) StdoutLine: {'line': b'-- Installing: /home/wu/Desktop/26_wuren_wuchunming/Ros2/ros2_homework_advanced_ws/install/fsd_common_msgs/include/fsd_common_msgs/fsd_common_msgs/msg/detail/driving_dynamics__rosidl_typesupport_fastrtps_c.h\n'}
[11.628866] (fsd_common_msgs) StdoutLine: {'line': b'-- Installing: /home/wu/Desktop/26_wuren_wuchunming/Ros2/ros2_homework_advanced_ws/install/fsd_common_msgs/include/fsd_common_msgs/fsd_common_msgs/msg/detail/visualization__rosidl_typesupport_fastrtps_c.h\n'}
[11.628909] (fsd_common_msgs) StdoutLine: {'line': b'-- Installing: /home/wu/Desktop/26_wuren_wuchunming/Ros2/ros2_homework_advanced_ws/install/fsd_common_msgs/include/fsd_common_msgs/fsd_common_msgs/msg/detail/cone__rosidl_typesupport_fastrtps_c.h\n'}
[11.628955] (fsd_common_msgs) StdoutLine: {'line': b'-- Installing: /home/wu/Desktop/26_wuren_wuchunming/Ros2/ros2_homework_advanced_ws/install/fsd_common_msgs/include/fsd_common_msgs/fsd_common_msgs/msg/detail/cone_detections_dbscan__rosidl_typesupport_fastrtps_c.h\n'}
[11.628997] (fsd_common_msgs) StdoutLine: {'line': b'-- Installing: /home/wu/Desktop/26_wuren_wuchunming/Ros2/ros2_homework_advanced_ws/install/fsd_common_msgs/include/fsd_common_msgs/fsd_common_msgs/msg/detail/time__rosidl_typesupport_fastrtps_c.h\n'}
[11.629044] (fsd_common_msgs) StdoutLine: {'line': b'-- Installing: /home/wu/Desktop/26_wuren_wuchunming/Ros2/ros2_homework_advanced_ws/install/fsd_common_msgs/include/fsd_common_msgs/fsd_common_msgs/msg/detail/decision_flag__rosidl_typesupport_fastrtps_c.h\n'}
[11.629104] (fsd_common_msgs) StdoutLine: {'line': b'-- Installing: /home/wu/Desktop/26_wuren_wuchunming/Ros2/ros2_homework_advanced_ws/install/fsd_common_msgs/include/fsd_common_msgs/fsd_common_msgs/msg/detail/res_and_ami__rosidl_typesupport_fastrtps_c.h\n'}
[11.629152] (fsd_common_msgs) StdoutLine: {'line': b'-- Installing: /home/wu/Desktop/26_wuren_wuchunming/Ros2/ros2_homework_advanced_ws/install/fsd_common_msgs/include/fsd_common_msgs/fsd_common_msgs/msg/detail/remote_control_command__rosidl_typesupport_fastrtps_c.h\n'}
[11.629225] (fsd_common_msgs) StdoutLine: {'line': b'-- Installing: /home/wu/Desktop/26_wuren_wuchunming/Ros2/ros2_homework_advanced_ws/install/fsd_common_msgs/include/fsd_common_msgs/fsd_common_msgs/msg/detail/can_frames__rosidl_typesupport_fastrtps_c.h\n'}
[11.629327] (fsd_common_msgs) StdoutLine: {'line': b'-- Installing: /home/wu/Desktop/26_wuren_wuchunming/Ros2/ros2_homework_advanced_ws/install/fsd_common_msgs/lib/libfsd_common_msgs__rosidl_typesupport_fastrtps_c.so\n'}
[11.629666] (fsd_common_msgs) StdoutLine: {'line': b'-- Set runtime path of "/home/wu/Desktop/26_wuren_wuchunming/Ros2/ros2_homework_advanced_ws/install/fsd_common_msgs/lib/libfsd_common_msgs__rosidl_typesupport_fastrtps_c.so" to ""\n'}
[11.629727] (fsd_common_msgs) StdoutLine: {'line': b'-- Up-to-date: /home/wu/Desktop/26_wuren_wuchunming/Ros2/ros2_homework_advanced_ws/install/fsd_common_msgs/include/fsd_common_msgs/fsd_common_msgs\n'}
[11.629776] (fsd_common_msgs) StdoutLine: {'line': b'-- Up-to-date: /home/wu/Desktop/26_wuren_wuchunming/Ros2/ros2_homework_advanced_ws/install/fsd_common_msgs/include/fsd_common_msgs/fsd_common_msgs/msg\n'}
[11.629808] (fsd_common_msgs) StdoutLine: {'line': b'-- Up-to-date: /home/wu/Desktop/26_wuren_wuchunming/Ros2/ros2_homework_advanced_ws/install/fsd_common_msgs/include/fsd_common_msgs/fsd_common_msgs/msg/detail\n'}
[11.629837] (fsd_common_msgs) StdoutLine: {'line': b'-- Installing: /home/wu/Desktop/26_wuren_wuchunming/Ros2/ros2_homework_advanced_ws/install/fsd_common_msgs/include/fsd_common_msgs/fsd_common_msgs/msg/detail/time__rosidl_typesupport_introspection_c.h\n'}
[11.629880] (fsd_common_msgs) StdoutLine: {'line': b'-- Installing: /home/wu/Desktop/26_wuren_wuchunming/Ros2/ros2_homework_advanced_ws/install/fsd_common_msgs/include/fsd_common_msgs/fsd_common_msgs/msg/detail/asensing_message__type_support.c\n'}
[11.629916] (fsd_common_msgs) StdoutLine: {'line': b'-- Installing: /home/wu/Desktop/26_wuren_wuchunming/Ros2/ros2_homework_advanced_ws/install/fsd_common_msgs/include/fsd_common_msgs/fsd_common_msgs/msg/detail/control_command__type_support.c\n'}
[11.629945] (fsd_common_msgs) StdoutLine: {'line': b'-- Installing: /home/wu/Desktop/26_wuren_wuchunming/Ros2/ros2_homework_advanced_ws/install/fsd_common_msgs/include/fsd_common_msgs/fsd_common_msgs/msg/detail/mission__rosidl_typesupport_introspection_c.h\n'}
[11.629989] (fsd_common_msgs) StdoutLine: {'line': b'-- Installing: /home/wu/Desktop/26_wuren_wuchunming/Ros2/ros2_homework_advanced_ws/install/fsd_common_msgs/include/fsd_common_msgs/fsd_common_msgs/msg/detail/yolo_cone_detections__type_support.c\n'}
[11.630018] (fsd_common_msgs) StdoutLine: {'line': b'-- Installing: /home/wu/Desktop/26_wuren_wuchunming/Ros2/ros2_homework_advanced_ws/install/fsd_common_msgs/include/fsd_common_msgs/fsd_common_msgs/msg/detail/ins_delta__type_support.c\n'}
[11.630060] (fsd_common_msgs) StdoutLine: {'line': b'-- Installing: /home/wu/Desktop/26_wuren_wuchunming/Ros2/ros2_homework_advanced_ws/install/fsd_common_msgs/include/fsd_common_msgs/fsd_common_msgs/msg/detail/skidpad_global_center_line__rosidl_typesupport_introspection_c.h\n'}
[11.630103] (fsd_common_msgs) StdoutLine: {'line': b'-- Installing: /home/wu/Desktop/26_wuren_wuchunming/Ros2/ros2_homework_advanced_ws/install/fsd_common_msgs/include/fsd_common_msgs/fsd_common_msgs/msg/detail/control_command__rosidl_typesupport_introspection_c.h\n'}
[11.630150] (fsd_common_msgs) StdoutLine: {'line': b'-- Installing: /home/wu/Desktop/26_wuren_wuchunming/Ros2/ros2_homework_advanced_ws/install/fsd_common_msgs/include/fsd_common_msgs/fsd_common_msgs/msg/detail/mission__type_support.c\n'}
[11.630179] (-) TimerEvent: {}
[11.630256] (fsd_common_msgs) StdoutLine: {'line': b'-- Installing: /home/wu/Desktop/26_wuren_wuchunming/Ros2/ros2_homework_advanced_ws/install/fsd_common_msgs/include/fsd_common_msgs/fsd_common_msgs/msg/detail/echiev_message__rosidl_typesupport_introspection_c.h\n'}
[11.630294] (fsd_common_msgs) StdoutLine: {'line': b'-- Installing: /home/wu/Desktop/26_wuren_wuchunming/Ros2/ros2_homework_advanced_ws/install/fsd_common_msgs/include/fsd_common_msgs/fsd_common_msgs/msg/detail/car_state__rosidl_typesupport_introspection_c.h\n'}
[11.630344] (fsd_common_msgs) StdoutLine: {'line': b'-- Installing: /home/wu/Desktop/26_wuren_wuchunming/Ros2/ros2_homework_advanced_ws/install/fsd_common_msgs/include/fsd_common_msgs/fsd_common_msgs/msg/detail/decision_flag__rosidl_typesupport_introspection_c.h\n'}
[11.630375] (fsd_common_msgs) StdoutLine: {'line': b'-- Installing: /home/wu/Desktop/26_wuren_wuchunming/Ros2/ros2_homework_advanced_ws/install/fsd_common_msgs/include/fsd_common_msgs/fsd_common_msgs/msg/detail/skidpad_global_center_line__type_support.c\n'}
[11.630416] (fsd_common_msgs) StdoutLine: {'line': b'-- Installing: /home/wu/Desktop/26_wuren_wuchunming/Ros2/ros2_homework_advanced_ws/install/fsd_common_msgs/include/fsd_common_msgs/fsd_common_msgs/msg/detail/decision_flag__type_support.c\n'}
[11.630457] (fsd_common_msgs) StdoutLine: {'line': b'-- Installing: /home/wu/Desktop/26_wuren_wuchunming/Ros2/ros2_homework_advanced_ws/install/fsd_common_msgs/include/fsd_common_msgs/fsd_common_msgs/msg/detail/feedback__type_support.c\n'}
[11.630505] (fsd_common_msgs) StdoutLine: {'line': b'-- Installing: /home/wu/Desktop/26_wuren_wuchunming/Ros2/ros2_homework_advanced_ws/install/fsd_common_msgs/include/fsd_common_msgs/fsd_common_msgs/msg/detail/feedback__rosidl_typesupport_introspection_c.h\n'}
[11.630549] (fsd_common_msgs) StdoutLine: {'line': b'-- Installing: /home/wu/Desktop/26_wuren_wuchunming/Ros2/ros2_homework_advanced_ws/install/fsd_common_msgs/include/fsd_common_msgs/fsd_common_msgs/msg/detail/trajectory_point__type_support.c\n'}
[11.630598] (fsd_common_msgs) StdoutLine: {'line': b'-- Installing: /home/wu/Desktop/26_wuren_wuchunming/Ros2/ros2_homework_advanced_ws/install/fsd_common_msgs/include/fsd_common_msgs/fsd_common_msgs/msg/detail/remote_control_command__type_support.c\n'}
[11.630652] (fsd_common_msgs) StdoutLine: {'line': b'-- Installing: /home/wu/Desktop/26_wuren_wuchunming/Ros2/ros2_homework_advanced_ws/install/fsd_common_msgs/include/fsd_common_msgs/fsd_common_msgs/msg/detail/as_state__type_support.c\n'}
[11.630703] (fsd_common_msgs) StdoutLine: {'line': b'-- Installing: /home/wu/Desktop/26_wuren_wuchunming/Ros2/ros2_homework_advanced_ws/install/fsd_common_msgs/include/fsd_common_msgs/fsd_common_msgs/msg/detail/res_and_ami__rosidl_typesupport_introspection_c.h\n'}
[11.630753] (fsd_common_msgs) StdoutLine: {'line': b'-- Installing: /home/wu/Desktop/26_wuren_wuchunming/Ros2/ros2_homework_advanced_ws/install/fsd_common_msgs/include/fsd_common_msgs/fsd_common_msgs/msg/detail/yolo_cone_track__rosidl_typesupport_introspection_c.h\n'}
[11.630803] (fsd_common_msgs) StdoutLine: {'line': b'-- Installing: /home/wu/Desktop/26_wuren_wuchunming/Ros2/ros2_homework_advanced_ws/install/fsd_common_msgs/include/fsd_common_msgs/fsd_common_msgs/msg/detail/cone__rosidl_typesupport_introspection_c.h\n'}
[11.630852] (fsd_common_msgs) StdoutLine: {'line': b'-- Installing: /home/wu/Desktop/26_wuren_wuchunming/Ros2/ros2_homework_advanced_ws/install/fsd_common_msgs/include/fsd_common_msgs/fsd_common_msgs/msg/detail/yolo_cone_detections_track__rosidl_typesupport_introspection_c.h\n'}
[11.630899] (fsd_common_msgs) StdoutLine: {'line': b'-- Installing: /home/wu/Desktop/26_wuren_wuchunming/Ros2/ros2_homework_advanced_ws/install/fsd_common_msgs/include/fsd_common_msgs/fsd_common_msgs/msg/detail/car_state__type_support.c\n'}
[11.630949] (fsd_common_msgs) StdoutLine: {'line': b'-- Installing: /home/wu/Desktop/26_wuren_wuchunming/Ros2/ros2_homework_advanced_ws/install/fsd_common_msgs/include/fsd_common_msgs/fsd_common_msgs/msg/detail/map__type_support.c\n'}
[11.631011] (fsd_common_msgs) StdoutLine: {'line': b'-- Installing: /home/wu/Desktop/26_wuren_wuchunming/Ros2/ros2_homework_advanced_ws/install/fsd_common_msgs/include/fsd_common_msgs/fsd_common_msgs/msg/detail/driving_dynamics__rosidl_typesupport_introspection_c.h\n'}
[11.631055] (fsd_common_msgs) StdoutLine: {'line': b'-- Installing: /home/wu/Desktop/26_wuren_wuchunming/Ros2/ros2_homework_advanced_ws/install/fsd_common_msgs/include/fsd_common_msgs/fsd_common_msgs/msg/detail/cone_dbscan__rosidl_typesupport_introspection_c.h\n'}
[11.631105] (fsd_common_msgs) StdoutLine: {'line': b'-- Installing: /home/wu/Desktop/26_wuren_wuchunming/Ros2/ros2_homework_advanced_ws/install/fsd_common_msgs/include/fsd_common_msgs/fsd_common_msgs/msg/detail/ins_delta__rosidl_typesupport_introspection_c.h\n'}
[11.631153] (fsd_common_msgs) StdoutLine: {'line': b'-- Installing: /home/wu/Desktop/26_wuren_wuchunming/Ros2/ros2_homework_advanced_ws/install/fsd_common_msgs/include/fsd_common_msgs/fsd_common_msgs/msg/detail/visualization__type_support.c\n'}
[11.631233] (fsd_common_msgs) StdoutLine: {'line': b'-- Installing: /home/wu/Desktop/26_wuren_wuchunming/Ros2/ros2_homework_advanced_ws/install/fsd_common_msgs/include/fsd_common_msgs/fsd_common_msgs/msg/detail/yolo_cone_track__type_support.c\n'}
[11.631294] (fsd_common_msgs) StdoutLine: {'line': b'-- Installing: /home/wu/Desktop/26_wuren_wuchunming/Ros2/ros2_homework_advanced_ws/install/fsd_common_msgs/include/fsd_common_msgs/fsd_common_msgs/msg/detail/cone_detections__type_support.c\n'}
[11.631348] (fsd_common_msgs) StdoutLine: {'line': b'-- Installing: /home/wu/Desktop/26_wuren_wuchunming/Ros2/ros2_homework_advanced_ws/install/fsd_common_msgs/include/fsd_common_msgs/fsd_common_msgs/msg/detail/remote_control_command__rosidl_typesupport_introspection_c.h\n'}
[11.631393] (fsd_common_msgs) StdoutLine: {'line': b'-- Installing: /home/wu/Desktop/26_wuren_wuchunming/Ros2/ros2_homework_advanced_ws/install/fsd_common_msgs/include/fsd_common_msgs/fsd_common_msgs/msg/detail/driving_dynamics__type_support.c\n'}
[11.631468] (fsd_common_msgs) StdoutLine: {'line': b'-- Installing: /home/wu/Desktop/26_wuren_wuchunming/Ros2/ros2_homework_advanced_ws/install/fsd_common_msgs/include/fsd_common_msgs/fsd_common_msgs/msg/detail/map__rosidl_typesupport_introspection_c.h\n'}
[11.631514] (fsd_common_msgs) StdoutLine: {'line': b'-- Installing: /home/wu/Desktop/26_wuren_wuchunming/Ros2/ros2_homework_advanced_ws/install/fsd_common_msgs/include/fsd_common_msgs/fsd_common_msgs/msg/detail/car_state_dt__type_support.c\n'}
[11.631560] (fsd_common_msgs) StdoutLine: {'line': b'-- Installing: /home/wu/Desktop/26_wuren_wuchunming/Ros2/ros2_homework_advanced_ws/install/fsd_common_msgs/include/fsd_common_msgs/fsd_common_msgs/msg/detail/can_frames__rosidl_typesupport_introspection_c.h\n'}
[11.631609] (fsd_common_msgs) StdoutLine: {'line': b'-- Installing: /home/wu/Desktop/26_wuren_wuchunming/Ros2/ros2_homework_advanced_ws/install/fsd_common_msgs/include/fsd_common_msgs/fsd_common_msgs/msg/detail/time__type_support.c\n'}
[11.631660] (fsd_common_msgs) StdoutLine: {'line': b'-- Installing: /home/wu/Desktop/26_wuren_wuchunming/Ros2/ros2_homework_advanced_ws/install/fsd_common_msgs/include/fsd_common_msgs/fsd_common_msgs/msg/detail/yolo_cone_detections__rosidl_typesupport_introspection_c.h\n'}
[11.631703] (fsd_common_msgs) StdoutLine: {'line': b'-- Installing: /home/wu/Desktop/26_wuren_wuchunming/Ros2/ros2_homework_advanced_ws/install/fsd_common_msgs/include/fsd_common_msgs/fsd_common_msgs/msg/detail/car_state_dt__rosidl_typesupport_introspection_c.h\n'}
[11.631747] (fsd_common_msgs) StdoutLine: {'line': b'-- Installing: /home/wu/Desktop/26_wuren_wuchunming/Ros2/ros2_homework_advanced_ws/install/fsd_common_msgs/include/fsd_common_msgs/fsd_common_msgs/msg/detail/res_and_ami__type_support.c\n'}
[11.631795] (fsd_common_msgs) StdoutLine: {'line': b'-- Installing: /home/wu/Desktop/26_wuren_wuchunming/Ros2/ros2_homework_advanced_ws/install/fsd_common_msgs/include/fsd_common_msgs/fsd_common_msgs/msg/detail/echiev_message__type_support.c\n'}
[11.631848] (fsd_common_msgs) StdoutLine: {'line': b'-- Installing: /home/wu/Desktop/26_wuren_wuchunming/Ros2/ros2_homework_advanced_ws/install/fsd_common_msgs/include/fsd_common_msgs/fsd_common_msgs/msg/detail/cone_detections_dbscan__type_support.c\n'}
[11.631901] (fsd_common_msgs) StdoutLine: {'line': b'-- Installing: /home/wu/Desktop/26_wuren_wuchunming/Ros2/ros2_homework_advanced_ws/install/fsd_common_msgs/include/fsd_common_msgs/fsd_common_msgs/msg/detail/asensing_message__rosidl_typesupport_introspection_c.h\n'}
[11.631961] (fsd_common_msgs) StdoutLine: {'line': b'-- Installing: /home/wu/Desktop/26_wuren_wuchunming/Ros2/ros2_homework_advanced_ws/install/fsd_common_msgs/include/fsd_common_msgs/fsd_common_msgs/msg/detail/visualization__rosidl_typesupport_introspection_c.h\n'}
[11.632012] (fsd_common_msgs) StdoutLine: {'line': b'-- Installing: /home/wu/Desktop/26_wuren_wuchunming/Ros2/ros2_homework_advanced_ws/install/fsd_common_msgs/include/fsd_common_msgs/fsd_common_msgs/msg/detail/can_frames__type_support.c\n'}
[11.632075] (fsd_common_msgs) StdoutLine: {'line': b'-- Installing: /home/wu/Desktop/26_wuren_wuchunming/Ros2/ros2_homework_advanced_ws/install/fsd_common_msgs/include/fsd_common_msgs/fsd_common_msgs/msg/detail/yolo_cone_detections_track__type_support.c\n'}
[11.632268] (fsd_common_msgs) StdoutLine: {'line': b'-- Installing: /home/wu/Desktop/26_wuren_wuchunming/Ros2/ros2_homework_advanced_ws/install/fsd_common_msgs/include/fsd_common_msgs/fsd_common_msgs/msg/detail/as_state__rosidl_typesupport_introspection_c.h\n'}
[11.632388] (fsd_common_msgs) StdoutLine: {'line': b'-- Installing: /home/wu/Desktop/26_wuren_wuchunming/Ros2/ros2_homework_advanced_ws/install/fsd_common_msgs/include/fsd_common_msgs/fsd_common_msgs/msg/detail/yolo_cone__rosidl_typesupport_introspection_c.h\n'}
[11.632433] (fsd_common_msgs) StdoutLine: {'line': b'-- Installing: /home/wu/Desktop/26_wuren_wuchunming/Ros2/ros2_homework_advanced_ws/install/fsd_common_msgs/include/fsd_common_msgs/fsd_common_msgs/msg/detail/cone_detections__rosidl_typesupport_introspection_c.h\n'}
[11.632486] (fsd_common_msgs) StdoutLine: {'line': b'-- Installing: /home/wu/Desktop/26_wuren_wuchunming/Ros2/ros2_homework_advanced_ws/install/fsd_common_msgs/include/fsd_common_msgs/fsd_common_msgs/msg/detail/cone_detections_dbscan__rosidl_typesupport_introspection_c.h\n'}
[11.632518] (fsd_common_msgs) StdoutLine: {'line': b'-- Installing: /home/wu/Desktop/26_wuren_wuchunming/Ros2/ros2_homework_advanced_ws/install/fsd_common_msgs/include/fsd_common_msgs/fsd_common_msgs/msg/detail/cone_dbscan__type_support.c\n'}
[11.632551] (fsd_common_msgs) StdoutLine: {'line': b'-- Installing: /home/wu/Desktop/26_wuren_wuchunming/Ros2/ros2_homework_advanced_ws/install/fsd_common_msgs/include/fsd_common_msgs/fsd_common_msgs/msg/detail/trajectory_point__rosidl_typesupport_introspection_c.h\n'}
[11.632592] (fsd_common_msgs) StdoutLine: {'line': b'-- Installing: /home/wu/Desktop/26_wuren_wuchunming/Ros2/ros2_homework_advanced_ws/install/fsd_common_msgs/include/fsd_common_msgs/fsd_common_msgs/msg/detail/yolo_cone__type_support.c\n'}
[11.632645] (fsd_common_msgs) StdoutLine: {'line': b'-- Installing: /home/wu/Desktop/26_wuren_wuchunming/Ros2/ros2_homework_advanced_ws/install/fsd_common_msgs/include/fsd_common_msgs/fsd_common_msgs/msg/detail/track__type_support.c\n'}
[11.632685] (fsd_common_msgs) StdoutLine: {'line': b'-- Installing: /home/wu/Desktop/26_wuren_wuchunming/Ros2/ros2_homework_advanced_ws/install/fsd_common_msgs/include/fsd_common_msgs/fsd_common_msgs/msg/detail/track__rosidl_typesupport_introspection_c.h\n'}
[11.632715] (fsd_common_msgs) StdoutLine: {'line': b'-- Installing: /home/wu/Desktop/26_wuren_wuchunming/Ros2/ros2_homework_advanced_ws/install/fsd_common_msgs/include/fsd_common_msgs/fsd_common_msgs/msg/detail/cone__type_support.c\n'}
[11.632757] (fsd_common_msgs) StdoutLine: {'line': b'-- Installing: /home/wu/Desktop/26_wuren_wuchunming/Ros2/ros2_homework_advanced_ws/install/fsd_common_msgs/include/fsd_common_msgs/fsd_common_msgs/msg/rosidl_typesupport_introspection_c__visibility_control.h\n'}
[11.632816] (fsd_common_msgs) StdoutLine: {'line': b'-- Installing: /home/wu/Desktop/26_wuren_wuchunming/Ros2/ros2_homework_advanced_ws/install/fsd_common_msgs/lib/libfsd_common_msgs__rosidl_typesupport_introspection_c.so\n'}
[11.633349] (fsd_common_msgs) StdoutLine: {'line': b'-- Set runtime path of "/home/wu/Desktop/26_wuren_wuchunming/Ros2/ros2_homework_advanced_ws/install/fsd_common_msgs/lib/libfsd_common_msgs__rosidl_typesupport_introspection_c.so" to ""\n'}
[11.633385] (fsd_common_msgs) StdoutLine: {'line': b'-- Installing: /home/wu/Desktop/26_wuren_wuchunming/Ros2/ros2_homework_advanced_ws/install/fsd_common_msgs/lib/libfsd_common_msgs__rosidl_typesupport_c.so\n'}
[11.633429] (fsd_common_msgs) StdoutLine: {'line': b'-- Set runtime path of "/home/wu/Desktop/26_wuren_wuchunming/Ros2/ros2_homework_advanced_ws/install/fsd_common_msgs/lib/libfsd_common_msgs__rosidl_typesupport_c.so" to ""\n'}
[11.633481] (fsd_common_msgs) StdoutLine: {'line': b'-- Up-to-date: /home/wu/Desktop/26_wuren_wuchunming/Ros2/ros2_homework_advanced_ws/install/fsd_common_msgs/include/fsd_common_msgs/fsd_common_msgs\n'}
[11.633512] (fsd_common_msgs) StdoutLine: {'line': b'-- Up-to-date: /home/wu/Desktop/26_wuren_wuchunming/Ros2/ros2_homework_advanced_ws/install/fsd_common_msgs/include/fsd_common_msgs/fsd_common_msgs/msg\n'}
[11.633542] (fsd_common_msgs) StdoutLine: {'line': b'-- Installing: /home/wu/Desktop/26_wuren_wuchunming/Ros2/ros2_homework_advanced_ws/install/fsd_common_msgs/include/fsd_common_msgs/fsd_common_msgs/msg/cone.hpp\n'}
[11.633570] (fsd_common_msgs) StdoutLine: {'line': b'-- Installing: /home/wu/Desktop/26_wuren_wuchunming/Ros2/ros2_homework_advanced_ws/install/fsd_common_msgs/include/fsd_common_msgs/fsd_common_msgs/msg/yolo_cone_track.hpp\n'}
[11.633610] (fsd_common_msgs) StdoutLine: {'line': b'-- Installing: /home/wu/Desktop/26_wuren_wuchunming/Ros2/ros2_homework_advanced_ws/install/fsd_common_msgs/include/fsd_common_msgs/fsd_common_msgs/msg/cone_dbscan.hpp\n'}
[11.633658] (fsd_common_msgs) StdoutLine: {'line': b'-- Installing: /home/wu/Desktop/26_wuren_wuchunming/Ros2/ros2_homework_advanced_ws/install/fsd_common_msgs/include/fsd_common_msgs/fsd_common_msgs/msg/driving_dynamics.hpp\n'}
[11.633688] (fsd_common_msgs) StdoutLine: {'line': b'-- Installing: /home/wu/Desktop/26_wuren_wuchunming/Ros2/ros2_homework_advanced_ws/install/fsd_common_msgs/include/fsd_common_msgs/fsd_common_msgs/msg/echiev_message.hpp\n'}
[11.633717] (fsd_common_msgs) StdoutLine: {'line': b'-- Installing: /home/wu/Desktop/26_wuren_wuchunming/Ros2/ros2_homework_advanced_ws/install/fsd_common_msgs/include/fsd_common_msgs/fsd_common_msgs/msg/trajectory_point.hpp\n'}
[11.633756] (fsd_common_msgs) StdoutLine: {'line': b'-- Installing: /home/wu/Desktop/26_wuren_wuchunming/Ros2/ros2_homework_advanced_ws/install/fsd_common_msgs/include/fsd_common_msgs/fsd_common_msgs/msg/visualization.hpp\n'}
[11.634095] (fsd_common_msgs) StdoutLine: {'line': b'-- Installing: /home/wu/Desktop/26_wuren_wuchunming/Ros2/ros2_homework_advanced_ws/install/fsd_common_msgs/include/fsd_common_msgs/fsd_common_msgs/msg/yolo_cone_detections_track.hpp\n'}
[11.634137] (fsd_common_msgs) StdoutLine: {'line': b'-- Installing: /home/wu/Desktop/26_wuren_wuchunming/Ros2/ros2_homework_advanced_ws/install/fsd_common_msgs/include/fsd_common_msgs/fsd_common_msgs/msg/time.hpp\n'}
[11.634208] (fsd_common_msgs) StdoutLine: {'line': b'-- Installing: /home/wu/Desktop/26_wuren_wuchunming/Ros2/ros2_homework_advanced_ws/install/fsd_common_msgs/include/fsd_common_msgs/fsd_common_msgs/msg/control_command.hpp\n'}
[11.634257] (fsd_common_msgs) StdoutLine: {'line': b'-- Installing: /home/wu/Desktop/26_wuren_wuchunming/Ros2/ros2_homework_advanced_ws/install/fsd_common_msgs/include/fsd_common_msgs/fsd_common_msgs/msg/track.hpp\n'}
[11.634303] (fsd_common_msgs) StdoutLine: {'line': b'-- Installing: /home/wu/Desktop/26_wuren_wuchunming/Ros2/ros2_homework_advanced_ws/install/fsd_common_msgs/include/fsd_common_msgs/fsd_common_msgs/msg/cone_detections_dbscan.hpp\n'}
[11.634345] (fsd_common_msgs) StdoutLine: {'line': b'-- Installing: /home/wu/Desktop/26_wuren_wuchunming/Ros2/ros2_homework_advanced_ws/install/fsd_common_msgs/include/fsd_common_msgs/fsd_common_msgs/msg/can_frames.hpp\n'}
[11.634384] (fsd_common_msgs) StdoutLine: {'line': b'-- Installing: /home/wu/Desktop/26_wuren_wuchunming/Ros2/ros2_homework_advanced_ws/install/fsd_common_msgs/include/fsd_common_msgs/fsd_common_msgs/msg/as_state.hpp\n'}
[11.634427] (fsd_common_msgs) StdoutLine: {'line': b'-- Installing: /home/wu/Desktop/26_wuren_wuchunming/Ros2/ros2_homework_advanced_ws/install/fsd_common_msgs/include/fsd_common_msgs/fsd_common_msgs/msg/res_and_ami.hpp\n'}
[11.634469] (fsd_common_msgs) StdoutLine: {'line': b'-- Installing: /home/wu/Desktop/26_wuren_wuchunming/Ros2/ros2_homework_advanced_ws/install/fsd_common_msgs/include/fsd_common_msgs/fsd_common_msgs/msg/remote_control_command.hpp\n'}
[11.634510] (fsd_common_msgs) StdoutLine: {'line': b'-- Installing: /home/wu/Desktop/26_wuren_wuchunming/Ros2/ros2_homework_advanced_ws/install/fsd_common_msgs/include/fsd_common_msgs/fsd_common_msgs/msg/ins_delta.hpp\n'}
[11.634553] (fsd_common_msgs) StdoutLine: {'line': b'-- Installing: /home/wu/Desktop/26_wuren_wuchunming/Ros2/ros2_homework_advanced_ws/install/fsd_common_msgs/include/fsd_common_msgs/fsd_common_msgs/msg/decision_flag.hpp\n'}
[11.634595] (fsd_common_msgs) StdoutLine: {'line': b'-- Installing: /home/wu/Desktop/26_wuren_wuchunming/Ros2/ros2_homework_advanced_ws/install/fsd_common_msgs/include/fsd_common_msgs/fsd_common_msgs/msg/skidpad_global_center_line.hpp\n'}
[11.634637] (fsd_common_msgs) StdoutLine: {'line': b'-- Installing: /home/wu/Desktop/26_wuren_wuchunming/Ros2/ros2_homework_advanced_ws/install/fsd_common_msgs/include/fsd_common_msgs/fsd_common_msgs/msg/car_state_dt.hpp\n'}
[11.634676] (fsd_common_msgs) StdoutLine: {'line': b'-- Up-to-date: /home/wu/Desktop/26_wuren_wuchunming/Ros2/ros2_homework_advanced_ws/install/fsd_common_msgs/include/fsd_common_msgs/fsd_common_msgs/msg/detail\n'}
[11.634728] (fsd_common_msgs) StdoutLine: {'line': b'-- Installing: /home/wu/Desktop/26_wuren_wuchunming/Ros2/ros2_homework_advanced_ws/install/fsd_common_msgs/include/fsd_common_msgs/fsd_common_msgs/msg/detail/car_state_dt__traits.hpp\n'}
[11.634776] (fsd_common_msgs) StdoutLine: {'line': b'-- Installing: /home/wu/Desktop/26_wuren_wuchunming/Ros2/ros2_homework_advanced_ws/install/fsd_common_msgs/include/fsd_common_msgs/fsd_common_msgs/msg/detail/yolo_cone_track__traits.hpp\n'}
[11.634841] (fsd_common_msgs) StdoutLine: {'line': b'-- Installing: /home/wu/Desktop/26_wuren_wuchunming/Ros2/ros2_homework_advanced_ws/install/fsd_common_msgs/include/fsd_common_msgs/fsd_common_msgs/msg/detail/res_and_ami__struct.hpp\n'}
[11.634886] (fsd_common_msgs) StdoutLine: {'line': b'-- Installing: /home/wu/Desktop/26_wuren_wuchunming/Ros2/ros2_homework_advanced_ws/install/fsd_common_msgs/include/fsd_common_msgs/fsd_common_msgs/msg/detail/cone__builder.hpp\n'}
[11.634930] (fsd_common_msgs) StdoutLine: {'line': b'-- Installing: /home/wu/Desktop/26_wuren_wuchunming/Ros2/ros2_homework_advanced_ws/install/fsd_common_msgs/include/fsd_common_msgs/fsd_common_msgs/msg/detail/cone_detections__builder.hpp\n'}
[11.634973] (fsd_common_msgs) StdoutLine: {'line': b'-- Installing: /home/wu/Desktop/26_wuren_wuchunming/Ros2/ros2_homework_advanced_ws/install/fsd_common_msgs/include/fsd_common_msgs/fsd_common_msgs/msg/detail/ins_delta__type_support.hpp\n'}
[11.635015] (fsd_common_msgs) StdoutLine: {'line': b'-- Installing: /home/wu/Desktop/26_wuren_wuchunming/Ros2/ros2_homework_advanced_ws/install/fsd_common_msgs/include/fsd_common_msgs/fsd_common_msgs/msg/detail/yolo_cone_detections__builder.hpp\n'}
[11.635061] (fsd_common_msgs) StdoutLine: {'line': b'-- Installing: /home/wu/Desktop/26_wuren_wuchunming/Ros2/ros2_homework_advanced_ws/install/fsd_common_msgs/include/fsd_common_msgs/fsd_common_msgs/msg/detail/asensing_message__traits.hpp\n'}
[11.635112] (fsd_common_msgs) StdoutLine: {'line': b'-- Installing: /home/wu/Desktop/26_wuren_wuchunming/Ros2/ros2_homework_advanced_ws/install/fsd_common_msgs/include/fsd_common_msgs/fsd_common_msgs/msg/detail/trajectory_point__struct.hpp\n'}
[11.635166] (fsd_common_msgs) StdoutLine: {'line': b'-- Installing: /home/wu/Desktop/26_wuren_wuchunming/Ros2/ros2_homework_advanced_ws/install/fsd_common_msgs/include/fsd_common_msgs/fsd_common_msgs/msg/detail/cone__traits.hpp\n'}
[11.635221] (fsd_common_msgs) StdoutLine: {'line': b'-- Installing: /home/wu/Desktop/26_wuren_wuchunming/Ros2/ros2_homework_advanced_ws/install/fsd_common_msgs/include/fsd_common_msgs/fsd_common_msgs/msg/detail/skidpad_global_center_line__builder.hpp\n'}
[11.635276] (fsd_common_msgs) StdoutLine: {'line': b'-- Installing: /home/wu/Desktop/26_wuren_wuchunming/Ros2/ros2_homework_advanced_ws/install/fsd_common_msgs/include/fsd_common_msgs/fsd_common_msgs/msg/detail/visualization__builder.hpp\n'}
[11.635338] (fsd_common_msgs) StdoutLine: {'line': b'-- Installing: /home/wu/Desktop/26_wuren_wuchunming/Ros2/ros2_homework_advanced_ws/install/fsd_common_msgs/include/fsd_common_msgs/fsd_common_msgs/msg/detail/echiev_message__traits.hpp\n'}
[11.635393] (fsd_common_msgs) StdoutLine: {'line': b'-- Installing: /home/wu/Desktop/26_wuren_wuchunming/Ros2/ros2_homework_advanced_ws/install/fsd_common_msgs/include/fsd_common_msgs/fsd_common_msgs/msg/detail/yolo_cone_detections__struct.hpp\n'}
[11.635444] (fsd_common_msgs) StdoutLine: {'line': b'-- Installing: /home/wu/Desktop/26_wuren_wuchunming/Ros2/ros2_homework_advanced_ws/install/fsd_common_msgs/include/fsd_common_msgs/fsd_common_msgs/msg/detail/control_command__builder.hpp\n'}
[11.635490] (fsd_common_msgs) StdoutLine: {'line': b'-- Installing: /home/wu/Desktop/26_wuren_wuchunming/Ros2/ros2_homework_advanced_ws/install/fsd_common_msgs/include/fsd_common_msgs/fsd_common_msgs/msg/detail/yolo_cone__traits.hpp\n'}
[11.635539] (fsd_common_msgs) StdoutLine: {'line': b'-- Installing: /home/wu/Desktop/26_wuren_wuchunming/Ros2/ros2_homework_advanced_ws/install/fsd_common_msgs/include/fsd_common_msgs/fsd_common_msgs/msg/detail/visualization__type_support.hpp\n'}
[11.635583] (fsd_common_msgs) StdoutLine: {'line': b'-- Installing: /home/wu/Desktop/26_wuren_wuchunming/Ros2/ros2_homework_advanced_ws/install/fsd_common_msgs/include/fsd_common_msgs/fsd_common_msgs/msg/detail/res_and_ami__traits.hpp\n'}
[11.635627] (fsd_common_msgs) StdoutLine: {'line': b'-- Installing: /home/wu/Desktop/26_wuren_wuchunming/Ros2/ros2_homework_advanced_ws/install/fsd_common_msgs/include/fsd_common_msgs/fsd_common_msgs/msg/detail/decision_flag__struct.hpp\n'}
[11.635675] (fsd_common_msgs) StdoutLine: {'line': b'-- Installing: /home/wu/Desktop/26_wuren_wuchunming/Ros2/ros2_homework_advanced_ws/install/fsd_common_msgs/include/fsd_common_msgs/fsd_common_msgs/msg/detail/car_state_dt__builder.hpp\n'}
[11.635719] (fsd_common_msgs) StdoutLine: {'line': b'-- Installing: /home/wu/Desktop/26_wuren_wuchunming/Ros2/ros2_homework_advanced_ws/install/fsd_common_msgs/include/fsd_common_msgs/fsd_common_msgs/msg/detail/yolo_cone_track__builder.hpp\n'}
[11.635767] (fsd_common_msgs) StdoutLine: {'line': b'-- Installing: /home/wu/Desktop/26_wuren_wuchunming/Ros2/ros2_homework_advanced_ws/install/fsd_common_msgs/include/fsd_common_msgs/fsd_common_msgs/msg/detail/can_frames__traits.hpp\n'}
[11.635812] (fsd_common_msgs) StdoutLine: {'line': b'-- Installing: /home/wu/Desktop/26_wuren_wuchunming/Ros2/ros2_homework_advanced_ws/install/fsd_common_msgs/include/fsd_common_msgs/fsd_common_msgs/msg/detail/decision_flag__builder.hpp\n'}
[11.635858] (fsd_common_msgs) StdoutLine: {'line': b'-- Installing: /home/wu/Desktop/26_wuren_wuchunming/Ros2/ros2_homework_advanced_ws/install/fsd_common_msgs/include/fsd_common_msgs/fsd_common_msgs/msg/detail/yolo_cone__struct.hpp\n'}
[11.635912] (fsd_common_msgs) StdoutLine: {'line': b'-- Installing: /home/wu/Desktop/26_wuren_wuchunming/Ros2/ros2_homework_advanced_ws/install/fsd_common_msgs/include/fsd_common_msgs/fsd_common_msgs/msg/detail/cone_detections__struct.hpp\n'}
[11.635958] (fsd_common_msgs) StdoutLine: {'line': b'-- Installing: /home/wu/Desktop/26_wuren_wuchunming/Ros2/ros2_homework_advanced_ws/install/fsd_common_msgs/include/fsd_common_msgs/fsd_common_msgs/msg/detail/skidpad_global_center_line__traits.hpp\n'}
[11.636006] (fsd_common_msgs) StdoutLine: {'line': b'-- Installing: /home/wu/Desktop/26_wuren_wuchunming/Ros2/ros2_homework_advanced_ws/install/fsd_common_msgs/include/fsd_common_msgs/fsd_common_msgs/msg/detail/cone_detections__type_support.hpp\n'}
[11.636051] (fsd_common_msgs) StdoutLine: {'line': b'-- Installing: /home/wu/Desktop/26_wuren_wuchunming/Ros2/ros2_homework_advanced_ws/install/fsd_common_msgs/include/fsd_common_msgs/fsd_common_msgs/msg/detail/trajectory_point__traits.hpp\n'}
[11.636102] (fsd_common_msgs) StdoutLine: {'line': b'-- Installing: /home/wu/Desktop/26_wuren_wuchunming/Ros2/ros2_homework_advanced_ws/install/fsd_common_msgs/include/fsd_common_msgs/fsd_common_msgs/msg/detail/car_state_dt__struct.hpp\n'}
[11.636159] (fsd_common_msgs) StdoutLine: {'line': b'-- Installing: /home/wu/Desktop/26_wuren_wuchunming/Ros2/ros2_homework_advanced_ws/install/fsd_common_msgs/include/fsd_common_msgs/fsd_common_msgs/msg/detail/time__struct.hpp\n'}
[11.636213] (fsd_common_msgs) StdoutLine: {'line': b'-- Installing: /home/wu/Desktop/26_wuren_wuchunming/Ros2/ros2_homework_advanced_ws/install/fsd_common_msgs/include/fsd_common_msgs/fsd_common_msgs/msg/detail/remote_control_command__type_support.hpp\n'}
[11.636264] (fsd_common_msgs) StdoutLine: {'line': b'-- Installing: /home/wu/Desktop/26_wuren_wuchunming/Ros2/ros2_homework_advanced_ws/install/fsd_common_msgs/include/fsd_common_msgs/fsd_common_msgs/msg/detail/car_state__builder.hpp\n'}
[11.636312] (fsd_common_msgs) StdoutLine: {'line': b'-- Installing: /home/wu/Desktop/26_wuren_wuchunming/Ros2/ros2_homework_advanced_ws/install/fsd_common_msgs/include/fsd_common_msgs/fsd_common_msgs/msg/detail/ins_delta__builder.hpp\n'}
[11.636360] (fsd_common_msgs) StdoutLine: {'line': b'-- Installing: /home/wu/Desktop/26_wuren_wuchunming/Ros2/ros2_homework_advanced_ws/install/fsd_common_msgs/include/fsd_common_msgs/fsd_common_msgs/msg/detail/yolo_cone__type_support.hpp\n'}
[11.636407] (fsd_common_msgs) StdoutLine: {'line': b'-- Installing: /home/wu/Desktop/26_wuren_wuchunming/Ros2/ros2_homework_advanced_ws/install/fsd_common_msgs/include/fsd_common_msgs/fsd_common_msgs/msg/detail/track__type_support.hpp\n'}
[11.636466] (fsd_common_msgs) StdoutLine: {'line': b'-- Installing: /home/wu/Desktop/26_wuren_wuchunming/Ros2/ros2_homework_advanced_ws/install/fsd_common_msgs/include/fsd_common_msgs/fsd_common_msgs/msg/detail/cone_detections_dbscan__traits.hpp\n'}
[11.636511] (fsd_common_msgs) StdoutLine: {'line': b'-- Installing: /home/wu/Desktop/26_wuren_wuchunming/Ros2/ros2_homework_advanced_ws/install/fsd_common_msgs/include/fsd_common_msgs/fsd_common_msgs/msg/detail/res_and_ami__type_support.hpp\n'}
[11.636552] (fsd_common_msgs) StdoutLine: {'line': b'-- Installing: /home/wu/Desktop/26_wuren_wuchunming/Ros2/ros2_homework_advanced_ws/install/fsd_common_msgs/include/fsd_common_msgs/fsd_common_msgs/msg/detail/yolo_cone_detections__traits.hpp\n'}
[11.636603] (fsd_common_msgs) StdoutLine: {'line': b'-- Installing: /home/wu/Desktop/26_wuren_wuchunming/Ros2/ros2_homework_advanced_ws/install/fsd_common_msgs/include/fsd_common_msgs/fsd_common_msgs/msg/detail/track__struct.hpp\n'}
[11.636649] (fsd_common_msgs) StdoutLine: {'line': b'-- Installing: /home/wu/Desktop/26_wuren_wuchunming/Ros2/ros2_homework_advanced_ws/install/fsd_common_msgs/include/fsd_common_msgs/fsd_common_msgs/msg/detail/yolo_cone__builder.hpp\n'}
[11.636693] (fsd_common_msgs) StdoutLine: {'line': b'-- Installing: /home/wu/Desktop/26_wuren_wuchunming/Ros2/ros2_homework_advanced_ws/install/fsd_common_msgs/include/fsd_common_msgs/fsd_common_msgs/msg/detail/car_state__type_support.hpp\n'}
[11.636737] (fsd_common_msgs) StdoutLine: {'line': b'-- Installing: /home/wu/Desktop/26_wuren_wuchunming/Ros2/ros2_homework_advanced_ws/install/fsd_common_msgs/include/fsd_common_msgs/fsd_common_msgs/msg/detail/yolo_cone_detections_track__type_support.hpp\n'}
[11.636780] (fsd_common_msgs) StdoutLine: {'line': b'-- Installing: /home/wu/Desktop/26_wuren_wuchunming/Ros2/ros2_homework_advanced_ws/install/fsd_common_msgs/include/fsd_common_msgs/fsd_common_msgs/msg/detail/map__builder.hpp\n'}
[11.636824] (fsd_common_msgs) StdoutLine: {'line': b'-- Installing: /home/wu/Desktop/26_wuren_wuchunming/Ros2/ros2_homework_advanced_ws/install/fsd_common_msgs/include/fsd_common_msgs/fsd_common_msgs/msg/detail/car_state__struct.hpp\n'}
[11.636872] (fsd_common_msgs) StdoutLine: {'line': b'-- Installing: /home/wu/Desktop/26_wuren_wuchunming/Ros2/ros2_homework_advanced_ws/install/fsd_common_msgs/include/fsd_common_msgs/fsd_common_msgs/msg/detail/cone__type_support.hpp\n'}
[11.636916] (fsd_common_msgs) StdoutLine: {'line': b'-- Installing: /home/wu/Desktop/26_wuren_wuchunming/Ros2/ros2_homework_advanced_ws/install/fsd_common_msgs/include/fsd_common_msgs/fsd_common_msgs/msg/detail/echiev_message__struct.hpp\n'}
[11.636960] (fsd_common_msgs) StdoutLine: {'line': b'-- Installing: /home/wu/Desktop/26_wuren_wuchunming/Ros2/ros2_homework_advanced_ws/install/fsd_common_msgs/include/fsd_common_msgs/fsd_common_msgs/msg/detail/can_frames__type_support.hpp\n'}
[11.637004] (fsd_common_msgs) StdoutLine: {'line': b'-- Installing: /home/wu/Desktop/26_wuren_wuchunming/Ros2/ros2_homework_advanced_ws/install/fsd_common_msgs/include/fsd_common_msgs/fsd_common_msgs/msg/detail/yolo_cone_track__type_support.hpp\n'}
[11.637049] (fsd_common_msgs) StdoutLine: {'line': b'-- Installing: /home/wu/Desktop/26_wuren_wuchunming/Ros2/ros2_homework_advanced_ws/install/fsd_common_msgs/include/fsd_common_msgs/fsd_common_msgs/msg/detail/track__builder.hpp\n'}
[11.637124] (fsd_common_msgs) StdoutLine: {'line': b'-- Installing: /home/wu/Desktop/26_wuren_wuchunming/Ros2/ros2_homework_advanced_ws/install/fsd_common_msgs/include/fsd_common_msgs/fsd_common_msgs/msg/detail/driving_dynamics__builder.hpp\n'}
[11.637173] (fsd_common_msgs) StdoutLine: {'line': b'-- Installing: /home/wu/Desktop/26_wuren_wuchunming/Ros2/ros2_homework_advanced_ws/install/fsd_common_msgs/include/fsd_common_msgs/fsd_common_msgs/msg/detail/mission__struct.hpp\n'}
[11.637233] (fsd_common_msgs) StdoutLine: {'line': b'-- Installing: /home/wu/Desktop/26_wuren_wuchunming/Ros2/ros2_homework_advanced_ws/install/fsd_common_msgs/include/fsd_common_msgs/fsd_common_msgs/msg/detail/cone__struct.hpp\n'}
[11.637283] (fsd_common_msgs) StdoutLine: {'line': b'-- Installing: /home/wu/Desktop/26_wuren_wuchunming/Ros2/ros2_homework_advanced_ws/install/fsd_common_msgs/include/fsd_common_msgs/fsd_common_msgs/msg/detail/cone_detections_dbscan__struct.hpp\n'}
[11.637341] (fsd_common_msgs) StdoutLine: {'line': b'-- Installing: /home/wu/Desktop/26_wuren_wuchunming/Ros2/ros2_homework_advanced_ws/install/fsd_common_msgs/include/fsd_common_msgs/fsd_common_msgs/msg/detail/time__type_support.hpp\n'}
[11.637390] (fsd_common_msgs) StdoutLine: {'line': b'-- Installing: /home/wu/Desktop/26_wuren_wuchunming/Ros2/ros2_homework_advanced_ws/install/fsd_common_msgs/include/fsd_common_msgs/fsd_common_msgs/msg/detail/control_command__traits.hpp\n'}
[11.637434] (fsd_common_msgs) StdoutLine: {'line': b'-- Installing: /home/wu/Desktop/26_wuren_wuchunming/Ros2/ros2_homework_advanced_ws/install/fsd_common_msgs/include/fsd_common_msgs/fsd_common_msgs/msg/detail/mission__type_support.hpp\n'}
[11.637480] (fsd_common_msgs) StdoutLine: {'line': b'-- Installing: /home/wu/Desktop/26_wuren_wuchunming/Ros2/ros2_homework_advanced_ws/install/fsd_common_msgs/include/fsd_common_msgs/fsd_common_msgs/msg/detail/driving_dynamics__traits.hpp\n'}
[11.637528] (fsd_common_msgs) StdoutLine: {'line': b'-- Installing: /home/wu/Desktop/26_wuren_wuchunming/Ros2/ros2_homework_advanced_ws/install/fsd_common_msgs/include/fsd_common_msgs/fsd_common_msgs/msg/detail/decision_flag__type_support.hpp\n'}
[11.637575] (fsd_common_msgs) StdoutLine: {'line': b'-- Installing: /home/wu/Desktop/26_wuren_wuchunming/Ros2/ros2_homework_advanced_ws/install/fsd_common_msgs/include/fsd_common_msgs/fsd_common_msgs/msg/detail/map__type_support.hpp\n'}
[11.637623] (fsd_common_msgs) StdoutLine: {'line': b'-- Installing: /home/wu/Desktop/26_wuren_wuchunming/Ros2/ros2_homework_advanced_ws/install/fsd_common_msgs/include/fsd_common_msgs/fsd_common_msgs/msg/detail/cone_dbscan__builder.hpp\n'}
[11.637669] (fsd_common_msgs) StdoutLine: {'line': b'-- Installing: /home/wu/Desktop/26_wuren_wuchunming/Ros2/ros2_homework_advanced_ws/install/fsd_common_msgs/include/fsd_common_msgs/fsd_common_msgs/msg/detail/skidpad_global_center_line__type_support.hpp\n'}
[11.637715] (fsd_common_msgs) StdoutLine: {'line': b'-- Installing: /home/wu/Desktop/26_wuren_wuchunming/Ros2/ros2_homework_advanced_ws/install/fsd_common_msgs/include/fsd_common_msgs/fsd_common_msgs/msg/detail/driving_dynamics__struct.hpp\n'}
[11.637763] (fsd_common_msgs) StdoutLine: {'line': b'-- Installing: /home/wu/Desktop/26_wuren_wuchunming/Ros2/ros2_homework_advanced_ws/install/fsd_common_msgs/include/fsd_common_msgs/fsd_common_msgs/msg/detail/cone_dbscan__struct.hpp\n'}
[11.637811] (fsd_common_msgs) StdoutLine: {'line': b'-- Installing: /home/wu/Desktop/26_wuren_wuchunming/Ros2/ros2_homework_advanced_ws/install/fsd_common_msgs/include/fsd_common_msgs/fsd_common_msgs/msg/detail/cone_detections_dbscan__builder.hpp\n'}
[11.637858] (fsd_common_msgs) StdoutLine: {'line': b'-- Installing: /home/wu/Desktop/26_wuren_wuchunming/Ros2/ros2_homework_advanced_ws/install/fsd_common_msgs/include/fsd_common_msgs/fsd_common_msgs/msg/detail/feedback__builder.hpp\n'}
[11.637906] (fsd_common_msgs) StdoutLine: {'line': b'-- Installing: /home/wu/Desktop/26_wuren_wuchunming/Ros2/ros2_homework_advanced_ws/install/fsd_common_msgs/include/fsd_common_msgs/fsd_common_msgs/msg/detail/asensing_message__builder.hpp\n'}
[11.637956] (fsd_common_msgs) StdoutLine: {'line': b'-- Installing: /home/wu/Desktop/26_wuren_wuchunming/Ros2/ros2_homework_advanced_ws/install/fsd_common_msgs/include/fsd_common_msgs/fsd_common_msgs/msg/detail/as_state__traits.hpp\n'}
[11.638004] (fsd_common_msgs) StdoutLine: {'line': b'-- Installing: /home/wu/Desktop/26_wuren_wuchunming/Ros2/ros2_homework_advanced_ws/install/fsd_common_msgs/include/fsd_common_msgs/fsd_common_msgs/msg/detail/ins_delta__traits.hpp\n'}
[11.638046] (fsd_common_msgs) StdoutLine: {'line': b'-- Installing: /home/wu/Desktop/26_wuren_wuchunming/Ros2/ros2_homework_advanced_ws/install/fsd_common_msgs/include/fsd_common_msgs/fsd_common_msgs/msg/detail/car_state_dt__type_support.hpp\n'}
[11.638097] (fsd_common_msgs) StdoutLine: {'line': b'-- Installing: /home/wu/Desktop/26_wuren_wuchunming/Ros2/ros2_homework_advanced_ws/install/fsd_common_msgs/include/fsd_common_msgs/fsd_common_msgs/msg/detail/cone_detections__traits.hpp\n'}
[11.638147] (fsd_common_msgs) StdoutLine: {'line': b'-- Installing: /home/wu/Desktop/26_wuren_wuchunming/Ros2/ros2_homework_advanced_ws/install/fsd_common_msgs/include/fsd_common_msgs/fsd_common_msgs/msg/detail/asensing_message__type_support.hpp\n'}
[11.638201] (fsd_common_msgs) StdoutLine: {'line': b'-- Installing: /home/wu/Desktop/26_wuren_wuchunming/Ros2/ros2_homework_advanced_ws/install/fsd_common_msgs/include/fsd_common_msgs/fsd_common_msgs/msg/detail/skidpad_global_center_line__struct.hpp\n'}
[11.638256] (fsd_common_msgs) StdoutLine: {'line': b'-- Installing: /home/wu/Desktop/26_wuren_wuchunming/Ros2/ros2_homework_advanced_ws/install/fsd_common_msgs/include/fsd_common_msgs/fsd_common_msgs/msg/detail/map__struct.hpp\n'}
[11.638307] (fsd_common_msgs) StdoutLine: {'line': b'-- Installing: /home/wu/Desktop/26_wuren_wuchunming/Ros2/ros2_homework_advanced_ws/install/fsd_common_msgs/include/fsd_common_msgs/fsd_common_msgs/msg/detail/ins_delta__struct.hpp\n'}
[11.638352] (fsd_common_msgs) StdoutLine: {'line': b'-- Installing: /home/wu/Desktop/26_wuren_wuchunming/Ros2/ros2_homework_advanced_ws/install/fsd_common_msgs/include/fsd_common_msgs/fsd_common_msgs/msg/detail/track__traits.hpp\n'}
[11.638402] (fsd_common_msgs) StdoutLine: {'line': b'-- Installing: /home/wu/Desktop/26_wuren_wuchunming/Ros2/ros2_homework_advanced_ws/install/fsd_common_msgs/include/fsd_common_msgs/fsd_common_msgs/msg/detail/car_state__traits.hpp\n'}
[11.638451] (fsd_common_msgs) StdoutLine: {'line': b'-- Installing: /home/wu/Desktop/26_wuren_wuchunming/Ros2/ros2_homework_advanced_ws/install/fsd_common_msgs/include/fsd_common_msgs/fsd_common_msgs/msg/detail/yolo_cone_detections__type_support.hpp\n'}
[11.638495] (fsd_common_msgs) StdoutLine: {'line': b'-- Installing: /home/wu/Desktop/26_wuren_wuchunming/Ros2/ros2_homework_advanced_ws/install/fsd_common_msgs/include/fsd_common_msgs/fsd_common_msgs/msg/detail/feedback__traits.hpp\n'}
[11.638544] (fsd_common_msgs) StdoutLine: {'line': b'-- Installing: /home/wu/Desktop/26_wuren_wuchunming/Ros2/ros2_homework_advanced_ws/install/fsd_common_msgs/include/fsd_common_msgs/fsd_common_msgs/msg/detail/yolo_cone_detections_track__struct.hpp\n'}
[11.638591] (fsd_common_msgs) StdoutLine: {'line': b'-- Installing: /home/wu/Desktop/26_wuren_wuchunming/Ros2/ros2_homework_advanced_ws/install/fsd_common_msgs/include/fsd_common_msgs/fsd_common_msgs/msg/detail/visualization__struct.hpp\n'}
[11.638651] (fsd_common_msgs) StdoutLine: {'line': b'-- Installing: /home/wu/Desktop/26_wuren_wuchunming/Ros2/ros2_homework_advanced_ws/install/fsd_common_msgs/include/fsd_common_msgs/fsd_common_msgs/msg/detail/as_state__builder.hpp\n'}
[11.638703] (fsd_common_msgs) StdoutLine: {'line': b'-- Installing: /home/wu/Desktop/26_wuren_wuchunming/Ros2/ros2_homework_advanced_ws/install/fsd_common_msgs/include/fsd_common_msgs/fsd_common_msgs/msg/detail/trajectory_point__type_support.hpp\n'}
[11.638751] (fsd_common_msgs) StdoutLine: {'line': b'-- Installing: /home/wu/Desktop/26_wuren_wuchunming/Ros2/ros2_homework_advanced_ws/install/fsd_common_msgs/include/fsd_common_msgs/fsd_common_msgs/msg/detail/cone_dbscan__type_support.hpp\n'}
[11.638796] (fsd_common_msgs) StdoutLine: {'line': b'-- Installing: /home/wu/Desktop/26_wuren_wuchunming/Ros2/ros2_homework_advanced_ws/install/fsd_common_msgs/include/fsd_common_msgs/fsd_common_msgs/msg/detail/control_command__struct.hpp\n'}
[11.638843] (fsd_common_msgs) StdoutLine: {'line': b'-- Installing: /home/wu/Desktop/26_wuren_wuchunming/Ros2/ros2_homework_advanced_ws/install/fsd_common_msgs/include/fsd_common_msgs/fsd_common_msgs/msg/detail/yolo_cone_detections_track__builder.hpp\n'}
[11.638894] (fsd_common_msgs) StdoutLine: {'line': b'-- Installing: /home/wu/Desktop/26_wuren_wuchunming/Ros2/ros2_homework_advanced_ws/install/fsd_common_msgs/include/fsd_common_msgs/fsd_common_msgs/msg/detail/visualization__traits.hpp\n'}
[11.638955] (fsd_common_msgs) StdoutLine: {'line': b'-- Installing: /home/wu/Desktop/26_wuren_wuchunming/Ros2/ros2_homework_advanced_ws/install/fsd_common_msgs/include/fsd_common_msgs/fsd_common_msgs/msg/detail/res_and_ami__builder.hpp\n'}
[11.639002] (fsd_common_msgs) StdoutLine: {'line': b'-- Installing: /home/wu/Desktop/26_wuren_wuchunming/Ros2/ros2_homework_advanced_ws/install/fsd_common_msgs/include/fsd_common_msgs/fsd_common_msgs/msg/detail/control_command__type_support.hpp\n'}
[11.639046] (fsd_common_msgs) StdoutLine: {'line': b'-- Installing: /home/wu/Desktop/26_wuren_wuchunming/Ros2/ros2_homework_advanced_ws/install/fsd_common_msgs/include/fsd_common_msgs/fsd_common_msgs/msg/detail/asensing_message__struct.hpp\n'}
[11.639097] (fsd_common_msgs) StdoutLine: {'line': b'-- Installing: /home/wu/Desktop/26_wuren_wuchunming/Ros2/ros2_homework_advanced_ws/install/fsd_common_msgs/include/fsd_common_msgs/fsd_common_msgs/msg/detail/yolo_cone_track__struct.hpp\n'}
[11.639154] (fsd_common_msgs) StdoutLine: {'line': b'-- Installing: /home/wu/Desktop/26_wuren_wuchunming/Ros2/ros2_homework_advanced_ws/install/fsd_common_msgs/include/fsd_common_msgs/fsd_common_msgs/msg/detail/echiev_message__builder.hpp\n'}
[11.639209] (fsd_common_msgs) StdoutLine: {'line': b'-- Installing: /home/wu/Desktop/26_wuren_wuchunming/Ros2/ros2_homework_advanced_ws/install/fsd_common_msgs/include/fsd_common_msgs/fsd_common_msgs/msg/detail/cone_dbscan__traits.hpp\n'}
[11.639257] (fsd_common_msgs) StdoutLine: {'line': b'-- Installing: /home/wu/Desktop/26_wuren_wuchunming/Ros2/ros2_homework_advanced_ws/install/fsd_common_msgs/include/fsd_common_msgs/fsd_common_msgs/msg/detail/feedback__struct.hpp\n'}
[11.639308] (fsd_common_msgs) StdoutLine: {'line': b'-- Installing: /home/wu/Desktop/26_wuren_wuchunming/Ros2/ros2_homework_advanced_ws/install/fsd_common_msgs/include/fsd_common_msgs/fsd_common_msgs/msg/detail/mission__traits.hpp\n'}
[11.639357] (fsd_common_msgs) StdoutLine: {'line': b'-- Installing: /home/wu/Desktop/26_wuren_wuchunming/Ros2/ros2_homework_advanced_ws/install/fsd_common_msgs/include/fsd_common_msgs/fsd_common_msgs/msg/detail/decision_flag__traits.hpp\n'}
[11.639404] (fsd_common_msgs) StdoutLine: {'line': b'-- Installing: /home/wu/Desktop/26_wuren_wuchunming/Ros2/ros2_homework_advanced_ws/install/fsd_common_msgs/include/fsd_common_msgs/fsd_common_msgs/msg/detail/time__builder.hpp\n'}
[11.639452] (fsd_common_msgs) StdoutLine: {'line': b'-- Installing: /home/wu/Desktop/26_wuren_wuchunming/Ros2/ros2_homework_advanced_ws/install/fsd_common_msgs/include/fsd_common_msgs/fsd_common_msgs/msg/detail/cone_detections_dbscan__type_support.hpp\n'}
[11.639499] (fsd_common_msgs) StdoutLine: {'line': b'-- Installing: /home/wu/Desktop/26_wuren_wuchunming/Ros2/ros2_homework_advanced_ws/install/fsd_common_msgs/include/fsd_common_msgs/fsd_common_msgs/msg/detail/echiev_message__type_support.hpp\n'}
[11.639544] (fsd_common_msgs) StdoutLine: {'line': b'-- Installing: /home/wu/Desktop/26_wuren_wuchunming/Ros2/ros2_homework_advanced_ws/install/fsd_common_msgs/include/fsd_common_msgs/fsd_common_msgs/msg/detail/can_frames__builder.hpp\n'}
[11.639592] (fsd_common_msgs) StdoutLine: {'line': b'-- Installing: /home/wu/Desktop/26_wuren_wuchunming/Ros2/ros2_homework_advanced_ws/install/fsd_common_msgs/include/fsd_common_msgs/fsd_common_msgs/msg/detail/yolo_cone_detections_track__traits.hpp\n'}
[11.639639] (fsd_common_msgs) StdoutLine: {'line': b'-- Installing: /home/wu/Desktop/26_wuren_wuchunming/Ros2/ros2_homework_advanced_ws/install/fsd_common_msgs/include/fsd_common_msgs/fsd_common_msgs/msg/detail/remote_control_command__traits.hpp\n'}
[11.639687] (fsd_common_msgs) StdoutLine: {'line': b'-- Installing: /home/wu/Desktop/26_wuren_wuchunming/Ros2/ros2_homework_advanced_ws/install/fsd_common_msgs/include/fsd_common_msgs/fsd_common_msgs/msg/detail/feedback__type_support.hpp\n'}
[11.639737] (fsd_common_msgs) StdoutLine: {'line': b'-- Installing: /home/wu/Desktop/26_wuren_wuchunming/Ros2/ros2_homework_advanced_ws/install/fsd_common_msgs/include/fsd_common_msgs/fsd_common_msgs/msg/detail/as_state__type_support.hpp\n'}
[11.639790] (fsd_common_msgs) StdoutLine: {'line': b'-- Installing: /home/wu/Desktop/26_wuren_wuchunming/Ros2/ros2_homework_advanced_ws/install/fsd_common_msgs/include/fsd_common_msgs/fsd_common_msgs/msg/detail/driving_dynamics__type_support.hpp\n'}
[11.639836] (fsd_common_msgs) StdoutLine: {'line': b'-- Installing: /home/wu/Desktop/26_wuren_wuchunming/Ros2/ros2_homework_advanced_ws/install/fsd_common_msgs/include/fsd_common_msgs/fsd_common_msgs/msg/detail/map__traits.hpp\n'}
[11.639889] (fsd_common_msgs) StdoutLine: {'line': b'-- Installing: /home/wu/Desktop/26_wuren_wuchunming/Ros2/ros2_homework_advanced_ws/install/fsd_common_msgs/include/fsd_common_msgs/fsd_common_msgs/msg/detail/mission__builder.hpp\n'}
[11.639936] (fsd_common_msgs) StdoutLine: {'line': b'-- Installing: /home/wu/Desktop/26_wuren_wuchunming/Ros2/ros2_homework_advanced_ws/install/fsd_common_msgs/include/fsd_common_msgs/fsd_common_msgs/msg/detail/time__traits.hpp\n'}
[11.639986] (fsd_common_msgs) StdoutLine: {'line': b'-- Installing: /home/wu/Desktop/26_wuren_wuchunming/Ros2/ros2_homework_advanced_ws/install/fsd_common_msgs/include/fsd_common_msgs/fsd_common_msgs/msg/detail/remote_control_command__struct.hpp\n'}
[11.640033] (fsd_common_msgs) StdoutLine: {'line': b'-- Installing: /home/wu/Desktop/26_wuren_wuchunming/Ros2/ros2_homework_advanced_ws/install/fsd_common_msgs/include/fsd_common_msgs/fsd_common_msgs/msg/detail/remote_control_command__builder.hpp\n'}
[11.640115] (fsd_common_msgs) StdoutLine: {'line': b'-- Installing: /home/wu/Desktop/26_wuren_wuchunming/Ros2/ros2_homework_advanced_ws/install/fsd_common_msgs/include/fsd_common_msgs/fsd_common_msgs/msg/detail/as_state__struct.hpp\n'}
[11.640165] (fsd_common_msgs) StdoutLine: {'line': b'-- Installing: /home/wu/Desktop/26_wuren_wuchunming/Ros2/ros2_homework_advanced_ws/install/fsd_common_msgs/include/fsd_common_msgs/fsd_common_msgs/msg/detail/trajectory_point__builder.hpp\n'}
[11.640220] (fsd_common_msgs) StdoutLine: {'line': b'-- Installing: /home/wu/Desktop/26_wuren_wuchunming/Ros2/ros2_homework_advanced_ws/install/fsd_common_msgs/include/fsd_common_msgs/fsd_common_msgs/msg/detail/can_frames__struct.hpp\n'}
[11.640277] (fsd_common_msgs) StdoutLine: {'line': b'-- Installing: /home/wu/Desktop/26_wuren_wuchunming/Ros2/ros2_homework_advanced_ws/install/fsd_common_msgs/include/fsd_common_msgs/fsd_common_msgs/msg/mission.hpp\n'}
[11.640326] (fsd_common_msgs) StdoutLine: {'line': b'-- Installing: /home/wu/Desktop/26_wuren_wuchunming/Ros2/ros2_homework_advanced_ws/install/fsd_common_msgs/include/fsd_common_msgs/fsd_common_msgs/msg/yolo_cone_detections.hpp\n'}
[11.640375] (fsd_common_msgs) StdoutLine: {'line': b'-- Installing: /home/wu/Desktop/26_wuren_wuchunming/Ros2/ros2_homework_advanced_ws/install/fsd_common_msgs/include/fsd_common_msgs/fsd_common_msgs/msg/yolo_cone.hpp\n'}
[11.640422] (fsd_common_msgs) StdoutLine: {'line': b'-- Installing: /home/wu/Desktop/26_wuren_wuchunming/Ros2/ros2_homework_advanced_ws/install/fsd_common_msgs/include/fsd_common_msgs/fsd_common_msgs/msg/car_state.hpp\n'}
[11.640473] (fsd_common_msgs) StdoutLine: {'line': b'-- Installing: /home/wu/Desktop/26_wuren_wuchunming/Ros2/ros2_homework_advanced_ws/install/fsd_common_msgs/include/fsd_common_msgs/fsd_common_msgs/msg/map.hpp\n'}
[11.640518] (fsd_common_msgs) StdoutLine: {'line': b'-- Installing: /home/wu/Desktop/26_wuren_wuchunming/Ros2/ros2_homework_advanced_ws/install/fsd_common_msgs/include/fsd_common_msgs/fsd_common_msgs/msg/cone_detections.hpp\n'}
[11.640563] (fsd_common_msgs) StdoutLine: {'line': b'-- Installing: /home/wu/Desktop/26_wuren_wuchunming/Ros2/ros2_homework_advanced_ws/install/fsd_common_msgs/include/fsd_common_msgs/fsd_common_msgs/msg/feedback.hpp\n'}
[11.640611] (fsd_common_msgs) StdoutLine: {'line': b'-- Installing: /home/wu/Desktop/26_wuren_wuchunming/Ros2/ros2_homework_advanced_ws/install/fsd_common_msgs/include/fsd_common_msgs/fsd_common_msgs/msg/rosidl_generator_cpp__visibility_control.hpp\n'}
[11.640662] (fsd_common_msgs) StdoutLine: {'line': b'-- Installing: /home/wu/Desktop/26_wuren_wuchunming/Ros2/ros2_homework_advanced_ws/install/fsd_common_msgs/include/fsd_common_msgs/fsd_common_msgs/msg/asensing_message.hpp\n'}
[11.640755] (fsd_common_msgs) StdoutLine: {'line': b'-- Up-to-date: /home/wu/Desktop/26_wuren_wuchunming/Ros2/ros2_homework_advanced_ws/install/fsd_common_msgs/include/fsd_common_msgs/fsd_common_msgs\n'}
[11.640796] (fsd_common_msgs) StdoutLine: {'line': b'-- Up-to-date: /home/wu/Desktop/26_wuren_wuchunming/Ros2/ros2_homework_advanced_ws/install/fsd_common_msgs/include/fsd_common_msgs/fsd_common_msgs/msg\n'}
[11.640838] (fsd_common_msgs) StdoutLine: {'line': b'-- Installing: /home/wu/Desktop/26_wuren_wuchunming/Ros2/ros2_homework_advanced_ws/install/fsd_common_msgs/include/fsd_common_msgs/fsd_common_msgs/msg/rosidl_typesupport_fastrtps_cpp__visibility_control.h\n'}
[11.640883] (fsd_common_msgs) StdoutLine: {'line': b'-- Up-to-date: /home/wu/Desktop/26_wuren_wuchunming/Ros2/ros2_homework_advanced_ws/install/fsd_common_msgs/include/fsd_common_msgs/fsd_common_msgs/msg/detail\n'}
[11.640912] (fsd_common_msgs) StdoutLine: {'line': b'-- Installing: /home/wu/Desktop/26_wuren_wuchunming/Ros2/ros2_homework_advanced_ws/install/fsd_common_msgs/include/fsd_common_msgs/fsd_common_msgs/msg/detail/res_and_ami__rosidl_typesupport_fastrtps_cpp.hpp\n'}
[11.640952] (fsd_common_msgs) StdoutLine: {'line': b'-- Installing: /home/wu/Desktop/26_wuren_wuchunming/Ros2/ros2_homework_advanced_ws/install/fsd_common_msgs/include/fsd_common_msgs/fsd_common_msgs/msg/detail/car_state__rosidl_typesupport_fastrtps_cpp.hpp\n'}
[11.640993] (fsd_common_msgs) StdoutLine: {'line': b'-- Installing: /home/wu/Desktop/26_wuren_wuchunming/Ros2/ros2_homework_advanced_ws/install/fsd_common_msgs/include/fsd_common_msgs/fsd_common_msgs/msg/detail/asensing_message__rosidl_typesupport_fastrtps_cpp.hpp\n'}
[11.641033] (fsd_common_msgs) StdoutLine: {'line': b'-- Installing: /home/wu/Desktop/26_wuren_wuchunming/Ros2/ros2_homework_advanced_ws/install/fsd_common_msgs/include/fsd_common_msgs/fsd_common_msgs/msg/detail/remote_control_command__rosidl_typesupport_fastrtps_cpp.hpp\n'}
[11.641074] (fsd_common_msgs) StdoutLine: {'line': b'-- Installing: /home/wu/Desktop/26_wuren_wuchunming/Ros2/ros2_homework_advanced_ws/install/fsd_common_msgs/include/fsd_common_msgs/fsd_common_msgs/msg/detail/as_state__rosidl_typesupport_fastrtps_cpp.hpp\n'}
[11.641113] (fsd_common_msgs) StdoutLine: {'line': b'-- Installing: /home/wu/Desktop/26_wuren_wuchunming/Ros2/ros2_homework_advanced_ws/install/fsd_common_msgs/include/fsd_common_msgs/fsd_common_msgs/msg/detail/feedback__rosidl_typesupport_fastrtps_cpp.hpp\n'}
[11.641161] (fsd_common_msgs) StdoutLine: {'line': b'-- Installing: /home/wu/Desktop/26_wuren_wuchunming/Ros2/ros2_homework_advanced_ws/install/fsd_common_msgs/include/fsd_common_msgs/fsd_common_msgs/msg/detail/cone__rosidl_typesupport_fastrtps_cpp.hpp\n'}
[11.641214] (fsd_common_msgs) StdoutLine: {'line': b'-- Installing: /home/wu/Desktop/26_wuren_wuchunming/Ros2/ros2_homework_advanced_ws/install/fsd_common_msgs/include/fsd_common_msgs/fsd_common_msgs/msg/detail/can_frames__rosidl_typesupport_fastrtps_cpp.hpp\n'}
[11.641260] (fsd_common_msgs) StdoutLine: {'line': b'-- Installing: /home/wu/Desktop/26_wuren_wuchunming/Ros2/ros2_homework_advanced_ws/install/fsd_common_msgs/include/fsd_common_msgs/fsd_common_msgs/msg/detail/dds_fastrtps\n'}
[11.641342] (fsd_common_msgs) StdoutLine: {'line': b'-- Installing: /home/wu/Desktop/26_wuren_wuchunming/Ros2/ros2_homework_advanced_ws/install/fsd_common_msgs/include/fsd_common_msgs/fsd_common_msgs/msg/detail/cone_dbscan__rosidl_typesupport_fastrtps_cpp.hpp\n'}
[11.641391] (fsd_common_msgs) StdoutLine: {'line': b'-- Installing: /home/wu/Desktop/26_wuren_wuchunming/Ros2/ros2_homework_advanced_ws/install/fsd_common_msgs/include/fsd_common_msgs/fsd_common_msgs/msg/detail/track__rosidl_typesupport_fastrtps_cpp.hpp\n'}
[11.641440] (fsd_common_msgs) StdoutLine: {'line': b'-- Installing: /home/wu/Desktop/26_wuren_wuchunming/Ros2/ros2_homework_advanced_ws/install/fsd_common_msgs/include/fsd_common_msgs/fsd_common_msgs/msg/detail/control_command__rosidl_typesupport_fastrtps_cpp.hpp\n'}
[11.641496] (fsd_common_msgs) StdoutLine: {'line': b'-- Installing: /home/wu/Desktop/26_wuren_wuchunming/Ros2/ros2_homework_advanced_ws/install/fsd_common_msgs/include/fsd_common_msgs/fsd_common_msgs/msg/detail/yolo_cone__rosidl_typesupport_fastrtps_cpp.hpp\n'}
[11.641547] (fsd_common_msgs) StdoutLine: {'line': b'-- Installing: /home/wu/Desktop/26_wuren_wuchunming/Ros2/ros2_homework_advanced_ws/install/fsd_common_msgs/include/fsd_common_msgs/fsd_common_msgs/msg/detail/ins_delta__rosidl_typesupport_fastrtps_cpp.hpp\n'}
[11.641592] (fsd_common_msgs) StdoutLine: {'line': b'-- Installing: /home/wu/Desktop/26_wuren_wuchunming/Ros2/ros2_homework_advanced_ws/install/fsd_common_msgs/include/fsd_common_msgs/fsd_common_msgs/msg/detail/decision_flag__rosidl_typesupport_fastrtps_cpp.hpp\n'}
[11.641638] (fsd_common_msgs) StdoutLine: {'line': b'-- Installing: /home/wu/Desktop/26_wuren_wuchunming/Ros2/ros2_homework_advanced_ws/install/fsd_common_msgs/include/fsd_common_msgs/fsd_common_msgs/msg/detail/mission__rosidl_typesupport_fastrtps_cpp.hpp\n'}
[11.641685] (fsd_common_msgs) StdoutLine: {'line': b'-- Installing: /home/wu/Desktop/26_wuren_wuchunming/Ros2/ros2_homework_advanced_ws/install/fsd_common_msgs/include/fsd_common_msgs/fsd_common_msgs/msg/detail/yolo_cone_detections_track__rosidl_typesupport_fastrtps_cpp.hpp\n'}
[11.641730] (fsd_common_msgs) StdoutLine: {'line': b'-- Installing: /home/wu/Desktop/26_wuren_wuchunming/Ros2/ros2_homework_advanced_ws/install/fsd_common_msgs/include/fsd_common_msgs/fsd_common_msgs/msg/detail/trajectory_point__rosidl_typesupport_fastrtps_cpp.hpp\n'}
[11.641779] (fsd_common_msgs) StdoutLine: {'line': b'-- Installing: /home/wu/Desktop/26_wuren_wuchunming/Ros2/ros2_homework_advanced_ws/install/fsd_common_msgs/include/fsd_common_msgs/fsd_common_msgs/msg/detail/echiev_message__rosidl_typesupport_fastrtps_cpp.hpp\n'}
[11.641823] (fsd_common_msgs) StdoutLine: {'line': b'-- Installing: /home/wu/Desktop/26_wuren_wuchunming/Ros2/ros2_homework_advanced_ws/install/fsd_common_msgs/include/fsd_common_msgs/fsd_common_msgs/msg/detail/map__rosidl_typesupport_fastrtps_cpp.hpp\n'}
[11.641867] (fsd_common_msgs) StdoutLine: {'line': b'-- Installing: /home/wu/Desktop/26_wuren_wuchunming/Ros2/ros2_homework_advanced_ws/install/fsd_common_msgs/include/fsd_common_msgs/fsd_common_msgs/msg/detail/visualization__rosidl_typesupport_fastrtps_cpp.hpp\n'}
[11.641914] (fsd_common_msgs) StdoutLine: {'line': b'-- Installing: /home/wu/Desktop/26_wuren_wuchunming/Ros2/ros2_homework_advanced_ws/install/fsd_common_msgs/include/fsd_common_msgs/fsd_common_msgs/msg/detail/skidpad_global_center_line__rosidl_typesupport_fastrtps_cpp.hpp\n'}
[11.641959] (fsd_common_msgs) StdoutLine: {'line': b'-- Installing: /home/wu/Desktop/26_wuren_wuchunming/Ros2/ros2_homework_advanced_ws/install/fsd_common_msgs/include/fsd_common_msgs/fsd_common_msgs/msg/detail/cone_detections__rosidl_typesupport_fastrtps_cpp.hpp\n'}
[11.642003] (fsd_common_msgs) StdoutLine: {'line': b'-- Installing: /home/wu/Desktop/26_wuren_wuchunming/Ros2/ros2_homework_advanced_ws/install/fsd_common_msgs/include/fsd_common_msgs/fsd_common_msgs/msg/detail/yolo_cone_track__rosidl_typesupport_fastrtps_cpp.hpp\n'}
[11.642047] (fsd_common_msgs) StdoutLine: {'line': b'-- Installing: /home/wu/Desktop/26_wuren_wuchunming/Ros2/ros2_homework_advanced_ws/install/fsd_common_msgs/include/fsd_common_msgs/fsd_common_msgs/msg/detail/cone_detections_dbscan__rosidl_typesupport_fastrtps_cpp.hpp\n'}
[11.642102] (fsd_common_msgs) StdoutLine: {'line': b'-- Installing: /home/wu/Desktop/26_wuren_wuchunming/Ros2/ros2_homework_advanced_ws/install/fsd_common_msgs/include/fsd_common_msgs/fsd_common_msgs/msg/detail/time__rosidl_typesupport_fastrtps_cpp.hpp\n'}
[11.642151] (fsd_common_msgs) StdoutLine: {'line': b'-- Installing: /home/wu/Desktop/26_wuren_wuchunming/Ros2/ros2_homework_advanced_ws/install/fsd_common_msgs/include/fsd_common_msgs/fsd_common_msgs/msg/detail/car_state_dt__rosidl_typesupport_fastrtps_cpp.hpp\n'}
[11.642208] (fsd_common_msgs) StdoutLine: {'line': b'-- Installing: /home/wu/Desktop/26_wuren_wuchunming/Ros2/ros2_homework_advanced_ws/install/fsd_common_msgs/include/fsd_common_msgs/fsd_common_msgs/msg/detail/yolo_cone_detections__rosidl_typesupport_fastrtps_cpp.hpp\n'}
[11.642261] (fsd_common_msgs) StdoutLine: {'line': b'-- Installing: /home/wu/Desktop/26_wuren_wuchunming/Ros2/ros2_homework_advanced_ws/install/fsd_common_msgs/include/fsd_common_msgs/fsd_common_msgs/msg/detail/driving_dynamics__rosidl_typesupport_fastrtps_cpp.hpp\n'}
[11.642373] (fsd_common_msgs) StdoutLine: {'line': b'-- Installing: /home/wu/Desktop/26_wuren_wuchunming/Ros2/ros2_homework_advanced_ws/install/fsd_common_msgs/lib/libfsd_common_msgs__rosidl_typesupport_fastrtps_cpp.so\n'}
[11.642915] (fsd_common_msgs) StdoutLine: {'line': b'-- Set runtime path of "/home/wu/Desktop/26_wuren_wuchunming/Ros2/ros2_homework_advanced_ws/install/fsd_common_msgs/lib/libfsd_common_msgs__rosidl_typesupport_fastrtps_cpp.so" to ""\n'}
[11.643002] (fsd_common_msgs) StdoutLine: {'line': b'-- Up-to-date: /home/wu/Desktop/26_wuren_wuchunming/Ros2/ros2_homework_advanced_ws/install/fsd_common_msgs/include/fsd_common_msgs/fsd_common_msgs\n'}
[11.643034] (fsd_common_msgs) StdoutLine: {'line': b'-- Up-to-date: /home/wu/Desktop/26_wuren_wuchunming/Ros2/ros2_homework_advanced_ws/install/fsd_common_msgs/include/fsd_common_msgs/fsd_common_msgs/msg\n'}
[11.643083] (fsd_common_msgs) StdoutLine: {'line': b'-- Up-to-date: /home/wu/Desktop/26_wuren_wuchunming/Ros2/ros2_homework_advanced_ws/install/fsd_common_msgs/include/fsd_common_msgs/fsd_common_msgs/msg/detail\n'}
[11.643123] (fsd_common_msgs) StdoutLine: {'line': b'-- Installing: /home/wu/Desktop/26_wuren_wuchunming/Ros2/ros2_homework_advanced_ws/install/fsd_common_msgs/include/fsd_common_msgs/fsd_common_msgs/msg/detail/yolo_cone_track__type_support.cpp\n'}
[11.643153] (fsd_common_msgs) StdoutLine: {'line': b'-- Installing: /home/wu/Desktop/26_wuren_wuchunming/Ros2/ros2_homework_advanced_ws/install/fsd_common_msgs/include/fsd_common_msgs/fsd_common_msgs/msg/detail/car_state__type_support.cpp\n'}
[11.643193] (fsd_common_msgs) StdoutLine: {'line': b'-- Installing: /home/wu/Desktop/26_wuren_wuchunming/Ros2/ros2_homework_advanced_ws/install/fsd_common_msgs/include/fsd_common_msgs/fsd_common_msgs/msg/detail/cone_dbscan__type_support.cpp\n'}
[11.643220] (fsd_common_msgs) StdoutLine: {'line': b'-- Installing: /home/wu/Desktop/26_wuren_wuchunming/Ros2/ros2_homework_advanced_ws/install/fsd_common_msgs/include/fsd_common_msgs/fsd_common_msgs/msg/detail/track__type_support.cpp\n'}
[11.643263] (fsd_common_msgs) StdoutLine: {'line': b'-- Installing: /home/wu/Desktop/26_wuren_wuchunming/Ros2/ros2_homework_advanced_ws/install/fsd_common_msgs/include/fsd_common_msgs/fsd_common_msgs/msg/detail/yolo_cone_detections_track__type_support.cpp\n'}
[11.643306] (fsd_common_msgs) StdoutLine: {'line': b'-- Installing: /home/wu/Desktop/26_wuren_wuchunming/Ros2/ros2_homework_advanced_ws/install/fsd_common_msgs/include/fsd_common_msgs/fsd_common_msgs/msg/detail/car_state__rosidl_typesupport_introspection_cpp.hpp\n'}
[11.643343] (fsd_common_msgs) StdoutLine: {'line': b'-- Installing: /home/wu/Desktop/26_wuren_wuchunming/Ros2/ros2_homework_advanced_ws/install/fsd_common_msgs/include/fsd_common_msgs/fsd_common_msgs/msg/detail/cone_detections_dbscan__type_support.cpp\n'}
[11.643398] (fsd_common_msgs) StdoutLine: {'line': b'-- Installing: /home/wu/Desktop/26_wuren_wuchunming/Ros2/ros2_homework_advanced_ws/install/fsd_common_msgs/include/fsd_common_msgs/fsd_common_msgs/msg/detail/res_and_ami__type_support.cpp\n'}
[11.643449] (fsd_common_msgs) StdoutLine: {'line': b'-- Installing: /home/wu/Desktop/26_wuren_wuchunming/Ros2/ros2_homework_advanced_ws/install/fsd_common_msgs/include/fsd_common_msgs/fsd_common_msgs/msg/detail/feedback__rosidl_typesupport_introspection_cpp.hpp\n'}
[11.643500] (fsd_common_msgs) StdoutLine: {'line': b'-- Installing: /home/wu/Desktop/26_wuren_wuchunming/Ros2/ros2_homework_advanced_ws/install/fsd_common_msgs/include/fsd_common_msgs/fsd_common_msgs/msg/detail/echiev_message__type_support.cpp\n'}
[11.643557] (fsd_common_msgs) StdoutLine: {'line': b'-- Installing: /home/wu/Desktop/26_wuren_wuchunming/Ros2/ros2_homework_advanced_ws/install/fsd_common_msgs/include/fsd_common_msgs/fsd_common_msgs/msg/detail/control_command__rosidl_typesupport_introspection_cpp.hpp\n'}
[11.643626] (fsd_common_msgs) StdoutLine: {'line': b'-- Installing: /home/wu/Desktop/26_wuren_wuchunming/Ros2/ros2_homework_advanced_ws/install/fsd_common_msgs/include/fsd_common_msgs/fsd_common_msgs/msg/detail/mission__rosidl_typesupport_introspection_cpp.hpp\n'}
[11.643674] (fsd_common_msgs) StdoutLine: {'line': b'-- Installing: /home/wu/Desktop/26_wuren_wuchunming/Ros2/ros2_homework_advanced_ws/install/fsd_common_msgs/include/fsd_common_msgs/fsd_common_msgs/msg/detail/cone_detections_dbscan__rosidl_typesupport_introspection_cpp.hpp\n'}
[11.643726] (fsd_common_msgs) StdoutLine: {'line': b'-- Installing: /home/wu/Desktop/26_wuren_wuchunming/Ros2/ros2_homework_advanced_ws/install/fsd_common_msgs/include/fsd_common_msgs/fsd_common_msgs/msg/detail/cone__rosidl_typesupport_introspection_cpp.hpp\n'}
[11.643771] (fsd_common_msgs) StdoutLine: {'line': b'-- Installing: /home/wu/Desktop/26_wuren_wuchunming/Ros2/ros2_homework_advanced_ws/install/fsd_common_msgs/include/fsd_common_msgs/fsd_common_msgs/msg/detail/can_frames__rosidl_typesupport_introspection_cpp.hpp\n'}
[11.643816] (fsd_common_msgs) StdoutLine: {'line': b'-- Installing: /home/wu/Desktop/26_wuren_wuchunming/Ros2/ros2_homework_advanced_ws/install/fsd_common_msgs/include/fsd_common_msgs/fsd_common_msgs/msg/detail/control_command__type_support.cpp\n'}
[11.643865] (fsd_common_msgs) StdoutLine: {'line': b'-- Installing: /home/wu/Desktop/26_wuren_wuchunming/Ros2/ros2_homework_advanced_ws/install/fsd_common_msgs/include/fsd_common_msgs/fsd_common_msgs/msg/detail/time__type_support.cpp\n'}
[11.643923] (fsd_common_msgs) StdoutLine: {'line': b'-- Installing: /home/wu/Desktop/26_wuren_wuchunming/Ros2/ros2_homework_advanced_ws/install/fsd_common_msgs/include/fsd_common_msgs/fsd_common_msgs/msg/detail/cone_detections__type_support.cpp\n'}
[11.643981] (fsd_common_msgs) StdoutLine: {'line': b'-- Installing: /home/wu/Desktop/26_wuren_wuchunming/Ros2/ros2_homework_advanced_ws/install/fsd_common_msgs/include/fsd_common_msgs/fsd_common_msgs/msg/detail/trajectory_point__type_support.cpp\n'}
[11.644028] (fsd_common_msgs) StdoutLine: {'line': b'-- Installing: /home/wu/Desktop/26_wuren_wuchunming/Ros2/ros2_homework_advanced_ws/install/fsd_common_msgs/include/fsd_common_msgs/fsd_common_msgs/msg/detail/mission__type_support.cpp\n'}
[11.644077] (fsd_common_msgs) StdoutLine: {'line': b'-- Installing: /home/wu/Desktop/26_wuren_wuchunming/Ros2/ros2_homework_advanced_ws/install/fsd_common_msgs/include/fsd_common_msgs/fsd_common_msgs/msg/detail/decision_flag__rosidl_typesupport_introspection_cpp.hpp\n'}
[11.644127] (fsd_common_msgs) StdoutLine: {'line': b'-- Installing: /home/wu/Desktop/26_wuren_wuchunming/Ros2/ros2_homework_advanced_ws/install/fsd_common_msgs/include/fsd_common_msgs/fsd_common_msgs/msg/detail/cone_detections__rosidl_typesupport_introspection_cpp.hpp\n'}
[11.644179] (fsd_common_msgs) StdoutLine: {'line': b'-- Installing: /home/wu/Desktop/26_wuren_wuchunming/Ros2/ros2_homework_advanced_ws/install/fsd_common_msgs/include/fsd_common_msgs/fsd_common_msgs/msg/detail/ins_delta__type_support.cpp\n'}
[11.644237] (fsd_common_msgs) StdoutLine: {'line': b'-- Installing: /home/wu/Desktop/26_wuren_wuchunming/Ros2/ros2_homework_advanced_ws/install/fsd_common_msgs/include/fsd_common_msgs/fsd_common_msgs/msg/detail/remote_control_command__type_support.cpp\n'}
[11.644295] (fsd_common_msgs) StdoutLine: {'line': b'-- Installing: /home/wu/Desktop/26_wuren_wuchunming/Ros2/ros2_homework_advanced_ws/install/fsd_common_msgs/include/fsd_common_msgs/fsd_common_msgs/msg/detail/echiev_message__rosidl_typesupport_introspection_cpp.hpp\n'}
[11.644350] (fsd_common_msgs) StdoutLine: {'line': b'-- Installing: /home/wu/Desktop/26_wuren_wuchunming/Ros2/ros2_homework_advanced_ws/install/fsd_common_msgs/include/fsd_common_msgs/fsd_common_msgs/msg/detail/asensing_message__rosidl_typesupport_introspection_cpp.hpp\n'}
[11.644406] (fsd_common_msgs) StdoutLine: {'line': b'-- Installing: /home/wu/Desktop/26_wuren_wuchunming/Ros2/ros2_homework_advanced_ws/install/fsd_common_msgs/include/fsd_common_msgs/fsd_common_msgs/msg/detail/res_and_ami__rosidl_typesupport_introspection_cpp.hpp\n'}
[11.644461] (fsd_common_msgs) StdoutLine: {'line': b'-- Installing: /home/wu/Desktop/26_wuren_wuchunming/Ros2/ros2_homework_advanced_ws/install/fsd_common_msgs/include/fsd_common_msgs/fsd_common_msgs/msg/detail/map__rosidl_typesupport_introspection_cpp.hpp\n'}
[11.644515] (fsd_common_msgs) StdoutLine: {'line': b'-- Installing: /home/wu/Desktop/26_wuren_wuchunming/Ros2/ros2_homework_advanced_ws/install/fsd_common_msgs/include/fsd_common_msgs/fsd_common_msgs/msg/detail/car_state_dt__rosidl_typesupport_introspection_cpp.hpp\n'}
[11.644568] (fsd_common_msgs) StdoutLine: {'line': b'-- Installing: /home/wu/Desktop/26_wuren_wuchunming/Ros2/ros2_homework_advanced_ws/install/fsd_common_msgs/include/fsd_common_msgs/fsd_common_msgs/msg/detail/can_frames__type_support.cpp\n'}
[11.644620] (fsd_common_msgs) StdoutLine: {'line': b'-- Installing: /home/wu/Desktop/26_wuren_wuchunming/Ros2/ros2_homework_advanced_ws/install/fsd_common_msgs/include/fsd_common_msgs/fsd_common_msgs/msg/detail/yolo_cone__rosidl_typesupport_introspection_cpp.hpp\n'}
[11.644673] (fsd_common_msgs) StdoutLine: {'line': b'-- Installing: /home/wu/Desktop/26_wuren_wuchunming/Ros2/ros2_homework_advanced_ws/install/fsd_common_msgs/include/fsd_common_msgs/fsd_common_msgs/msg/detail/remote_control_command__rosidl_typesupport_introspection_cpp.hpp\n'}
[11.644722] (fsd_common_msgs) StdoutLine: {'line': b'-- Installing: /home/wu/Desktop/26_wuren_wuchunming/Ros2/ros2_homework_advanced_ws/install/fsd_common_msgs/include/fsd_common_msgs/fsd_common_msgs/msg/detail/cone_dbscan__rosidl_typesupport_introspection_cpp.hpp\n'}
[11.644770] (fsd_common_msgs) StdoutLine: {'line': b'-- Installing: /home/wu/Desktop/26_wuren_wuchunming/Ros2/ros2_homework_advanced_ws/install/fsd_common_msgs/include/fsd_common_msgs/fsd_common_msgs/msg/detail/asensing_message__type_support.cpp\n'}
[11.644835] (fsd_common_msgs) StdoutLine: {'line': b'-- Installing: /home/wu/Desktop/26_wuren_wuchunming/Ros2/ros2_homework_advanced_ws/install/fsd_common_msgs/include/fsd_common_msgs/fsd_common_msgs/msg/detail/yolo_cone_track__rosidl_typesupport_introspection_cpp.hpp\n'}
[11.644890] (fsd_common_msgs) StdoutLine: {'line': b'-- Installing: /home/wu/Desktop/26_wuren_wuchunming/Ros2/ros2_homework_advanced_ws/install/fsd_common_msgs/include/fsd_common_msgs/fsd_common_msgs/msg/detail/car_state_dt__type_support.cpp\n'}
[11.644936] (fsd_common_msgs) StdoutLine: {'line': b'-- Installing: /home/wu/Desktop/26_wuren_wuchunming/Ros2/ros2_homework_advanced_ws/install/fsd_common_msgs/include/fsd_common_msgs/fsd_common_msgs/msg/detail/map__type_support.cpp\n'}
[11.644998] (fsd_common_msgs) StdoutLine: {'line': b'-- Installing: /home/wu/Desktop/26_wuren_wuchunming/Ros2/ros2_homework_advanced_ws/install/fsd_common_msgs/include/fsd_common_msgs/fsd_common_msgs/msg/detail/cone__type_support.cpp\n'}
[11.645048] (fsd_common_msgs) StdoutLine: {'line': b'-- Installing: /home/wu/Desktop/26_wuren_wuchunming/Ros2/ros2_homework_advanced_ws/install/fsd_common_msgs/include/fsd_common_msgs/fsd_common_msgs/msg/detail/trajectory_point__rosidl_typesupport_introspection_cpp.hpp\n'}
[11.645154] (fsd_common_msgs) StdoutLine: {'line': b'-- Installing: /home/wu/Desktop/26_wuren_wuchunming/Ros2/ros2_homework_advanced_ws/install/fsd_common_msgs/include/fsd_common_msgs/fsd_common_msgs/msg/detail/feedback__type_support.cpp\n'}
[11.645215] (fsd_common_msgs) StdoutLine: {'line': b'-- Installing: /home/wu/Desktop/26_wuren_wuchunming/Ros2/ros2_homework_advanced_ws/install/fsd_common_msgs/include/fsd_common_msgs/fsd_common_msgs/msg/detail/yolo_cone_detections__type_support.cpp\n'}
[11.645262] (fsd_common_msgs) StdoutLine: {'line': b'-- Installing: /home/wu/Desktop/26_wuren_wuchunming/Ros2/ros2_homework_advanced_ws/install/fsd_common_msgs/include/fsd_common_msgs/fsd_common_msgs/msg/detail/driving_dynamics__type_support.cpp\n'}
[11.645315] (fsd_common_msgs) StdoutLine: {'line': b'-- Installing: /home/wu/Desktop/26_wuren_wuchunming/Ros2/ros2_homework_advanced_ws/install/fsd_common_msgs/include/fsd_common_msgs/fsd_common_msgs/msg/detail/yolo_cone__type_support.cpp\n'}
[11.645365] (fsd_common_msgs) StdoutLine: {'line': b'-- Installing: /home/wu/Desktop/26_wuren_wuchunming/Ros2/ros2_homework_advanced_ws/install/fsd_common_msgs/include/fsd_common_msgs/fsd_common_msgs/msg/detail/skidpad_global_center_line__rosidl_typesupport_introspection_cpp.hpp\n'}
[11.645415] (fsd_common_msgs) StdoutLine: {'line': b'-- Installing: /home/wu/Desktop/26_wuren_wuchunming/Ros2/ros2_homework_advanced_ws/install/fsd_common_msgs/include/fsd_common_msgs/fsd_common_msgs/msg/detail/driving_dynamics__rosidl_typesupport_introspection_cpp.hpp\n'}
[11.645470] (fsd_common_msgs) StdoutLine: {'line': b'-- Installing: /home/wu/Desktop/26_wuren_wuchunming/Ros2/ros2_homework_advanced_ws/install/fsd_common_msgs/include/fsd_common_msgs/fsd_common_msgs/msg/detail/track__rosidl_typesupport_introspection_cpp.hpp\n'}
[11.645520] (fsd_common_msgs) StdoutLine: {'line': b'-- Installing: /home/wu/Desktop/26_wuren_wuchunming/Ros2/ros2_homework_advanced_ws/install/fsd_common_msgs/include/fsd_common_msgs/fsd_common_msgs/msg/detail/visualization__rosidl_typesupport_introspection_cpp.hpp\n'}
[11.645569] (fsd_common_msgs) StdoutLine: {'line': b'-- Installing: /home/wu/Desktop/26_wuren_wuchunming/Ros2/ros2_homework_advanced_ws/install/fsd_common_msgs/include/fsd_common_msgs/fsd_common_msgs/msg/detail/yolo_cone_detections__rosidl_typesupport_introspection_cpp.hpp\n'}
[11.645619] (fsd_common_msgs) StdoutLine: {'line': b'-- Installing: /home/wu/Desktop/26_wuren_wuchunming/Ros2/ros2_homework_advanced_ws/install/fsd_common_msgs/include/fsd_common_msgs/fsd_common_msgs/msg/detail/decision_flag__type_support.cpp\n'}
[11.645670] (fsd_common_msgs) StdoutLine: {'line': b'-- Installing: /home/wu/Desktop/26_wuren_wuchunming/Ros2/ros2_homework_advanced_ws/install/fsd_common_msgs/include/fsd_common_msgs/fsd_common_msgs/msg/detail/as_state__rosidl_typesupport_introspection_cpp.hpp\n'}
[11.645735] (fsd_common_msgs) StdoutLine: {'line': b'-- Installing: /home/wu/Desktop/26_wuren_wuchunming/Ros2/ros2_homework_advanced_ws/install/fsd_common_msgs/include/fsd_common_msgs/fsd_common_msgs/msg/detail/yolo_cone_detections_track__rosidl_typesupport_introspection_cpp.hpp\n'}
[11.645781] (fsd_common_msgs) StdoutLine: {'line': b'-- Installing: /home/wu/Desktop/26_wuren_wuchunming/Ros2/ros2_homework_advanced_ws/install/fsd_common_msgs/include/fsd_common_msgs/fsd_common_msgs/msg/detail/visualization__type_support.cpp\n'}
[11.645847] (fsd_common_msgs) StdoutLine: {'line': b'-- Installing: /home/wu/Desktop/26_wuren_wuchunming/Ros2/ros2_homework_advanced_ws/install/fsd_common_msgs/include/fsd_common_msgs/fsd_common_msgs/msg/detail/skidpad_global_center_line__type_support.cpp\n'}
[11.645896] (fsd_common_msgs) StdoutLine: {'line': b'-- Installing: /home/wu/Desktop/26_wuren_wuchunming/Ros2/ros2_homework_advanced_ws/install/fsd_common_msgs/include/fsd_common_msgs/fsd_common_msgs/msg/detail/as_state__type_support.cpp\n'}
[11.645951] (fsd_common_msgs) StdoutLine: {'line': b'-- Installing: /home/wu/Desktop/26_wuren_wuchunming/Ros2/ros2_homework_advanced_ws/install/fsd_common_msgs/include/fsd_common_msgs/fsd_common_msgs/msg/detail/ins_delta__rosidl_typesupport_introspection_cpp.hpp\n'}
[11.645994] (fsd_common_msgs) StdoutLine: {'line': b'-- Installing: /home/wu/Desktop/26_wuren_wuchunming/Ros2/ros2_homework_advanced_ws/install/fsd_common_msgs/include/fsd_common_msgs/fsd_common_msgs/msg/detail/time__rosidl_typesupport_introspection_cpp.hpp\n'}
[11.646123] (fsd_common_msgs) StdoutLine: {'line': b'-- Installing: /home/wu/Desktop/26_wuren_wuchunming/Ros2/ros2_homework_advanced_ws/install/fsd_common_msgs/lib/libfsd_common_msgs__rosidl_typesupport_introspection_cpp.so\n'}
[11.646716] (fsd_common_msgs) StdoutLine: {'line': b'-- Set runtime path of "/home/wu/Desktop/26_wuren_wuchunming/Ros2/ros2_homework_advanced_ws/install/fsd_common_msgs/lib/libfsd_common_msgs__rosidl_typesupport_introspection_cpp.so" to ""\n'}
[11.646831] (fsd_common_msgs) StdoutLine: {'line': b'-- Installing: /home/wu/Desktop/26_wuren_wuchunming/Ros2/ros2_homework_advanced_ws/install/fsd_common_msgs/lib/libfsd_common_msgs__rosidl_typesupport_cpp.so\n'}
[11.646993] (fsd_common_msgs) StdoutLine: {'line': b'-- Set runtime path of "/home/wu/Desktop/26_wuren_wuchunming/Ros2/ros2_homework_advanced_ws/install/fsd_common_msgs/lib/libfsd_common_msgs__rosidl_typesupport_cpp.so" to ""\n'}
[11.647037] (fsd_common_msgs) StdoutLine: {'line': b'-- Installing: /home/wu/Desktop/26_wuren_wuchunming/Ros2/ros2_homework_advanced_ws/install/fsd_common_msgs/share/fsd_common_msgs/environment/pythonpath.sh\n'}
[11.647121] (fsd_common_msgs) StdoutLine: {'line': b'-- Installing: /home/wu/Desktop/26_wuren_wuchunming/Ros2/ros2_homework_advanced_ws/install/fsd_common_msgs/share/fsd_common_msgs/environment/pythonpath.dsv\n'}
[11.647211] (fsd_common_msgs) StdoutLine: {'line': b'-- Installing: /home/wu/Desktop/26_wuren_wuchunming/Ros2/ros2_homework_advanced_ws/install/fsd_common_msgs/local/lib/python3.10/dist-packages/fsd_common_msgs-0.0.0-py3.10.egg-info\n'}
[11.647297] (fsd_common_msgs) StdoutLine: {'line': b'-- Installing: /home/wu/Desktop/26_wuren_wuchunming/Ros2/ros2_homework_advanced_ws/install/fsd_common_msgs/local/lib/python3.10/dist-packages/fsd_common_msgs-0.0.0-py3.10.egg-info/top_level.txt\n'}
[11.647339] (fsd_common_msgs) StdoutLine: {'line': b'-- Installing: /home/wu/Desktop/26_wuren_wuchunming/Ros2/ros2_homework_advanced_ws/install/fsd_common_msgs/local/lib/python3.10/dist-packages/fsd_common_msgs-0.0.0-py3.10.egg-info/PKG-INFO\n'}
[11.647383] (fsd_common_msgs) StdoutLine: {'line': b'-- Installing: /home/wu/Desktop/26_wuren_wuchunming/Ros2/ros2_homework_advanced_ws/install/fsd_common_msgs/local/lib/python3.10/dist-packages/fsd_common_msgs-0.0.0-py3.10.egg-info/dependency_links.txt\n'}
[11.647426] (fsd_common_msgs) StdoutLine: {'line': b'-- Installing: /home/wu/Desktop/26_wuren_wuchunming/Ros2/ros2_homework_advanced_ws/install/fsd_common_msgs/local/lib/python3.10/dist-packages/fsd_common_msgs-0.0.0-py3.10.egg-info/SOURCES.txt\n'}
[11.647508] (fsd_common_msgs) StdoutLine: {'line': b'-- Installing: /home/wu/Desktop/26_wuren_wuchunming/Ros2/ros2_homework_advanced_ws/install/fsd_common_msgs/local/lib/python3.10/dist-packages/fsd_common_msgs\n'}
[11.647546] (fsd_common_msgs) StdoutLine: {'line': b'-- Installing: /home/wu/Desktop/26_wuren_wuchunming/Ros2/ros2_homework_advanced_ws/install/fsd_common_msgs/local/lib/python3.10/dist-packages/fsd_common_msgs/fsd_common_msgs_s__rosidl_typesupport_introspection_c.cpython-310-x86_64-linux-gnu.so\n'}
[11.647627] (fsd_common_msgs) StdoutLine: {'line': b'-- Installing: /home/wu/Desktop/26_wuren_wuchunming/Ros2/ros2_homework_advanced_ws/install/fsd_common_msgs/local/lib/python3.10/dist-packages/fsd_common_msgs/msg\n'}
[11.647681] (fsd_common_msgs) StdoutLine: {'line': b'-- Installing: /home/wu/Desktop/26_wuren_wuchunming/Ros2/ros2_homework_advanced_ws/install/fsd_common_msgs/local/lib/python3.10/dist-packages/fsd_common_msgs/msg/_can_frames.py\n'}
[11.647725] (fsd_common_msgs) StdoutLine: {'line': b'-- Installing: /home/wu/Desktop/26_wuren_wuchunming/Ros2/ros2_homework_advanced_ws/install/fsd_common_msgs/local/lib/python3.10/dist-packages/fsd_common_msgs/msg/_feedback.py\n'}
[11.647781] (fsd_common_msgs) StdoutLine: {'line': b'-- Installing: /home/wu/Desktop/26_wuren_wuchunming/Ros2/ros2_homework_advanced_ws/install/fsd_common_msgs/local/lib/python3.10/dist-packages/fsd_common_msgs/msg/_yolo_cone_detections_track_s.c\n'}
[11.647826] (fsd_common_msgs) StdoutLine: {'line': b'-- Installing: /home/wu/Desktop/26_wuren_wuchunming/Ros2/ros2_homework_advanced_ws/install/fsd_common_msgs/local/lib/python3.10/dist-packages/fsd_common_msgs/msg/_map.py\n'}
[11.647875] (fsd_common_msgs) StdoutLine: {'line': b'-- Installing: /home/wu/Desktop/26_wuren_wuchunming/Ros2/ros2_homework_advanced_ws/install/fsd_common_msgs/local/lib/python3.10/dist-packages/fsd_common_msgs/msg/__init__.py\n'}
[11.647918] (fsd_common_msgs) StdoutLine: {'line': b'-- Installing: /home/wu/Desktop/26_wuren_wuchunming/Ros2/ros2_homework_advanced_ws/install/fsd_common_msgs/local/lib/python3.10/dist-packages/fsd_common_msgs/msg/_driving_dynamics.py\n'}
[11.647971] (fsd_common_msgs) StdoutLine: {'line': b'-- Installing: /home/wu/Desktop/26_wuren_wuchunming/Ros2/ros2_homework_advanced_ws/install/fsd_common_msgs/local/lib/python3.10/dist-packages/fsd_common_msgs/msg/_car_state_dt.py\n'}
[11.648017] (fsd_common_msgs) StdoutLine: {'line': b'-- Installing: /home/wu/Desktop/26_wuren_wuchunming/Ros2/ros2_homework_advanced_ws/install/fsd_common_msgs/local/lib/python3.10/dist-packages/fsd_common_msgs/msg/_ins_delta.py\n'}
[11.648063] (fsd_common_msgs) StdoutLine: {'line': b'-- Installing: /home/wu/Desktop/26_wuren_wuchunming/Ros2/ros2_homework_advanced_ws/install/fsd_common_msgs/local/lib/python3.10/dist-packages/fsd_common_msgs/msg/_skidpad_global_center_line_s.c\n'}
[11.648109] (fsd_common_msgs) StdoutLine: {'line': b'-- Installing: /home/wu/Desktop/26_wuren_wuchunming/Ros2/ros2_homework_advanced_ws/install/fsd_common_msgs/local/lib/python3.10/dist-packages/fsd_common_msgs/msg/_yolo_cone_s.c\n'}
[11.648157] (fsd_common_msgs) StdoutLine: {'line': b'-- Installing: /home/wu/Desktop/26_wuren_wuchunming/Ros2/ros2_homework_advanced_ws/install/fsd_common_msgs/local/lib/python3.10/dist-packages/fsd_common_msgs/msg/_yolo_cone_detections.py\n'}
[11.648206] (fsd_common_msgs) StdoutLine: {'line': b'-- Installing: /home/wu/Desktop/26_wuren_wuchunming/Ros2/ros2_homework_advanced_ws/install/fsd_common_msgs/local/lib/python3.10/dist-packages/fsd_common_msgs/msg/_yolo_cone.py\n'}
[11.648258] (fsd_common_msgs) StdoutLine: {'line': b'-- Installing: /home/wu/Desktop/26_wuren_wuchunming/Ros2/ros2_homework_advanced_ws/install/fsd_common_msgs/local/lib/python3.10/dist-packages/fsd_common_msgs/msg/_time_s.c\n'}
[11.648308] (fsd_common_msgs) StdoutLine: {'line': b'-- Installing: /home/wu/Desktop/26_wuren_wuchunming/Ros2/ros2_homework_advanced_ws/install/fsd_common_msgs/local/lib/python3.10/dist-packages/fsd_common_msgs/msg/_track_s.c\n'}
[11.648362] (fsd_common_msgs) StdoutLine: {'line': b'-- Installing: /home/wu/Desktop/26_wuren_wuchunming/Ros2/ros2_homework_advanced_ws/install/fsd_common_msgs/local/lib/python3.10/dist-packages/fsd_common_msgs/msg/_cone.py\n'}
[11.648410] (fsd_common_msgs) StdoutLine: {'line': b'-- Installing: /home/wu/Desktop/26_wuren_wuchunming/Ros2/ros2_homework_advanced_ws/install/fsd_common_msgs/local/lib/python3.10/dist-packages/fsd_common_msgs/msg/_visualization_s.c\n'}
[11.648474] (fsd_common_msgs) StdoutLine: {'line': b'-- Installing: /home/wu/Desktop/26_wuren_wuchunming/Ros2/ros2_homework_advanced_ws/install/fsd_common_msgs/local/lib/python3.10/dist-packages/fsd_common_msgs/msg/_cone_detections_dbscan_s.c\n'}
[11.648518] (fsd_common_msgs) StdoutLine: {'line': b'-- Installing: /home/wu/Desktop/26_wuren_wuchunming/Ros2/ros2_homework_advanced_ws/install/fsd_common_msgs/local/lib/python3.10/dist-packages/fsd_common_msgs/msg/_track.py\n'}
[11.648565] (fsd_common_msgs) StdoutLine: {'line': b'-- Installing: /home/wu/Desktop/26_wuren_wuchunming/Ros2/ros2_homework_advanced_ws/install/fsd_common_msgs/local/lib/python3.10/dist-packages/fsd_common_msgs/msg/_can_frames_s.c\n'}
[11.648609] (fsd_common_msgs) StdoutLine: {'line': b'-- Installing: /home/wu/Desktop/26_wuren_wuchunming/Ros2/ros2_homework_advanced_ws/install/fsd_common_msgs/local/lib/python3.10/dist-packages/fsd_common_msgs/msg/_res_and_ami.py\n'}
[11.648654] (fsd_common_msgs) StdoutLine: {'line': b'-- Installing: /home/wu/Desktop/26_wuren_wuchunming/Ros2/ros2_homework_advanced_ws/install/fsd_common_msgs/local/lib/python3.10/dist-packages/fsd_common_msgs/msg/_as_state_s.c\n'}
[11.648699] (fsd_common_msgs) StdoutLine: {'line': b'-- Installing: /home/wu/Desktop/26_wuren_wuchunming/Ros2/ros2_homework_advanced_ws/install/fsd_common_msgs/local/lib/python3.10/dist-packages/fsd_common_msgs/msg/_mission_s.c\n'}
[11.648743] (fsd_common_msgs) StdoutLine: {'line': b'-- Installing: /home/wu/Desktop/26_wuren_wuchunming/Ros2/ros2_homework_advanced_ws/install/fsd_common_msgs/local/lib/python3.10/dist-packages/fsd_common_msgs/msg/_cone_dbscan_s.c\n'}
[11.648789] (fsd_common_msgs) StdoutLine: {'line': b'-- Installing: /home/wu/Desktop/26_wuren_wuchunming/Ros2/ros2_homework_advanced_ws/install/fsd_common_msgs/local/lib/python3.10/dist-packages/fsd_common_msgs/msg/_feedback_s.c\n'}
[11.648838] (fsd_common_msgs) StdoutLine: {'line': b'-- Installing: /home/wu/Desktop/26_wuren_wuchunming/Ros2/ros2_homework_advanced_ws/install/fsd_common_msgs/local/lib/python3.10/dist-packages/fsd_common_msgs/msg/_driving_dynamics_s.c\n'}
[11.648883] (fsd_common_msgs) StdoutLine: {'line': b'-- Installing: /home/wu/Desktop/26_wuren_wuchunming/Ros2/ros2_homework_advanced_ws/install/fsd_common_msgs/local/lib/python3.10/dist-packages/fsd_common_msgs/msg/_asensing_message_s.c\n'}
[11.648937] (fsd_common_msgs) StdoutLine: {'line': b'-- Installing: /home/wu/Desktop/26_wuren_wuchunming/Ros2/ros2_homework_advanced_ws/install/fsd_common_msgs/local/lib/python3.10/dist-packages/fsd_common_msgs/msg/_yolo_cone_detections_track.py\n'}
[11.648990] (fsd_common_msgs) StdoutLine: {'line': b'-- Installing: /home/wu/Desktop/26_wuren_wuchunming/Ros2/ros2_homework_advanced_ws/install/fsd_common_msgs/local/lib/python3.10/dist-packages/fsd_common_msgs/msg/_asensing_message.py\n'}
[11.649062] (fsd_common_msgs) StdoutLine: {'line': b'-- Installing: /home/wu/Desktop/26_wuren_wuchunming/Ros2/ros2_homework_advanced_ws/install/fsd_common_msgs/local/lib/python3.10/dist-packages/fsd_common_msgs/msg/_cone_dbscan.py\n'}
[11.649106] (fsd_common_msgs) StdoutLine: {'line': b'-- Installing: /home/wu/Desktop/26_wuren_wuchunming/Ros2/ros2_homework_advanced_ws/install/fsd_common_msgs/local/lib/python3.10/dist-packages/fsd_common_msgs/msg/_cone_detections_s.c\n'}
[11.649164] (fsd_common_msgs) StdoutLine: {'line': b'-- Installing: /home/wu/Desktop/26_wuren_wuchunming/Ros2/ros2_homework_advanced_ws/install/fsd_common_msgs/local/lib/python3.10/dist-packages/fsd_common_msgs/msg/_skidpad_global_center_line.py\n'}
[11.649215] (fsd_common_msgs) StdoutLine: {'line': b'-- Installing: /home/wu/Desktop/26_wuren_wuchunming/Ros2/ros2_homework_advanced_ws/install/fsd_common_msgs/local/lib/python3.10/dist-packages/fsd_common_msgs/msg/_decision_flag_s.c\n'}
[11.649261] (fsd_common_msgs) StdoutLine: {'line': b'-- Installing: /home/wu/Desktop/26_wuren_wuchunming/Ros2/ros2_homework_advanced_ws/install/fsd_common_msgs/local/lib/python3.10/dist-packages/fsd_common_msgs/msg/_mission.py\n'}
[11.649310] (fsd_common_msgs) StdoutLine: {'line': b'-- Installing: /home/wu/Desktop/26_wuren_wuchunming/Ros2/ros2_homework_advanced_ws/install/fsd_common_msgs/local/lib/python3.10/dist-packages/fsd_common_msgs/msg/_cone_detections_dbscan.py\n'}
[11.649364] (fsd_common_msgs) StdoutLine: {'line': b'-- Installing: /home/wu/Desktop/26_wuren_wuchunming/Ros2/ros2_homework_advanced_ws/install/fsd_common_msgs/local/lib/python3.10/dist-packages/fsd_common_msgs/msg/_visualization.py\n'}
[11.649437] (fsd_common_msgs) StdoutLine: {'line': b'-- Installing: /home/wu/Desktop/26_wuren_wuchunming/Ros2/ros2_homework_advanced_ws/install/fsd_common_msgs/local/lib/python3.10/dist-packages/fsd_common_msgs/msg/_as_state.py\n'}
[11.649485] (fsd_common_msgs) StdoutLine: {'line': b'-- Installing: /home/wu/Desktop/26_wuren_wuchunming/Ros2/ros2_homework_advanced_ws/install/fsd_common_msgs/local/lib/python3.10/dist-packages/fsd_common_msgs/msg/_car_state_dt_s.c\n'}
[11.649531] (fsd_common_msgs) StdoutLine: {'line': b'-- Installing: /home/wu/Desktop/26_wuren_wuchunming/Ros2/ros2_homework_advanced_ws/install/fsd_common_msgs/local/lib/python3.10/dist-packages/fsd_common_msgs/msg/_ins_delta_s.c\n'}
[11.649574] (fsd_common_msgs) StdoutLine: {'line': b'-- Installing: /home/wu/Desktop/26_wuren_wuchunming/Ros2/ros2_homework_advanced_ws/install/fsd_common_msgs/local/lib/python3.10/dist-packages/fsd_common_msgs/msg/_trajectory_point.py\n'}
[11.649620] (fsd_common_msgs) StdoutLine: {'line': b'-- Installing: /home/wu/Desktop/26_wuren_wuchunming/Ros2/ros2_homework_advanced_ws/install/fsd_common_msgs/local/lib/python3.10/dist-packages/fsd_common_msgs/msg/_car_state.py\n'}
[11.649667] (fsd_common_msgs) StdoutLine: {'line': b'-- Installing: /home/wu/Desktop/26_wuren_wuchunming/Ros2/ros2_homework_advanced_ws/install/fsd_common_msgs/local/lib/python3.10/dist-packages/fsd_common_msgs/msg/_remote_control_command.py\n'}
[11.649715] (fsd_common_msgs) StdoutLine: {'line': b'-- Installing: /home/wu/Desktop/26_wuren_wuchunming/Ros2/ros2_homework_advanced_ws/install/fsd_common_msgs/local/lib/python3.10/dist-packages/fsd_common_msgs/msg/_yolo_cone_detections_s.c\n'}
[11.649768] (fsd_common_msgs) StdoutLine: {'line': b'-- Installing: /home/wu/Desktop/26_wuren_wuchunming/Ros2/ros2_homework_advanced_ws/install/fsd_common_msgs/local/lib/python3.10/dist-packages/fsd_common_msgs/msg/_cone_detections.py\n'}
[11.649815] (fsd_common_msgs) StdoutLine: {'line': b'-- Installing: /home/wu/Desktop/26_wuren_wuchunming/Ros2/ros2_homework_advanced_ws/install/fsd_common_msgs/local/lib/python3.10/dist-packages/fsd_common_msgs/msg/_decision_flag.py\n'}
[11.649866] (fsd_common_msgs) StdoutLine: {'line': b'-- Installing: /home/wu/Desktop/26_wuren_wuchunming/Ros2/ros2_homework_advanced_ws/install/fsd_common_msgs/local/lib/python3.10/dist-packages/fsd_common_msgs/msg/_res_and_ami_s.c\n'}
[11.649910] (fsd_common_msgs) StdoutLine: {'line': b'-- Installing: /home/wu/Desktop/26_wuren_wuchunming/Ros2/ros2_homework_advanced_ws/install/fsd_common_msgs/local/lib/python3.10/dist-packages/fsd_common_msgs/msg/_time.py\n'}
[11.649959] (fsd_common_msgs) StdoutLine: {'line': b'-- Installing: /home/wu/Desktop/26_wuren_wuchunming/Ros2/ros2_homework_advanced_ws/install/fsd_common_msgs/local/lib/python3.10/dist-packages/fsd_common_msgs/msg/_echiev_message.py\n'}
[11.650012] (fsd_common_msgs) StdoutLine: {'line': b'-- Installing: /home/wu/Desktop/26_wuren_wuchunming/Ros2/ros2_homework_advanced_ws/install/fsd_common_msgs/local/lib/python3.10/dist-packages/fsd_common_msgs/msg/_yolo_cone_track.py\n'}
[11.650066] (fsd_common_msgs) StdoutLine: {'line': b'-- Installing: /home/wu/Desktop/26_wuren_wuchunming/Ros2/ros2_homework_advanced_ws/install/fsd_common_msgs/local/lib/python3.10/dist-packages/fsd_common_msgs/msg/_control_command.py\n'}
[11.650142] (fsd_common_msgs) StdoutLine: {'line': b'-- Installing: /home/wu/Desktop/26_wuren_wuchunming/Ros2/ros2_homework_advanced_ws/install/fsd_common_msgs/local/lib/python3.10/dist-packages/fsd_common_msgs/msg/_echiev_message_s.c\n'}
[11.650200] (fsd_common_msgs) StdoutLine: {'line': b'-- Installing: /home/wu/Desktop/26_wuren_wuchunming/Ros2/ros2_homework_advanced_ws/install/fsd_common_msgs/local/lib/python3.10/dist-packages/fsd_common_msgs/msg/_car_state_s.c\n'}
[11.650253] (fsd_common_msgs) StdoutLine: {'line': b'-- Installing: /home/wu/Desktop/26_wuren_wuchunming/Ros2/ros2_homework_advanced_ws/install/fsd_common_msgs/local/lib/python3.10/dist-packages/fsd_common_msgs/msg/_remote_control_command_s.c\n'}
[11.650309] (fsd_common_msgs) StdoutLine: {'line': b'-- Installing: /home/wu/Desktop/26_wuren_wuchunming/Ros2/ros2_homework_advanced_ws/install/fsd_common_msgs/local/lib/python3.10/dist-packages/fsd_common_msgs/msg/_trajectory_point_s.c\n'}
[11.650359] (fsd_common_msgs) StdoutLine: {'line': b'-- Installing: /home/wu/Desktop/26_wuren_wuchunming/Ros2/ros2_homework_advanced_ws/install/fsd_common_msgs/local/lib/python3.10/dist-packages/fsd_common_msgs/msg/_control_command_s.c\n'}
[11.650409] (fsd_common_msgs) StdoutLine: {'line': b'-- Installing: /home/wu/Desktop/26_wuren_wuchunming/Ros2/ros2_homework_advanced_ws/install/fsd_common_msgs/local/lib/python3.10/dist-packages/fsd_common_msgs/msg/_map_s.c\n'}
[11.650459] (fsd_common_msgs) StdoutLine: {'line': b'-- Installing: /home/wu/Desktop/26_wuren_wuchunming/Ros2/ros2_homework_advanced_ws/install/fsd_common_msgs/local/lib/python3.10/dist-packages/fsd_common_msgs/msg/_cone_s.c\n'}
[11.650505] (fsd_common_msgs) StdoutLine: {'line': b'-- Installing: /home/wu/Desktop/26_wuren_wuchunming/Ros2/ros2_homework_advanced_ws/install/fsd_common_msgs/local/lib/python3.10/dist-packages/fsd_common_msgs/msg/_yolo_cone_track_s.c\n'}
[11.650560] (fsd_common_msgs) StdoutLine: {'line': b'-- Installing: /home/wu/Desktop/26_wuren_wuchunming/Ros2/ros2_homework_advanced_ws/install/fsd_common_msgs/local/lib/python3.10/dist-packages/fsd_common_msgs/__init__.py\n'}
[11.650600] (fsd_common_msgs) StdoutLine: {'line': b'-- Installing: /home/wu/Desktop/26_wuren_wuchunming/Ros2/ros2_homework_advanced_ws/install/fsd_common_msgs/local/lib/python3.10/dist-packages/fsd_common_msgs/libfsd_common_msgs__rosidl_generator_py.so\n'}
[11.650758] (fsd_common_msgs) StdoutLine: {'line': b'-- Installing: /home/wu/Desktop/26_wuren_wuchunming/Ros2/ros2_homework_advanced_ws/install/fsd_common_msgs/local/lib/python3.10/dist-packages/fsd_common_msgs/_fsd_common_msgs_s.ep.rosidl_typesupport_introspection_c.c\n'}
[11.650861] (fsd_common_msgs) StdoutLine: {'line': b'-- Installing: /home/wu/Desktop/26_wuren_wuchunming/Ros2/ros2_homework_advanced_ws/install/fsd_common_msgs/local/lib/python3.10/dist-packages/fsd_common_msgs/_fsd_common_msgs_s.ep.rosidl_typesupport_c.c\n'}
[11.650976] (fsd_common_msgs) StdoutLine: {'line': b'-- Installing: /home/wu/Desktop/26_wuren_wuchunming/Ros2/ros2_homework_advanced_ws/install/fsd_common_msgs/local/lib/python3.10/dist-packages/fsd_common_msgs/fsd_common_msgs_s__rosidl_typesupport_c.cpython-310-x86_64-linux-gnu.so\n'}
[11.651059] (fsd_common_msgs) StdoutLine: {'line': b'-- Installing: /home/wu/Desktop/26_wuren_wuchunming/Ros2/ros2_homework_advanced_ws/install/fsd_common_msgs/local/lib/python3.10/dist-packages/fsd_common_msgs/fsd_common_msgs_s__rosidl_typesupport_fastrtps_c.cpython-310-x86_64-linux-gnu.so\n'}
[11.651154] (fsd_common_msgs) StdoutLine: {'line': b'-- Installing: /home/wu/Desktop/26_wuren_wuchunming/Ros2/ros2_homework_advanced_ws/install/fsd_common_msgs/local/lib/python3.10/dist-packages/fsd_common_msgs/_fsd_common_msgs_s.ep.rosidl_typesupport_fastrtps_c.c\n'}
[11.712345] (fsd_common_msgs) StdoutLine: {'line': b"Listing '/home/wu/Desktop/26_wuren_wuchunming/Ros2/ros2_homework_advanced_ws/install/fsd_common_msgs/local/lib/python3.10/dist-packages/fsd_common_msgs'...\n"}
[11.712462] (fsd_common_msgs) StdoutLine: {'line': b"Compiling '/home/wu/Desktop/26_wuren_wuchunming/Ros2/ros2_homework_advanced_ws/install/fsd_common_msgs/local/lib/python3.10/dist-packages/fsd_common_msgs/__init__.py'...\n"}
[11.712505] (fsd_common_msgs) StdoutLine: {'line': b"Listing '/home/wu/Desktop/26_wuren_wuchunming/Ros2/ros2_homework_advanced_ws/install/fsd_common_msgs/local/lib/python3.10/dist-packages/fsd_common_msgs/msg'...\n"}
[11.712541] (fsd_common_msgs) StdoutLine: {'line': b"Compiling '/home/wu/Desktop/26_wuren_wuchunming/Ros2/ros2_homework_advanced_ws/install/fsd_common_msgs/local/lib/python3.10/dist-packages/fsd_common_msgs/msg/__init__.py'...\n"}
[11.712575] (fsd_common_msgs) StdoutLine: {'line': b"Compiling '/home/wu/Desktop/26_wuren_wuchunming/Ros2/ros2_homework_advanced_ws/install/fsd_common_msgs/local/lib/python3.10/dist-packages/fsd_common_msgs/msg/_as_state.py'...\n"}
[11.712607] (fsd_common_msgs) StdoutLine: {'line': b"Compiling '/home/wu/Desktop/26_wuren_wuchunming/Ros2/ros2_homework_advanced_ws/install/fsd_common_msgs/local/lib/python3.10/dist-packages/fsd_common_msgs/msg/_asensing_message.py'...\n"}
[11.712639] (fsd_common_msgs) StdoutLine: {'line': b"Compiling '/home/wu/Desktop/26_wuren_wuchunming/Ros2/ros2_homework_advanced_ws/install/fsd_common_msgs/local/lib/python3.10/dist-packages/fsd_common_msgs/msg/_can_frames.py'...\n"}
[11.712670] (fsd_common_msgs) StdoutLine: {'line': b"Compiling '/home/wu/Desktop/26_wuren_wuchunming/Ros2/ros2_homework_advanced_ws/install/fsd_common_msgs/local/lib/python3.10/dist-packages/fsd_common_msgs/msg/_car_state.py'...\n"}
[11.712701] (fsd_common_msgs) StdoutLine: {'line': b"Compiling '/home/wu/Desktop/26_wuren_wuchunming/Ros2/ros2_homework_advanced_ws/install/fsd_common_msgs/local/lib/python3.10/dist-packages/fsd_common_msgs/msg/_car_state_dt.py'...\n"}
[11.712730] (fsd_common_msgs) StdoutLine: {'line': b"Compiling '/home/wu/Desktop/26_wuren_wuchunming/Ros2/ros2_homework_advanced_ws/install/fsd_common_msgs/local/lib/python3.10/dist-packages/fsd_common_msgs/msg/_cone.py'...\n"}
[11.712760] (fsd_common_msgs) StdoutLine: {'line': b"Compiling '/home/wu/Desktop/26_wuren_wuchunming/Ros2/ros2_homework_advanced_ws/install/fsd_common_msgs/local/lib/python3.10/dist-packages/fsd_common_msgs/msg/_cone_dbscan.py'...\n"}
[11.712795] (fsd_common_msgs) StdoutLine: {'line': b"Compiling '/home/wu/Desktop/26_wuren_wuchunming/Ros2/ros2_homework_advanced_ws/install/fsd_common_msgs/local/lib/python3.10/dist-packages/fsd_common_msgs/msg/_cone_detections.py'...\n"}
[11.712824] (fsd_common_msgs) StdoutLine: {'line': b"Compiling '/home/wu/Desktop/26_wuren_wuchunming/Ros2/ros2_homework_advanced_ws/install/fsd_common_msgs/local/lib/python3.10/dist-packages/fsd_common_msgs/msg/_cone_detections_dbscan.py'...\n"}
[11.712853] (fsd_common_msgs) StdoutLine: {'line': b"Compiling '/home/wu/Desktop/26_wuren_wuchunming/Ros2/ros2_homework_advanced_ws/install/fsd_common_msgs/local/lib/python3.10/dist-packages/fsd_common_msgs/msg/_control_command.py'...\n"}
[11.712881] (fsd_common_msgs) StdoutLine: {'line': b"Compiling '/home/wu/Desktop/26_wuren_wuchunming/Ros2/ros2_homework_advanced_ws/install/fsd_common_msgs/local/lib/python3.10/dist-packages/fsd_common_msgs/msg/_decision_flag.py'...\n"}
[11.712910] (fsd_common_msgs) StdoutLine: {'line': b"Compiling '/home/wu/Desktop/26_wuren_wuchunming/Ros2/ros2_homework_advanced_ws/install/fsd_common_msgs/local/lib/python3.10/dist-packages/fsd_common_msgs/msg/_driving_dynamics.py'...\n"}
[11.712939] (fsd_common_msgs) StdoutLine: {'line': b"Compiling '/home/wu/Desktop/26_wuren_wuchunming/Ros2/ros2_homework_advanced_ws/install/fsd_common_msgs/local/lib/python3.10/dist-packages/fsd_common_msgs/msg/_echiev_message.py'...\n"}
[11.712968] (fsd_common_msgs) StdoutLine: {'line': b"Compiling '/home/wu/Desktop/26_wuren_wuchunming/Ros2/ros2_homework_advanced_ws/install/fsd_common_msgs/local/lib/python3.10/dist-packages/fsd_common_msgs/msg/_feedback.py'...\n"}
[11.712996] (fsd_common_msgs) StdoutLine: {'line': b"Compiling '/home/wu/Desktop/26_wuren_wuchunming/Ros2/ros2_homework_advanced_ws/install/fsd_common_msgs/local/lib/python3.10/dist-packages/fsd_common_msgs/msg/_ins_delta.py'...\n"}
[11.713024] (fsd_common_msgs) StdoutLine: {'line': b"Compiling '/home/wu/Desktop/26_wuren_wuchunming/Ros2/ros2_homework_advanced_ws/install/fsd_common_msgs/local/lib/python3.10/dist-packages/fsd_common_msgs/msg/_map.py'...\n"}
[11.713052] (fsd_common_msgs) StdoutLine: {'line': b"Compiling '/home/wu/Desktop/26_wuren_wuchunming/Ros2/ros2_homework_advanced_ws/install/fsd_common_msgs/local/lib/python3.10/dist-packages/fsd_common_msgs/msg/_mission.py'...\n"}
[11.713086] (fsd_common_msgs) StdoutLine: {'line': b"Compiling '/home/wu/Desktop/26_wuren_wuchunming/Ros2/ros2_homework_advanced_ws/install/fsd_common_msgs/local/lib/python3.10/dist-packages/fsd_common_msgs/msg/_remote_control_command.py'...\n"}
[11.713115] (fsd_common_msgs) StdoutLine: {'line': b"Compiling '/home/wu/Desktop/26_wuren_wuchunming/Ros2/ros2_homework_advanced_ws/install/fsd_common_msgs/local/lib/python3.10/dist-packages/fsd_common_msgs/msg/_res_and_ami.py'...\n"}
[11.713152] (fsd_common_msgs) StdoutLine: {'line': b"Compiling '/home/wu/Desktop/26_wuren_wuchunming/Ros2/ros2_homework_advanced_ws/install/fsd_common_msgs/local/lib/python3.10/dist-packages/fsd_common_msgs/msg/_skidpad_global_center_line.py'...\n"}
[11.713203] (fsd_common_msgs) StdoutLine: {'line': b"Compiling '/home/wu/Desktop/26_wuren_wuchunming/Ros2/ros2_homework_advanced_ws/install/fsd_common_msgs/local/lib/python3.10/dist-packages/fsd_common_msgs/msg/_time.py'...\n"}
[11.713238] (fsd_common_msgs) StdoutLine: {'line': b"Compiling '/home/wu/Desktop/26_wuren_wuchunming/Ros2/ros2_homework_advanced_ws/install/fsd_common_msgs/local/lib/python3.10/dist-packages/fsd_common_msgs/msg/_track.py'...\n"}
[11.713269] (fsd_common_msgs) StdoutLine: {'line': b"Compiling '/home/wu/Desktop/26_wuren_wuchunming/Ros2/ros2_homework_advanced_ws/install/fsd_common_msgs/local/lib/python3.10/dist-packages/fsd_common_msgs/msg/_trajectory_point.py'...\n"}
[11.713300] (fsd_common_msgs) StdoutLine: {'line': b"Compiling '/home/wu/Desktop/26_wuren_wuchunming/Ros2/ros2_homework_advanced_ws/install/fsd_common_msgs/local/lib/python3.10/dist-packages/fsd_common_msgs/msg/_visualization.py'...\n"}
[11.713330] (fsd_common_msgs) StdoutLine: {'line': b"Compiling '/home/wu/Desktop/26_wuren_wuchunming/Ros2/ros2_homework_advanced_ws/install/fsd_common_msgs/local/lib/python3.10/dist-packages/fsd_common_msgs/msg/_yolo_cone.py'...\n"}
[11.713361] (fsd_common_msgs) StdoutLine: {'line': b"Compiling '/home/wu/Desktop/26_wuren_wuchunming/Ros2/ros2_homework_advanced_ws/install/fsd_common_msgs/local/lib/python3.10/dist-packages/fsd_common_msgs/msg/_yolo_cone_detections.py'...\n"}
[11.713392] (fsd_common_msgs) StdoutLine: {'line': b"Compiling '/home/wu/Desktop/26_wuren_wuchunming/Ros2/ros2_homework_advanced_ws/install/fsd_common_msgs/local/lib/python3.10/dist-packages/fsd_common_msgs/msg/_yolo_cone_detections_track.py'...\n"}
[11.713420] (fsd_common_msgs) StdoutLine: {'line': b"Compiling '/home/wu/Desktop/26_wuren_wuchunming/Ros2/ros2_homework_advanced_ws/install/fsd_common_msgs/local/lib/python3.10/dist-packages/fsd_common_msgs/msg/_yolo_cone_track.py'...\n"}
[11.715470] (fsd_common_msgs) StdoutLine: {'line': b'-- Installing: /home/wu/Desktop/26_wuren_wuchunming/Ros2/ros2_homework_advanced_ws/install/fsd_common_msgs/local/lib/python3.10/dist-packages/fsd_common_msgs/fsd_common_msgs_s__rosidl_typesupport_fastrtps_c.cpython-310-x86_64-linux-gnu.so\n'}
[11.715679] (fsd_common_msgs) StdoutLine: {'line': b'-- Set runtime path of "/home/wu/Desktop/26_wuren_wuchunming/Ros2/ros2_homework_advanced_ws/install/fsd_common_msgs/local/lib/python3.10/dist-packages/fsd_common_msgs/fsd_common_msgs_s__rosidl_typesupport_fastrtps_c.cpython-310-x86_64-linux-gnu.so" to ""\n'}
[11.715797] (fsd_common_msgs) StdoutLine: {'line': b'-- Installing: /home/wu/Desktop/26_wuren_wuchunming/Ros2/ros2_homework_advanced_ws/install/fsd_common_msgs/local/lib/python3.10/dist-packages/fsd_common_msgs/fsd_common_msgs_s__rosidl_typesupport_introspection_c.cpython-310-x86_64-linux-gnu.so\n'}
[11.716017] (fsd_common_msgs) StdoutLine: {'line': b'-- Set runtime path of "/home/wu/Desktop/26_wuren_wuchunming/Ros2/ros2_homework_advanced_ws/install/fsd_common_msgs/local/lib/python3.10/dist-packages/fsd_common_msgs/fsd_common_msgs_s__rosidl_typesupport_introspection_c.cpython-310-x86_64-linux-gnu.so" to ""\n'}
[11.716177] (fsd_common_msgs) StdoutLine: {'line': b'-- Installing: /home/wu/Desktop/26_wuren_wuchunming/Ros2/ros2_homework_advanced_ws/install/fsd_common_msgs/local/lib/python3.10/dist-packages/fsd_common_msgs/fsd_common_msgs_s__rosidl_typesupport_c.cpython-310-x86_64-linux-gnu.so\n'}
[11.716398] (fsd_common_msgs) StdoutLine: {'line': b'-- Set runtime path of "/home/wu/Desktop/26_wuren_wuchunming/Ros2/ros2_homework_advanced_ws/install/fsd_common_msgs/local/lib/python3.10/dist-packages/fsd_common_msgs/fsd_common_msgs_s__rosidl_typesupport_c.cpython-310-x86_64-linux-gnu.so" to ""\n'}
[11.716427] (fsd_common_msgs) StdoutLine: {'line': b'-- Installing: /home/wu/Desktop/26_wuren_wuchunming/Ros2/ros2_homework_advanced_ws/install/fsd_common_msgs/lib/libfsd_common_msgs__rosidl_generator_py.so\n'}
[11.716770] (fsd_common_msgs) StdoutLine: {'line': b'-- Set runtime path of "/home/wu/Desktop/26_wuren_wuchunming/Ros2/ros2_homework_advanced_ws/install/fsd_common_msgs/lib/libfsd_common_msgs__rosidl_generator_py.so" to ""\n'}
[11.716816] (fsd_common_msgs) StdoutLine: {'line': b'-- Installing: /home/wu/Desktop/26_wuren_wuchunming/Ros2/ros2_homework_advanced_ws/install/fsd_common_msgs/share/ament_index/resource_index/rust_packages/fsd_common_msgs\n'}
[11.716947] (fsd_common_msgs) StdoutLine: {'line': b'-- Installing: /home/wu/Desktop/26_wuren_wuchunming/Ros2/ros2_homework_advanced_ws/install/fsd_common_msgs/share/fsd_common_msgs/rust\n'}
[11.716981] (fsd_common_msgs) StdoutLine: {'line': b'-- Installing: /home/wu/Desktop/26_wuren_wuchunming/Ros2/ros2_homework_advanced_ws/install/fsd_common_msgs/share/fsd_common_msgs/rust/Cargo.toml\n'}
[11.717024] (fsd_common_msgs) StdoutLine: {'line': b'-- Installing: /home/wu/Desktop/26_wuren_wuchunming/Ros2/ros2_homework_advanced_ws/install/fsd_common_msgs/share/fsd_common_msgs/rust/build.rs\n'}
[11.717078] (fsd_common_msgs) StdoutLine: {'line': b'-- Installing: /home/wu/Desktop/26_wuren_wuchunming/Ros2/ros2_homework_advanced_ws/install/fsd_common_msgs/share/fsd_common_msgs/rust/src\n'}
[11.717113] (fsd_common_msgs) StdoutLine: {'line': b'-- Installing: /home/wu/Desktop/26_wuren_wuchunming/Ros2/ros2_homework_advanced_ws/install/fsd_common_msgs/share/fsd_common_msgs/rust/src/msg\n'}
[11.717146] (fsd_common_msgs) StdoutLine: {'line': b'-- Installing: /home/wu/Desktop/26_wuren_wuchunming/Ros2/ros2_homework_advanced_ws/install/fsd_common_msgs/share/fsd_common_msgs/rust/src/msg/rmw.rs\n'}
[11.717189] (fsd_common_msgs) StdoutLine: {'line': b'-- Installing: /home/wu/Desktop/26_wuren_wuchunming/Ros2/ros2_homework_advanced_ws/install/fsd_common_msgs/share/fsd_common_msgs/rust/src/msg.rs\n'}
[11.717237] (fsd_common_msgs) StdoutLine: {'line': b'-- Installing: /home/wu/Desktop/26_wuren_wuchunming/Ros2/ros2_homework_advanced_ws/install/fsd_common_msgs/share/fsd_common_msgs/rust/src/lib.rs\n'}
[11.717325] (fsd_common_msgs) StdoutLine: {'line': b'-- Installing: /home/wu/Desktop/26_wuren_wuchunming/Ros2/ros2_homework_advanced_ws/install/fsd_common_msgs/share/fsd_common_msgs/msg/AsState.idl\n'}
[11.717431] (fsd_common_msgs) StdoutLine: {'line': b'-- Installing: /home/wu/Desktop/26_wuren_wuchunming/Ros2/ros2_homework_advanced_ws/install/fsd_common_msgs/share/fsd_common_msgs/msg/AsensingMessage.idl\n'}
[11.717533] (fsd_common_msgs) StdoutLine: {'line': b'-- Installing: /home/wu/Desktop/26_wuren_wuchunming/Ros2/ros2_homework_advanced_ws/install/fsd_common_msgs/share/fsd_common_msgs/msg/CanFrames.idl\n'}
[11.717742] (fsd_common_msgs) StdoutLine: {'line': b'-- Installing: /home/wu/Desktop/26_wuren_wuchunming/Ros2/ros2_homework_advanced_ws/install/fsd_common_msgs/share/fsd_common_msgs/msg/CarState.idl\n'}
[11.717771] (fsd_common_msgs) StdoutLine: {'line': b'-- Installing: /home/wu/Desktop/26_wuren_wuchunming/Ros2/ros2_homework_advanced_ws/install/fsd_common_msgs/share/fsd_common_msgs/msg/CarStateDt.idl\n'}
[11.717811] (fsd_common_msgs) StdoutLine: {'line': b'-- Installing: /home/wu/Desktop/26_wuren_wuchunming/Ros2/ros2_homework_advanced_ws/install/fsd_common_msgs/share/fsd_common_msgs/msg/Cone.idl\n'}
[11.717881] (fsd_common_msgs) StdoutLine: {'line': b'-- Installing: /home/wu/Desktop/26_wuren_wuchunming/Ros2/ros2_homework_advanced_ws/install/fsd_common_msgs/share/fsd_common_msgs/msg/ConeDbscan.idl\n'}
[11.717960] (fsd_common_msgs) StdoutLine: {'line': b'-- Installing: /home/wu/Desktop/26_wuren_wuchunming/Ros2/ros2_homework_advanced_ws/install/fsd_common_msgs/share/fsd_common_msgs/msg/ConeDetections.idl\n'}
[11.718034] (fsd_common_msgs) StdoutLine: {'line': b'-- Installing: /home/wu/Desktop/26_wuren_wuchunming/Ros2/ros2_homework_advanced_ws/install/fsd_common_msgs/share/fsd_common_msgs/msg/ConeDetectionsDbscan.idl\n'}
[11.718228] (fsd_common_msgs) StdoutLine: {'line': b'-- Installing: /home/wu/Desktop/26_wuren_wuchunming/Ros2/ros2_homework_advanced_ws/install/fsd_common_msgs/share/fsd_common_msgs/msg/ControlCommand.idl\n'}
[11.718260] (fsd_common_msgs) StdoutLine: {'line': b'-- Installing: /home/wu/Desktop/26_wuren_wuchunming/Ros2/ros2_homework_advanced_ws/install/fsd_common_msgs/share/fsd_common_msgs/msg/DecisionFlag.idl\n'}
[11.718397] (fsd_common_msgs) StdoutLine: {'line': b'-- Installing: /home/wu/Desktop/26_wuren_wuchunming/Ros2/ros2_homework_advanced_ws/install/fsd_common_msgs/share/fsd_common_msgs/msg/DrivingDynamics.idl\n'}
[11.718426] (fsd_common_msgs) StdoutLine: {'line': b'-- Installing: /home/wu/Desktop/26_wuren_wuchunming/Ros2/ros2_homework_advanced_ws/install/fsd_common_msgs/share/fsd_common_msgs/msg/EchievMessage.idl\n'}
[11.718466] (fsd_common_msgs) StdoutLine: {'line': b'-- Installing: /home/wu/Desktop/26_wuren_wuchunming/Ros2/ros2_homework_advanced_ws/install/fsd_common_msgs/share/fsd_common_msgs/msg/Feedback.idl\n'}
[11.718557] (fsd_common_msgs) StdoutLine: {'line': b'-- Installing: /home/wu/Desktop/26_wuren_wuchunming/Ros2/ros2_homework_advanced_ws/install/fsd_common_msgs/share/fsd_common_msgs/msg/InsDelta.idl\n'}
[11.718643] (fsd_common_msgs) StdoutLine: {'line': b'-- Installing: /home/wu/Desktop/26_wuren_wuchunming/Ros2/ros2_homework_advanced_ws/install/fsd_common_msgs/share/fsd_common_msgs/msg/Map.idl\n'}
[11.718734] (fsd_common_msgs) StdoutLine: {'line': b'-- Installing: /home/wu/Desktop/26_wuren_wuchunming/Ros2/ros2_homework_advanced_ws/install/fsd_common_msgs/share/fsd_common_msgs/msg/Mission.idl\n'}
[11.718812] (fsd_common_msgs) StdoutLine: {'line': b'-- Installing: /home/wu/Desktop/26_wuren_wuchunming/Ros2/ros2_homework_advanced_ws/install/fsd_common_msgs/share/fsd_common_msgs/msg/RemoteControlCommand.idl\n'}
[11.718917] (fsd_common_msgs) StdoutLine: {'line': b'-- Installing: /home/wu/Desktop/26_wuren_wuchunming/Ros2/ros2_homework_advanced_ws/install/fsd_common_msgs/share/fsd_common_msgs/msg/ResAndAmi.idl\n'}
[11.719026] (fsd_common_msgs) StdoutLine: {'line': b'-- Installing: /home/wu/Desktop/26_wuren_wuchunming/Ros2/ros2_homework_advanced_ws/install/fsd_common_msgs/share/fsd_common_msgs/msg/SkidpadGlobalCenterLine.idl\n'}
[11.719090] (fsd_common_msgs) StdoutLine: {'line': b'-- Installing: /home/wu/Desktop/26_wuren_wuchunming/Ros2/ros2_homework_advanced_ws/install/fsd_common_msgs/share/fsd_common_msgs/msg/Time.idl\n'}
[11.719194] (fsd_common_msgs) StdoutLine: {'line': b'-- Installing: /home/wu/Desktop/26_wuren_wuchunming/Ros2/ros2_homework_advanced_ws/install/fsd_common_msgs/share/fsd_common_msgs/msg/Track.idl\n'}
[11.719300] (fsd_common_msgs) StdoutLine: {'line': b'-- Installing: /home/wu/Desktop/26_wuren_wuchunming/Ros2/ros2_homework_advanced_ws/install/fsd_common_msgs/share/fsd_common_msgs/msg/TrajectoryPoint.idl\n'}
[11.719380] (fsd_common_msgs) StdoutLine: {'line': b'-- Installing: /home/wu/Desktop/26_wuren_wuchunming/Ros2/ros2_homework_advanced_ws/install/fsd_common_msgs/share/fsd_common_msgs/msg/Visualization.idl\n'}
[11.719456] (fsd_common_msgs) StdoutLine: {'line': b'-- Installing: /home/wu/Desktop/26_wuren_wuchunming/Ros2/ros2_homework_advanced_ws/install/fsd_common_msgs/share/fsd_common_msgs/msg/YoloCone.idl\n'}
[11.719522] (fsd_common_msgs) StdoutLine: {'line': b'-- Installing: /home/wu/Desktop/26_wuren_wuchunming/Ros2/ros2_homework_advanced_ws/install/fsd_common_msgs/share/fsd_common_msgs/msg/YoloConeDetections.idl\n'}
[11.719634] (fsd_common_msgs) StdoutLine: {'line': b'-- Installing: /home/wu/Desktop/26_wuren_wuchunming/Ros2/ros2_homework_advanced_ws/install/fsd_common_msgs/share/fsd_common_msgs/msg/YoloConeDetectionsTrack.idl\n'}
[11.719694] (fsd_common_msgs) StdoutLine: {'line': b'-- Installing: /home/wu/Desktop/26_wuren_wuchunming/Ros2/ros2_homework_advanced_ws/install/fsd_common_msgs/share/fsd_common_msgs/msg/YoloConeTrack.idl\n'}
[11.719769] (fsd_common_msgs) StdoutLine: {'line': b'-- Installing: /home/wu/Desktop/26_wuren_wuchunming/Ros2/ros2_homework_advanced_ws/install/fsd_common_msgs/share/fsd_common_msgs/msg/AsState.msg\n'}
[11.719834] (fsd_common_msgs) StdoutLine: {'line': b'-- Installing: /home/wu/Desktop/26_wuren_wuchunming/Ros2/ros2_homework_advanced_ws/install/fsd_common_msgs/share/fsd_common_msgs/msg/AsensingMessage.msg\n'}
[11.719925] (fsd_common_msgs) StdoutLine: {'line': b'-- Installing: /home/wu/Desktop/26_wuren_wuchunming/Ros2/ros2_homework_advanced_ws/install/fsd_common_msgs/share/fsd_common_msgs/msg/CanFrames.msg\n'}
[11.720023] (fsd_common_msgs) StdoutLine: {'line': b'-- Installing: /home/wu/Desktop/26_wuren_wuchunming/Ros2/ros2_homework_advanced_ws/install/fsd_common_msgs/share/fsd_common_msgs/msg/CarState.msg\n'}
[11.720081] (fsd_common_msgs) StdoutLine: {'line': b'-- Installing: /home/wu/Desktop/26_wuren_wuchunming/Ros2/ros2_homework_advanced_ws/install/fsd_common_msgs/share/fsd_common_msgs/msg/CarStateDt.msg\n'}
[11.720158] (fsd_common_msgs) StdoutLine: {'line': b'-- Installing: /home/wu/Desktop/26_wuren_wuchunming/Ros2/ros2_homework_advanced_ws/install/fsd_common_msgs/share/fsd_common_msgs/msg/Cone.msg\n'}
[11.720267] (fsd_common_msgs) StdoutLine: {'line': b'-- Installing: /home/wu/Desktop/26_wuren_wuchunming/Ros2/ros2_homework_advanced_ws/install/fsd_common_msgs/share/fsd_common_msgs/msg/ConeDbscan.msg\n'}
[11.720374] (fsd_common_msgs) StdoutLine: {'line': b'-- Installing: /home/wu/Desktop/26_wuren_wuchunming/Ros2/ros2_homework_advanced_ws/install/fsd_common_msgs/share/fsd_common_msgs/msg/ConeDetections.msg\n'}
[11.720438] (fsd_common_msgs) StdoutLine: {'line': b'-- Installing: /home/wu/Desktop/26_wuren_wuchunming/Ros2/ros2_homework_advanced_ws/install/fsd_common_msgs/share/fsd_common_msgs/msg/ConeDetectionsDbscan.msg\n'}
[11.720530] (fsd_common_msgs) StdoutLine: {'line': b'-- Installing: /home/wu/Desktop/26_wuren_wuchunming/Ros2/ros2_homework_advanced_ws/install/fsd_common_msgs/share/fsd_common_msgs/msg/ControlCommand.msg\n'}
[11.720622] (fsd_common_msgs) StdoutLine: {'line': b'-- Installing: /home/wu/Desktop/26_wuren_wuchunming/Ros2/ros2_homework_advanced_ws/install/fsd_common_msgs/share/fsd_common_msgs/msg/DecisionFlag.msg\n'}
[11.720703] (fsd_common_msgs) StdoutLine: {'line': b'-- Installing: /home/wu/Desktop/26_wuren_wuchunming/Ros2/ros2_homework_advanced_ws/install/fsd_common_msgs/share/fsd_common_msgs/msg/DrivingDynamics.msg\n'}
[11.720777] (fsd_common_msgs) StdoutLine: {'line': b'-- Installing: /home/wu/Desktop/26_wuren_wuchunming/Ros2/ros2_homework_advanced_ws/install/fsd_common_msgs/share/fsd_common_msgs/msg/EchievMessage.msg\n'}
[11.720845] (fsd_common_msgs) StdoutLine: {'line': b'-- Installing: /home/wu/Desktop/26_wuren_wuchunming/Ros2/ros2_homework_advanced_ws/install/fsd_common_msgs/share/fsd_common_msgs/msg/Feedback.msg\n'}
[11.720939] (fsd_common_msgs) StdoutLine: {'line': b'-- Installing: /home/wu/Desktop/26_wuren_wuchunming/Ros2/ros2_homework_advanced_ws/install/fsd_common_msgs/share/fsd_common_msgs/msg/InsDelta.msg\n'}
[11.721022] (fsd_common_msgs) StdoutLine: {'line': b'-- Installing: /home/wu/Desktop/26_wuren_wuchunming/Ros2/ros2_homework_advanced_ws/install/fsd_common_msgs/share/fsd_common_msgs/msg/Map.msg\n'}
[11.721097] (fsd_common_msgs) StdoutLine: {'line': b'-- Installing: /home/wu/Desktop/26_wuren_wuchunming/Ros2/ros2_homework_advanced_ws/install/fsd_common_msgs/share/fsd_common_msgs/msg/Mission.msg\n'}
[11.721174] (fsd_common_msgs) StdoutLine: {'line': b'-- Installing: /home/wu/Desktop/26_wuren_wuchunming/Ros2/ros2_homework_advanced_ws/install/fsd_common_msgs/share/fsd_common_msgs/msg/RemoteControlCommand.msg\n'}
[11.721282] (fsd_common_msgs) StdoutLine: {'line': b'-- Installing: /home/wu/Desktop/26_wuren_wuchunming/Ros2/ros2_homework_advanced_ws/install/fsd_common_msgs/share/fsd_common_msgs/msg/ResAndAmi.msg\n'}
[11.721359] (fsd_common_msgs) StdoutLine: {'line': b'-- Installing: /home/wu/Desktop/26_wuren_wuchunming/Ros2/ros2_homework_advanced_ws/install/fsd_common_msgs/share/fsd_common_msgs/msg/SkidpadGlobalCenterLine.msg\n'}
[11.721455] (fsd_common_msgs) StdoutLine: {'line': b'-- Installing: /home/wu/Desktop/26_wuren_wuchunming/Ros2/ros2_homework_advanced_ws/install/fsd_common_msgs/share/fsd_common_msgs/msg/Time.msg\n'}
[11.721504] (fsd_common_msgs) StdoutLine: {'line': b'-- Installing: /home/wu/Desktop/26_wuren_wuchunming/Ros2/ros2_homework_advanced_ws/install/fsd_common_msgs/share/fsd_common_msgs/msg/Track.msg\n'}
[11.721611] (fsd_common_msgs) StdoutLine: {'line': b'-- Installing: /home/wu/Desktop/26_wuren_wuchunming/Ros2/ros2_homework_advanced_ws/install/fsd_common_msgs/share/fsd_common_msgs/msg/TrajectoryPoint.msg\n'}
[11.721710] (fsd_common_msgs) StdoutLine: {'line': b'-- Installing: /home/wu/Desktop/26_wuren_wuchunming/Ros2/ros2_homework_advanced_ws/install/fsd_common_msgs/share/fsd_common_msgs/msg/Visualization.msg\n'}
[11.721765] (fsd_common_msgs) StdoutLine: {'line': b'-- Installing: /home/wu/Desktop/26_wuren_wuchunming/Ros2/ros2_homework_advanced_ws/install/fsd_common_msgs/share/fsd_common_msgs/msg/YoloCone.msg\n'}
[11.721862] (fsd_common_msgs) StdoutLine: {'line': b'-- Installing: /home/wu/Desktop/26_wuren_wuchunming/Ros2/ros2_homework_advanced_ws/install/fsd_common_msgs/share/fsd_common_msgs/msg/YoloConeDetections.msg\n'}
[11.721961] (fsd_common_msgs) StdoutLine: {'line': b'-- Installing: /home/wu/Desktop/26_wuren_wuchunming/Ros2/ros2_homework_advanced_ws/install/fsd_common_msgs/share/fsd_common_msgs/msg/YoloConeDetectionsTrack.msg\n'}
[11.722049] (fsd_common_msgs) StdoutLine: {'line': b'-- Installing: /home/wu/Desktop/26_wuren_wuchunming/Ros2/ros2_homework_advanced_ws/install/fsd_common_msgs/share/fsd_common_msgs/msg/YoloConeTrack.msg\n'}
[11.722167] (fsd_common_msgs) StdoutLine: {'line': b'-- Installing: /home/wu/Desktop/26_wuren_wuchunming/Ros2/ros2_homework_advanced_ws/install/fsd_common_msgs/share/ament_index/resource_index/package_run_dependencies/fsd_common_msgs\n'}
[11.722264] (fsd_common_msgs) StdoutLine: {'line': b'-- Installing: /home/wu/Desktop/26_wuren_wuchunming/Ros2/ros2_homework_advanced_ws/install/fsd_common_msgs/share/ament_index/resource_index/parent_prefix_path/fsd_common_msgs\n'}
[11.722375] (fsd_common_msgs) StdoutLine: {'line': b'-- Installing: /home/wu/Desktop/26_wuren_wuchunming/Ros2/ros2_homework_advanced_ws/install/fsd_common_msgs/share/fsd_common_msgs/environment/ament_prefix_path.sh\n'}
[11.722465] (fsd_common_msgs) StdoutLine: {'line': b'-- Installing: /home/wu/Desktop/26_wuren_wuchunming/Ros2/ros2_homework_advanced_ws/install/fsd_common_msgs/share/fsd_common_msgs/environment/ament_prefix_path.dsv\n'}
[11.722552] (fsd_common_msgs) StdoutLine: {'line': b'-- Installing: /home/wu/Desktop/26_wuren_wuchunming/Ros2/ros2_homework_advanced_ws/install/fsd_common_msgs/share/fsd_common_msgs/environment/path.sh\n'}
[11.722623] (fsd_common_msgs) StdoutLine: {'line': b'-- Installing: /home/wu/Desktop/26_wuren_wuchunming/Ros2/ros2_homework_advanced_ws/install/fsd_common_msgs/share/fsd_common_msgs/environment/path.dsv\n'}
[11.722736] (fsd_common_msgs) StdoutLine: {'line': b'-- Installing: /home/wu/Desktop/26_wuren_wuchunming/Ros2/ros2_homework_advanced_ws/install/fsd_common_msgs/share/fsd_common_msgs/local_setup.bash\n'}
[11.722861] (fsd_common_msgs) StdoutLine: {'line': b'-- Installing: /home/wu/Desktop/26_wuren_wuchunming/Ros2/ros2_homework_advanced_ws/install/fsd_common_msgs/share/fsd_common_msgs/local_setup.sh\n'}
[11.722911] (fsd_common_msgs) StdoutLine: {'line': b'-- Installing: /home/wu/Desktop/26_wuren_wuchunming/Ros2/ros2_homework_advanced_ws/install/fsd_common_msgs/share/fsd_common_msgs/local_setup.zsh\n'}
[11.723002] (fsd_common_msgs) StdoutLine: {'line': b'-- Installing: /home/wu/Desktop/26_wuren_wuchunming/Ros2/ros2_homework_advanced_ws/install/fsd_common_msgs/share/fsd_common_msgs/local_setup.dsv\n'}
[11.723107] (fsd_common_msgs) StdoutLine: {'line': b'-- Installing: /home/wu/Desktop/26_wuren_wuchunming/Ros2/ros2_homework_advanced_ws/install/fsd_common_msgs/share/fsd_common_msgs/package.dsv\n'}
[11.723213] (fsd_common_msgs) StdoutLine: {'line': b'-- Installing: /home/wu/Desktop/26_wuren_wuchunming/Ros2/ros2_homework_advanced_ws/install/fsd_common_msgs/share/ament_index/resource_index/packages/fsd_common_msgs\n'}
[11.723325] (fsd_common_msgs) StdoutLine: {'line': b'-- Installing: /home/wu/Desktop/26_wuren_wuchunming/Ros2/ros2_homework_advanced_ws/install/fsd_common_msgs/share/fsd_common_msgs/cmake/export_fsd_common_msgs__rosidl_generator_cExport.cmake\n'}
[11.723410] (fsd_common_msgs) StdoutLine: {'line': b'-- Installing: /home/wu/Desktop/26_wuren_wuchunming/Ros2/ros2_homework_advanced_ws/install/fsd_common_msgs/share/fsd_common_msgs/cmake/export_fsd_common_msgs__rosidl_generator_cExport-noconfig.cmake\n'}
[11.723542] (fsd_common_msgs) StdoutLine: {'line': b'-- Installing: /home/wu/Desktop/26_wuren_wuchunming/Ros2/ros2_homework_advanced_ws/install/fsd_common_msgs/share/fsd_common_msgs/cmake/export_fsd_common_msgs__rosidl_typesupport_fastrtps_cExport.cmake\n'}
[11.723657] (fsd_common_msgs) StdoutLine: {'line': b'-- Installing: /home/wu/Desktop/26_wuren_wuchunming/Ros2/ros2_homework_advanced_ws/install/fsd_common_msgs/share/fsd_common_msgs/cmake/export_fsd_common_msgs__rosidl_typesupport_fastrtps_cExport-noconfig.cmake\n'}
[11.723738] (fsd_common_msgs) StdoutLine: {'line': b'-- Installing: /home/wu/Desktop/26_wuren_wuchunming/Ros2/ros2_homework_advanced_ws/install/fsd_common_msgs/share/fsd_common_msgs/cmake/fsd_common_msgs__rosidl_typesupport_introspection_cExport.cmake\n'}
[11.723818] (fsd_common_msgs) StdoutLine: {'line': b'-- Installing: /home/wu/Desktop/26_wuren_wuchunming/Ros2/ros2_homework_advanced_ws/install/fsd_common_msgs/share/fsd_common_msgs/cmake/fsd_common_msgs__rosidl_typesupport_introspection_cExport-noconfig.cmake\n'}
[11.724128] (fsd_common_msgs) StdoutLine: {'line': b'-- Installing: /home/wu/Desktop/26_wuren_wuchunming/Ros2/ros2_homework_advanced_ws/install/fsd_common_msgs/share/fsd_common_msgs/cmake/fsd_common_msgs__rosidl_typesupport_cExport.cmake\n'}
[11.724225] (fsd_common_msgs) StdoutLine: {'line': b'-- Installing: /home/wu/Desktop/26_wuren_wuchunming/Ros2/ros2_homework_advanced_ws/install/fsd_common_msgs/share/fsd_common_msgs/cmake/fsd_common_msgs__rosidl_typesupport_cExport-noconfig.cmake\n'}
[11.724324] (fsd_common_msgs) StdoutLine: {'line': b'-- Installing: /home/wu/Desktop/26_wuren_wuchunming/Ros2/ros2_homework_advanced_ws/install/fsd_common_msgs/share/fsd_common_msgs/cmake/export_fsd_common_msgs__rosidl_generator_cppExport.cmake\n'}
[11.724411] (fsd_common_msgs) StdoutLine: {'line': b'-- Installing: /home/wu/Desktop/26_wuren_wuchunming/Ros2/ros2_homework_advanced_ws/install/fsd_common_msgs/share/fsd_common_msgs/cmake/export_fsd_common_msgs__rosidl_typesupport_fastrtps_cppExport.cmake\n'}
[11.724538] (fsd_common_msgs) StdoutLine: {'line': b'-- Installing: /home/wu/Desktop/26_wuren_wuchunming/Ros2/ros2_homework_advanced_ws/install/fsd_common_msgs/share/fsd_common_msgs/cmake/export_fsd_common_msgs__rosidl_typesupport_fastrtps_cppExport-noconfig.cmake\n'}
[11.724666] (fsd_common_msgs) StdoutLine: {'line': b'-- Installing: /home/wu/Desktop/26_wuren_wuchunming/Ros2/ros2_homework_advanced_ws/install/fsd_common_msgs/share/fsd_common_msgs/cmake/fsd_common_msgs__rosidl_typesupport_introspection_cppExport.cmake\n'}
[11.724734] (fsd_common_msgs) StdoutLine: {'line': b'-- Installing: /home/wu/Desktop/26_wuren_wuchunming/Ros2/ros2_homework_advanced_ws/install/fsd_common_msgs/share/fsd_common_msgs/cmake/fsd_common_msgs__rosidl_typesupport_introspection_cppExport-noconfig.cmake\n'}
[11.724859] (fsd_common_msgs) StdoutLine: {'line': b'-- Installing: /home/wu/Desktop/26_wuren_wuchunming/Ros2/ros2_homework_advanced_ws/install/fsd_common_msgs/share/fsd_common_msgs/cmake/fsd_common_msgs__rosidl_typesupport_cppExport.cmake\n'}
[11.724942] (fsd_common_msgs) StdoutLine: {'line': b'-- Installing: /home/wu/Desktop/26_wuren_wuchunming/Ros2/ros2_homework_advanced_ws/install/fsd_common_msgs/share/fsd_common_msgs/cmake/fsd_common_msgs__rosidl_typesupport_cppExport-noconfig.cmake\n'}
[11.725035] (fsd_common_msgs) StdoutLine: {'line': b'-- Installing: /home/wu/Desktop/26_wuren_wuchunming/Ros2/ros2_homework_advanced_ws/install/fsd_common_msgs/share/fsd_common_msgs/cmake/export_fsd_common_msgs__rosidl_generator_pyExport.cmake\n'}
[11.725126] (fsd_common_msgs) StdoutLine: {'line': b'-- Installing: /home/wu/Desktop/26_wuren_wuchunming/Ros2/ros2_homework_advanced_ws/install/fsd_common_msgs/share/fsd_common_msgs/cmake/export_fsd_common_msgs__rosidl_generator_pyExport-noconfig.cmake\n'}
[11.725216] (fsd_common_msgs) StdoutLine: {'line': b'-- Installing: /home/wu/Desktop/26_wuren_wuchunming/Ros2/ros2_homework_advanced_ws/install/fsd_common_msgs/share/fsd_common_msgs/cmake/rosidl_cmake-extras.cmake\n'}
[11.725331] (fsd_common_msgs) StdoutLine: {'line': b'-- Installing: /home/wu/Desktop/26_wuren_wuchunming/Ros2/ros2_homework_advanced_ws/install/fsd_common_msgs/share/fsd_common_msgs/cmake/ament_cmake_export_dependencies-extras.cmake\n'}
[11.725455] (fsd_common_msgs) StdoutLine: {'line': b'-- Installing: /home/wu/Desktop/26_wuren_wuchunming/Ros2/ros2_homework_advanced_ws/install/fsd_common_msgs/share/fsd_common_msgs/cmake/ament_cmake_export_include_directories-extras.cmake\n'}
[11.725501] (fsd_common_msgs) StdoutLine: {'line': b'-- Installing: /home/wu/Desktop/26_wuren_wuchunming/Ros2/ros2_homework_advanced_ws/install/fsd_common_msgs/share/fsd_common_msgs/cmake/ament_cmake_export_libraries-extras.cmake\n'}
[11.725587] (fsd_common_msgs) StdoutLine: {'line': b'-- Installing: /home/wu/Desktop/26_wuren_wuchunming/Ros2/ros2_homework_advanced_ws/install/fsd_common_msgs/share/fsd_common_msgs/cmake/ament_cmake_export_targets-extras.cmake\n'}
[11.725686] (fsd_common_msgs) StdoutLine: {'line': b'-- Installing: /home/wu/Desktop/26_wuren_wuchunming/Ros2/ros2_homework_advanced_ws/install/fsd_common_msgs/share/fsd_common_msgs/cmake/rosidl_cmake_export_typesupport_targets-extras.cmake\n'}
[11.725767] (fsd_common_msgs) StdoutLine: {'line': b'-- Installing: /home/wu/Desktop/26_wuren_wuchunming/Ros2/ros2_homework_advanced_ws/install/fsd_common_msgs/share/fsd_common_msgs/cmake/rosidl_cmake_export_typesupport_libraries-extras.cmake\n'}
[11.725844] (fsd_common_msgs) StdoutLine: {'line': b'-- Installing: /home/wu/Desktop/26_wuren_wuchunming/Ros2/ros2_homework_advanced_ws/install/fsd_common_msgs/share/fsd_common_msgs/cmake/fsd_common_msgsConfig.cmake\n'}
[11.725886] (fsd_common_msgs) StdoutLine: {'line': b'-- Installing: /home/wu/Desktop/26_wuren_wuchunming/Ros2/ros2_homework_advanced_ws/install/fsd_common_msgs/share/fsd_common_msgs/cmake/fsd_common_msgsConfig-version.cmake\n'}
[11.725952] (fsd_common_msgs) StdoutLine: {'line': b'-- Installing: /home/wu/Desktop/26_wuren_wuchunming/Ros2/ros2_homework_advanced_ws/install/fsd_common_msgs/share/fsd_common_msgs/package.xml\n'}
[11.728443] (fsd_common_msgs) CommandEnded: {'returncode': 0}
[11.730242] (-) TimerEvent: {}
[11.755943] (fsd_common_msgs) JobEnded: {'identifier': 'fsd_common_msgs', 'rc': 0}
[11.756249] (ros2_homework_advanced_package) JobStarted: {'identifier': 'ros2_homework_advanced_package'}
[11.762929] (ros2_homework_advanced_package) JobProgress: {'identifier': 'ros2_homework_advanced_package', 'progress': 'cmake'}
[11.763890] (ros2_homework_advanced_package) Command: {'cmd': ['/usr/bin/cmake', '/home/wu/Desktop/26_wuren_wuchunming/Ros2/ros2_homework_advanced_ws/src/ros2_homework_advanced_package', '-DCMAKE_INSTALL_PREFIX=/home/wu/Desktop/26_wuren_wuchunming/Ros2/ros2_homework_advanced_ws/install/ros2_homework_advanced_package'], 'cwd': '/home/wu/Desktop/26_wuren_wuchunming/Ros2/ros2_homework_advanced_ws/build/ros2_homework_advanced_package', 'env': OrderedDict([('LESSOPEN', '| /usr/bin/lesspipe %s'), ('LANGUAGE', 'zh_CN:zh'), ('USER', 'wu'), ('XDG_SESSION_TYPE', 'wayland'), ('SHLVL', '1'), ('LD_LIBRARY_PATH', '/home/wu/Desktop/26_wuren_wuchunming/Ros2/ros2_homework_advanced_ws/install/fsd_common_msgs/lib:/opt/ros/humble/opt/rviz_ogre_vendor/lib:/opt/ros/humble/lib/x86_64-linux-gnu:/opt/ros/humble/lib'), ('HOME', '/home/wu'), ('CONDA_SHLVL', '0'), ('DESKTOP_SESSION', 'ubuntu'), ('ROS_PYTHON_VERSION', '3'), ('GNOME_SHELL_SESSION_MODE', 'ubuntu'), ('GTK_MODULES', 'gail:atk-bridge'), ('DBUS_STARTER_BUS_TYPE', 'session'), ('SYSTEMD_EXEC_PID', '1871'), ('DBUS_SESSION_BUS_ADDRESS', 'unix:path=/run/user/1000/bus,guid=c75c46452f547b93184815786a203848'), ('COLORTERM', 'truecolor'), ('_CE_M', ''), ('_CONDA_ROOT', '/home/wu/miniconda3'), ('IM_CONFIG_PHASE', '1'), ('WAYLAND_DISPLAY', 'wayland-0'), ('COLCON_PREFIX_PATH', '/home/wu/Desktop/26_wuren_wuchunming/Ros2/ros2_homework_basic_ws/install:/home/wu/Desktop/学习/ros2_learning-main/ros2_case/install'), ('ROS_DISTRO', 'humble'), ('LOGNAME', 'wu'), ('_', '/usr/bin/colcon'), ('ROS_VERSION', '2'), ('XDG_SESSION_CLASS', 'user'), ('USERNAME', 'wu'), ('TERM', 'xterm-256color'), ('GNOME_DESKTOP_SESSION_ID', 'this-is-deprecated'), ('_CE_CONDA', ''), ('ROS_LOCALHOST_ONLY', '0'), ('PATH', '/opt/ros/humble/bin:/home/wu/miniconda3/condabin:/usr/local/sbin:/usr/local/bin:/usr/sbin:/usr/bin:/sbin:/bin:/usr/games:/usr/local/games:/snap/bin:/snap/bin'), ('SESSION_MANAGER', 'local/Wu:@/tmp/.ICE-unix/1871,unix/Wu:/tmp/.ICE-unix/1871'), ('XDG_MENU_PREFIX', 'gnome-'), ('GNOME_TERMINAL_SCREEN', '/org/gnome/Terminal/screen/d16c2010_3fd9_4b3c_8df2_fd35376575a6'), ('GNOME_SETUP_DISPLAY', ':1'), ('XDG_RUNTIME_DIR', '/run/user/1000'), ('DISPLAY', ':0'), ('LANG', 'zh_CN.UTF-8'), ('XDG_CURRENT_DESKTOP', 'ubuntu:GNOME'), ('XMODIFIERS', '@im=ibus'), ('XDG_SESSION_DESKTOP', 'ubuntu'), ('XAUTHORITY', '/run/user/1000/.mutter-Xwaylandauth.S5NSQ3'), ('LS_COLORS', 'rs=0:di=01;34:ln=01;36:mh=00:pi=40;33:so=01;35:do=01;35:bd=40;33;01:cd=40;33;01:or=40;31;01:mi=00:su=37;41:sg=30;43:ca=30;41:tw=30;42:ow=34;42:st=37;44:ex=01;32:*.tar=01;31:*.tgz=01;31:*.arc=01;31:*.arj=01;31:*.taz=01;31:*.lha=01;31:*.lz4=01;31:*.lzh=01;31:*.lzma=01;31:*.tlz=01;31:*.txz=01;31:*.tzo=01;31:*.t7z=01;31:*.zip=01;31:*.z=01;31:*.dz=01;31:*.gz=01;31:*.lrz=01;31:*.lz=01;31:*.lzo=01;31:*.xz=01;31:*.zst=01;31:*.tzst=01;31:*.bz2=01;31:*.bz=01;31:*.tbz=01;31:*.tbz2=01;31:*.tz=01;31:*.deb=01;31:*.rpm=01;31:*.jar=01;31:*.war=01;31:*.ear=01;31:*.sar=01;31:*.rar=01;31:*.alz=01;31:*.ace=01;31:*.zoo=01;31:*.cpio=01;31:*.7z=01;31:*.rz=01;31:*.cab=01;31:*.wim=01;31:*.swm=01;31:*.dwm=01;31:*.esd=01;31:*.jpg=01;35:*.jpeg=01;35:*.mjpg=01;35:*.mjpeg=01;35:*.gif=01;35:*.bmp=01;35:*.pbm=01;35:*.pgm=01;35:*.ppm=01;35:*.tga=01;35:*.xbm=01;35:*.xpm=01;35:*.tif=01;35:*.tiff=01;35:*.png=01;35:*.svg=01;35:*.svgz=01;35:*.mng=01;35:*.pcx=01;35:*.mov=01;35:*.mpg=01;35:*.mpeg=01;35:*.m2v=01;35:*.mkv=01;35:*.webm=01;35:*.webp=01;35:*.ogm=01;35:*.mp4=01;35:*.m4v=01;35:*.mp4v=01;35:*.vob=01;35:*.qt=01;35:*.nuv=01;35:*.wmv=01;35:*.asf=01;35:*.rm=01;35:*.rmvb=01;35:*.flc=01;35:*.avi=01;35:*.fli=01;35:*.flv=01;35:*.gl=01;35:*.dl=01;35:*.xcf=01;35:*.xwd=01;35:*.yuv=01;35:*.cgm=01;35:*.emf=01;35:*.ogv=01;35:*.ogx=01;35:*.aac=00;36:*.au=00;36:*.flac=00;36:*.m4a=00;36:*.mid=00;36:*.midi=00;36:*.mka=00;36:*.mp3=00;36:*.mpc=00;36:*.ogg=00;36:*.ra=00;36:*.wav=00;36:*.oga=00;36:*.opus=00;36:*.spx=00;36:*.xspf=00;36:'), ('GNOME_TERMINAL_SERVICE', ':1.432'), ('SSH_AGENT_LAUNCHER', 'gnome-keyring'), ('SSH_AUTH_SOCK', '/run/user/1000/keyring/ssh'), ('AMENT_PREFIX_PATH', '/home/wu/Desktop/26_wuren_wuchunming/Ros2/ros2_homework_advanced_ws/install/fsd_common_msgs:/home/wu/Desktop/26_wuren_wuchunming/Ros2/ros2_homework_basic_ws/install/ros2_homework_basic_package:/home/wu/Desktop/学习/ros2_learning-main/ros2_case/install/topic_case_package:/home/wu/Desktop/学习/ros2_learning-main/ros2_case/install/param_case_package:/opt/ros/humble'), ('CONDA_PYTHON_EXE', '/home/wu/miniconda3/bin/python'), ('SHELL', '/bin/bash'), ('QT_ACCESSIBILITY', '1'), ('GDMSESSION', 'ubuntu'), ('LESSCLOSE', '/usr/bin/lesspipe %s %s'), ('_CONDA_EXE', '/home/wu/miniconda3/bin/conda'), ('QT_IM_MODULE', 'ibus'), ('PWD', '/home/wu/Desktop/26_wuren_wuchunming/Ros2/ros2_homework_advanced_ws/build/ros2_homework_advanced_package'), ('XDG_CONFIG_DIRS', '/etc/xdg/xdg-ubuntu:/etc/xdg'), ('CONDA_EXE', '/home/wu/miniconda3/bin/conda'), ('DBUS_STARTER_ADDRESS', 'unix:path=/run/user/1000/bus,guid=c75c46452f547b93184815786a203848'), ('XDG_DATA_DIRS', '/usr/share/ubuntu:/usr/local/share/:/usr/share/:/var/lib/snapd/desktop'), ('PYTHONPATH', '/home/wu/Desktop/26_wuren_wuchunming/Ros2/ros2_homework_advanced_ws/install/fsd_common_msgs/local/lib/python3.10/dist-packages:/opt/ros/humble/lib/python3.10/site-packages:/opt/ros/humble/local/lib/python3.10/dist-packages'), ('COLCON', '1'), ('VTE_VERSION', '6800'), ('CMAKE_PREFIX_PATH', '/home/wu/Desktop/26_wuren_wuchunming/Ros2/ros2_homework_advanced_ws/install/fsd_common_msgs:/home/wu/Desktop/26_wuren_wuchunming/Ros2/ros2_homework_basic_ws/install/ros2_homework_basic_package:/home/wu/Desktop/学习/ros2_learning-main/ros2_case/install/topic_case_package:/home/wu/Desktop/学习/ros2_learning-main/ros2_case/install/param_case_package:/opt/ros/humble')]), 'shell': False}
[11.817112] (ros2_homework_advanced_package) StdoutLine: {'line': b'-- The C compiler identification is GNU 11.4.0\n'}
[11.830318] (-) TimerEvent: {}
[11.861748] (ros2_homework_advanced_package) StdoutLine: {'line': b'-- The CXX compiler identification is GNU 11.4.0\n'}
[11.868115] (ros2_homework_advanced_package) StdoutLine: {'line': b'-- Detecting C compiler ABI info\n'}
[11.930444] (-) TimerEvent: {}
[11.952138] (ros2_homework_advanced_package) StdoutLine: {'line': b'-- Detecting C compiler ABI info - done\n'}
[11.960878] (ros2_homework_advanced_package) StdoutLine: {'line': b'-- Check for working C compiler: /usr/bin/cc - skipped\n'}
[11.961235] (ros2_homework_advanced_package) StdoutLine: {'line': b'-- Detecting C compile features\n'}
[11.961754] (ros2_homework_advanced_package) StdoutLine: {'line': b'-- Detecting C compile features - done\n'}
[11.965337] (ros2_homework_advanced_package) StdoutLine: {'line': b'-- Detecting CXX compiler ABI info\n'}
[12.030652] (-) TimerEvent: {}
[12.055013] (ros2_homework_advanced_package) StdoutLine: {'line': b'-- Detecting CXX compiler ABI info - done\n'}
[12.062011] (ros2_homework_advanced_package) StdoutLine: {'line': b'-- Check for working CXX compiler: /usr/bin/c++ - skipped\n'}
[12.062124] (ros2_homework_advanced_package) StdoutLine: {'line': b'-- Detecting CXX compile features\n'}
[12.062642] (ros2_homework_advanced_package) StdoutLine: {'line': b'-- Detecting CXX compile features - done\n'}
[12.064793] (ros2_homework_advanced_package) StdoutLine: {'line': b'-- Found ament_cmake: 1.3.14 (/opt/ros/humble/share/ament_cmake/cmake)\n'}
[12.130811] (-) TimerEvent: {}
[12.205043] (ros2_homework_advanced_package) StdoutLine: {'line': b'-- Found Python3: /usr/bin/python3 (found version "3.10.12") found components: Interpreter \n'}
[12.231009] (-) TimerEvent: {}
[12.277478] (ros2_homework_advanced_package) StdoutLine: {'line': b'-- Found rclcpp: 16.0.19 (/opt/ros/humble/share/rclcpp/cmake)\n'}
[12.307351] (ros2_homework_advanced_package) StdoutLine: {'line': b'-- Found rosidl_generator_c: 3.1.8 (/opt/ros/humble/share/rosidl_generator_c/cmake)\n'}
[12.310309] (ros2_homework_advanced_package) StdoutLine: {'line': b'-- Found rosidl_adapter: 3.1.8 (/opt/ros/humble/share/rosidl_adapter/cmake)\n'}
[12.315328] (ros2_homework_advanced_package) StdoutLine: {'line': b'-- Found rosidl_generator_cpp: 3.1.8 (/opt/ros/humble/share/rosidl_generator_cpp/cmake)\n'}
[12.322991] (ros2_homework_advanced_package) StdoutLine: {'line': b'-- Using all available rosidl_typesupport_c: rosidl_typesupport_fastrtps_c;rosidl_typesupport_introspection_c\n'}
[12.331094] (-) TimerEvent: {}
[12.332771] (ros2_homework_advanced_package) StdoutLine: {'line': b'-- Using all available rosidl_typesupport_cpp: rosidl_typesupport_fastrtps_cpp;rosidl_typesupport_introspection_cpp\n'}
[12.368140] (ros2_homework_advanced_package) StdoutLine: {'line': b'-- Found rmw_implementation_cmake: 6.1.2 (/opt/ros/humble/share/rmw_implementation_cmake/cmake)\n'}
[12.370424] (ros2_homework_advanced_package) StdoutLine: {'line': b'-- Found rmw_fastrtps_cpp: 6.2.10 (/opt/ros/humble/share/rmw_fastrtps_cpp/cmake)\n'}
[12.431221] (-) TimerEvent: {}
[12.462356] (ros2_homework_advanced_package) StdoutLine: {'line': b'-- Found OpenSSL: /usr/lib/x86_64-linux-gnu/libcrypto.so (found version "3.0.2")  \n'}
[12.492092] (ros2_homework_advanced_package) StdoutLine: {'line': b'-- Found FastRTPS: /opt/ros/humble/include  \n'}
[12.531291] (-) TimerEvent: {}
[12.532875] (ros2_homework_advanced_package) StdoutLine: {'line': b"-- Using RMW implementation 'rmw_fastrtps_cpp' as default\n"}
[12.543409] (ros2_homework_advanced_package) StdoutLine: {'line': b'-- Looking for pthread.h\n'}
[12.607508] (ros2_homework_advanced_package) StdoutLine: {'line': b'-- Looking for pthread.h - found\n'}
[12.607720] (ros2_homework_advanced_package) StdoutLine: {'line': b'-- Performing Test CMAKE_HAVE_LIBC_PTHREAD\n'}
[12.631384] (-) TimerEvent: {}
[12.683101] (ros2_homework_advanced_package) StdoutLine: {'line': b'-- Performing Test CMAKE_HAVE_LIBC_PTHREAD - Success\n'}
[12.685248] (ros2_homework_advanced_package) StdoutLine: {'line': b'-- Found Threads: TRUE  \n'}
[12.731529] (-) TimerEvent: {}
[12.734995] (ros2_homework_advanced_package) StdoutLine: {'line': b'-- Found fsd_common_msgs: 0.0.0 (/home/wu/Desktop/26_wuren_wuchunming/Ros2/ros2_homework_advanced_ws/install/fsd_common_msgs/share/fsd_common_msgs/cmake)\n'}
[12.778847] (ros2_homework_advanced_package) StdoutLine: {'line': b'-- Found visualization_msgs: 4.9.1 (/opt/ros/humble/share/visualization_msgs/cmake)\n'}
[12.808796] (ros2_homework_advanced_package) StdoutLine: {'line': b'-- Found ament_lint_auto: 0.12.15 (/opt/ros/humble/share/ament_lint_auto/cmake)\n'}
[12.831645] (-) TimerEvent: {}
[12.869048] (ros2_homework_advanced_package) StdoutLine: {'line': b"-- Added test 'cppcheck' to perform static code analysis on C / C++ code\n"}
[12.869305] (ros2_homework_advanced_package) StdoutLine: {'line': b'-- Configured cppcheck include dirs: \n'}
[12.869352] (ros2_homework_advanced_package) StdoutLine: {'line': b'-- Configured cppcheck exclude dirs and/or files: \n'}
[12.869657] (ros2_homework_advanced_package) StdoutLine: {'line': b"-- Added test 'flake8' to check Python code syntax and style conventions\n"}
[12.870273] (ros2_homework_advanced_package) StdoutLine: {'line': b"-- Added test 'lint_cmake' to check CMake code style\n"}
[12.870701] (ros2_homework_advanced_package) StdoutLine: {'line': b"-- Added test 'pep257' to check Python code against some of the docstring style conventions in PEP 257\n"}
[12.871564] (ros2_homework_advanced_package) StdoutLine: {'line': b"-- Added test 'uncrustify' to check C / C++ code style\n"}
[12.871600] (ros2_homework_advanced_package) StdoutLine: {'line': b'-- Configured uncrustify additional arguments: \n'}
[12.871970] (ros2_homework_advanced_package) StdoutLine: {'line': b"-- Added test 'xmllint' to check XML markup files\n"}
[12.872688] (ros2_homework_advanced_package) StdoutLine: {'line': b'-- Configuring done\n'}
[12.879708] (ros2_homework_advanced_package) StdoutLine: {'line': b'-- Generating done\n'}
[12.882609] (ros2_homework_advanced_package) StdoutLine: {'line': b'-- Build files have been written to: /home/wu/Desktop/26_wuren_wuchunming/Ros2/ros2_homework_advanced_ws/build/ros2_homework_advanced_package\n'}
[12.889277] (ros2_homework_advanced_package) CommandEnded: {'returncode': 0}
[12.889677] (ros2_homework_advanced_package) JobProgress: {'identifier': 'ros2_homework_advanced_package', 'progress': 'build'}
[12.889918] (ros2_homework_advanced_package) Command: {'cmd': ['/usr/bin/cmake', '--build', '/home/wu/Desktop/26_wuren_wuchunming/Ros2/ros2_homework_advanced_ws/build/ros2_homework_advanced_package', '--', '-j24', '-l24'], 'cwd': '/home/wu/Desktop/26_wuren_wuchunming/Ros2/ros2_homework_advanced_ws/build/ros2_homework_advanced_package', 'env': OrderedDict([('LESSOPEN', '| /usr/bin/lesspipe %s'), ('LANGUAGE', 'zh_CN:zh'), ('USER', 'wu'), ('XDG_SESSION_TYPE', 'wayland'), ('SHLVL', '1'), ('LD_LIBRARY_PATH', '/home/wu/Desktop/26_wuren_wuchunming/Ros2/ros2_homework_advanced_ws/install/fsd_common_msgs/lib:/opt/ros/humble/opt/rviz_ogre_vendor/lib:/opt/ros/humble/lib/x86_64-linux-gnu:/opt/ros/humble/lib'), ('HOME', '/home/wu'), ('CONDA_SHLVL', '0'), ('DESKTOP_SESSION', 'ubuntu'), ('ROS_PYTHON_VERSION', '3'), ('GNOME_SHELL_SESSION_MODE', 'ubuntu'), ('GTK_MODULES', 'gail:atk-bridge'), ('DBUS_STARTER_BUS_TYPE', 'session'), ('SYSTEMD_EXEC_PID', '1871'), ('DBUS_SESSION_BUS_ADDRESS', 'unix:path=/run/user/1000/bus,guid=c75c46452f547b93184815786a203848'), ('COLORTERM', 'truecolor'), ('_CE_M', ''), ('_CONDA_ROOT', '/home/wu/miniconda3'), ('IM_CONFIG_PHASE', '1'), ('WAYLAND_DISPLAY', 'wayland-0'), ('COLCON_PREFIX_PATH', '/home/wu/Desktop/26_wuren_wuchunming/Ros2/ros2_homework_basic_ws/install:/home/wu/Desktop/学习/ros2_learning-main/ros2_case/install'), ('ROS_DISTRO', 'humble'), ('LOGNAME', 'wu'), ('_', '/usr/bin/colcon'), ('ROS_VERSION', '2'), ('XDG_SESSION_CLASS', 'user'), ('USERNAME', 'wu'), ('TERM', 'xterm-256color'), ('GNOME_DESKTOP_SESSION_ID', 'this-is-deprecated'), ('_CE_CONDA', ''), ('ROS_LOCALHOST_ONLY', '0'), ('PATH', '/opt/ros/humble/bin:/home/wu/miniconda3/condabin:/usr/local/sbin:/usr/local/bin:/usr/sbin:/usr/bin:/sbin:/bin:/usr/games:/usr/local/games:/snap/bin:/snap/bin'), ('SESSION_MANAGER', 'local/Wu:@/tmp/.ICE-unix/1871,unix/Wu:/tmp/.ICE-unix/1871'), ('XDG_MENU_PREFIX', 'gnome-'), ('GNOME_TERMINAL_SCREEN', '/org/gnome/Terminal/screen/d16c2010_3fd9_4b3c_8df2_fd35376575a6'), ('GNOME_SETUP_DISPLAY', ':1'), ('XDG_RUNTIME_DIR', '/run/user/1000'), ('DISPLAY', ':0'), ('LANG', 'zh_CN.UTF-8'), ('XDG_CURRENT_DESKTOP', 'ubuntu:GNOME'), ('XMODIFIERS', '@im=ibus'), ('XDG_SESSION_DESKTOP', 'ubuntu'), ('XAUTHORITY', '/run/user/1000/.mutter-Xwaylandauth.S5NSQ3'), ('LS_COLORS', 'rs=0:di=01;34:ln=01;36:mh=00:pi=40;33:so=01;35:do=01;35:bd=40;33;01:cd=40;33;01:or=40;31;01:mi=00:su=37;41:sg=30;43:ca=30;41:tw=30;42:ow=34;42:st=37;44:ex=01;32:*.tar=01;31:*.tgz=01;31:*.arc=01;31:*.arj=01;31:*.taz=01;31:*.lha=01;31:*.lz4=01;31:*.lzh=01;31:*.lzma=01;31:*.tlz=01;31:*.txz=01;31:*.tzo=01;31:*.t7z=01;31:*.zip=01;31:*.z=01;31:*.dz=01;31:*.gz=01;31:*.lrz=01;31:*.lz=01;31:*.lzo=01;31:*.xz=01;31:*.zst=01;31:*.tzst=01;31:*.bz2=01;31:*.bz=01;31:*.tbz=01;31:*.tbz2=01;31:*.tz=01;31:*.deb=01;31:*.rpm=01;31:*.jar=01;31:*.war=01;31:*.ear=01;31:*.sar=01;31:*.rar=01;31:*.alz=01;31:*.ace=01;31:*.zoo=01;31:*.cpio=01;31:*.7z=01;31:*.rz=01;31:*.cab=01;31:*.wim=01;31:*.swm=01;31:*.dwm=01;31:*.esd=01;31:*.jpg=01;35:*.jpeg=01;35:*.mjpg=01;35:*.mjpeg=01;35:*.gif=01;35:*.bmp=01;35:*.pbm=01;35:*.pgm=01;35:*.ppm=01;35:*.tga=01;35:*.xbm=01;35:*.xpm=01;35:*.tif=01;35:*.tiff=01;35:*.png=01;35:*.svg=01;35:*.svgz=01;35:*.mng=01;35:*.pcx=01;35:*.mov=01;35:*.mpg=01;35:*.mpeg=01;35:*.m2v=01;35:*.mkv=01;35:*.webm=01;35:*.webp=01;35:*.ogm=01;35:*.mp4=01;35:*.m4v=01;35:*.mp4v=01;35:*.vob=01;35:*.qt=01;35:*.nuv=01;35:*.wmv=01;35:*.asf=01;35:*.rm=01;35:*.rmvb=01;35:*.flc=01;35:*.avi=01;35:*.fli=01;35:*.flv=01;35:*.gl=01;35:*.dl=01;35:*.xcf=01;35:*.xwd=01;35:*.yuv=01;35:*.cgm=01;35:*.emf=01;35:*.ogv=01;35:*.ogx=01;35:*.aac=00;36:*.au=00;36:*.flac=00;36:*.m4a=00;36:*.mid=00;36:*.midi=00;36:*.mka=00;36:*.mp3=00;36:*.mpc=00;36:*.ogg=00;36:*.ra=00;36:*.wav=00;36:*.oga=00;36:*.opus=00;36:*.spx=00;36:*.xspf=00;36:'), ('GNOME_TERMINAL_SERVICE', ':1.432'), ('SSH_AGENT_LAUNCHER', 'gnome-keyring'), ('SSH_AUTH_SOCK', '/run/user/1000/keyring/ssh'), ('AMENT_PREFIX_PATH', '/home/wu/Desktop/26_wuren_wuchunming/Ros2/ros2_homework_advanced_ws/install/fsd_common_msgs:/home/wu/Desktop/26_wuren_wuchunming/Ros2/ros2_homework_basic_ws/install/ros2_homework_basic_package:/home/wu/Desktop/学习/ros2_learning-main/ros2_case/install/topic_case_package:/home/wu/Desktop/学习/ros2_learning-main/ros2_case/install/param_case_package:/opt/ros/humble'), ('CONDA_PYTHON_EXE', '/home/wu/miniconda3/bin/python'), ('SHELL', '/bin/bash'), ('QT_ACCESSIBILITY', '1'), ('GDMSESSION', 'ubuntu'), ('LESSCLOSE', '/usr/bin/lesspipe %s %s'), ('_CONDA_EXE', '/home/wu/miniconda3/bin/conda'), ('QT_IM_MODULE', 'ibus'), ('PWD', '/home/wu/Desktop/26_wuren_wuchunming/Ros2/ros2_homework_advanced_ws/build/ros2_homework_advanced_package'), ('XDG_CONFIG_DIRS', '/etc/xdg/xdg-ubuntu:/etc/xdg'), ('CONDA_EXE', '/home/wu/miniconda3/bin/conda'), ('DBUS_STARTER_ADDRESS', 'unix:path=/run/user/1000/bus,guid=c75c46452f547b93184815786a203848'), ('XDG_DATA_DIRS', '/usr/share/ubuntu:/usr/local/share/:/usr/share/:/var/lib/snapd/desktop'), ('PYTHONPATH', '/home/wu/Desktop/26_wuren_wuchunming/Ros2/ros2_homework_advanced_ws/install/fsd_common_msgs/local/lib/python3.10/dist-packages:/opt/ros/humble/lib/python3.10/site-packages:/opt/ros/humble/local/lib/python3.10/dist-packages'), ('COLCON', '1'), ('VTE_VERSION', '6800'), ('CMAKE_PREFIX_PATH', '/home/wu/Desktop/26_wuren_wuchunming/Ros2/ros2_homework_advanced_ws/install/fsd_common_msgs:/home/wu/Desktop/26_wuren_wuchunming/Ros2/ros2_homework_basic_ws/install/ros2_homework_basic_package:/home/wu/Desktop/学习/ros2_learning-main/ros2_case/install/topic_case_package:/home/wu/Desktop/学习/ros2_learning-main/ros2_case/install/param_case_package:/opt/ros/humble')]), 'shell': False}
[12.931829] (-) TimerEvent: {}
[12.935328] (ros2_homework_advanced_package) StdoutLine: {'line': b'[ 50%] \x1b[32mBuilding CXX object CMakeFiles/map_builder.dir/src/map_builder.cpp.o\x1b[0m\n'}
[13.031937] (-) TimerEvent: {}
[13.132155] (-) TimerEvent: {}
[13.232412] (-) TimerEvent: {}
[13.332645] (-) TimerEvent: {}
[13.432943] (-) TimerEvent: {}
[13.533191] (-) TimerEvent: {}
[13.633394] (-) TimerEvent: {}
[13.733620] (-) TimerEvent: {}
[13.833842] (-) TimerEvent: {}
[13.934074] (-) TimerEvent: {}
[14.034290] (-) TimerEvent: {}
[14.134488] (-) TimerEvent: {}
[14.234716] (-) TimerEvent: {}
[14.334941] (-) TimerEvent: {}
[14.435219] (-) TimerEvent: {}
[14.535426] (-) TimerEvent: {}
[14.635678] (-) TimerEvent: {}
[14.735899] (-) TimerEvent: {}
[14.836160] (-) TimerEvent: {}
[14.936359] (-) TimerEvent: {}
[15.036581] (-) TimerEvent: {}
[15.136830] (-) TimerEvent: {}
[15.237156] (-) TimerEvent: {}
[15.337504] (-) TimerEvent: {}
[15.437820] (-) TimerEvent: {}
[15.538034] (-) TimerEvent: {}
[15.638273] (-) TimerEvent: {}
[15.738516] (-) TimerEvent: {}
[15.838747] (-) TimerEvent: {}
[15.938975] (-) TimerEvent: {}
[16.039208] (-) TimerEvent: {}
[16.139423] (-) TimerEvent: {}
[16.239675] (-) TimerEvent: {}
[16.339912] (-) TimerEvent: {}
[16.440151] (-) TimerEvent: {}
[16.540387] (-) TimerEvent: {}
[16.640612] (-) TimerEvent: {}
[16.740854] (-) TimerEvent: {}
[16.841107] (-) TimerEvent: {}
[16.941336] (-) TimerEvent: {}
[17.041541] (-) TimerEvent: {}
[17.141765] (-) TimerEvent: {}
[17.241994] (-) TimerEvent: {}
[17.342221] (-) TimerEvent: {}
[17.442432] (-) TimerEvent: {}
[17.542646] (-) TimerEvent: {}
[17.642868] (-) TimerEvent: {}
[17.743110] (-) TimerEvent: {}
[17.843331] (-) TimerEvent: {}
[17.943535] (-) TimerEvent: {}
[18.043761] (-) TimerEvent: {}
[18.143995] (-) TimerEvent: {}
[18.147396] (ros2_homework_advanced_package) StdoutLine: {'line': b'[100%] \x1b[32m\x1b[1mLinking CXX executable map_builder\x1b[0m\n'}
[18.244170] (-) TimerEvent: {}
[18.344429] (-) TimerEvent: {}
[18.444626] (-) TimerEvent: {}
[18.482896] (ros2_homework_advanced_package) StdoutLine: {'line': b'[100%] Built target map_builder\n'}
[18.491317] (ros2_homework_advanced_package) CommandEnded: {'returncode': 0}
[18.491865] (ros2_homework_advanced_package) JobProgress: {'identifier': 'ros2_homework_advanced_package', 'progress': 'install'}
[18.491997] (ros2_homework_advanced_package) Command: {'cmd': ['/usr/bin/cmake', '--install', '/home/wu/Desktop/26_wuren_wuchunming/Ros2/ros2_homework_advanced_ws/build/ros2_homework_advanced_package'], 'cwd': '/home/wu/Desktop/26_wuren_wuchunming/Ros2/ros2_homework_advanced_ws/build/ros2_homework_advanced_package', 'env': OrderedDict([('LESSOPEN', '| /usr/bin/lesspipe %s'), ('LANGUAGE', 'zh_CN:zh'), ('USER', 'wu'), ('XDG_SESSION_TYPE', 'wayland'), ('SHLVL', '1'), ('LD_LIBRARY_PATH', '/home/wu/Desktop/26_wuren_wuchunming/Ros2/ros2_homework_advanced_ws/install/fsd_common_msgs/lib:/opt/ros/humble/opt/rviz_ogre_vendor/lib:/opt/ros/humble/lib/x86_64-linux-gnu:/opt/ros/humble/lib'), ('HOME', '/home/wu'), ('CONDA_SHLVL', '0'), ('DESKTOP_SESSION', 'ubuntu'), ('ROS_PYTHON_VERSION', '3'), ('GNOME_SHELL_SESSION_MODE', 'ubuntu'), ('GTK_MODULES', 'gail:atk-bridge'), ('DBUS_STARTER_BUS_TYPE', 'session'), ('SYSTEMD_EXEC_PID', '1871'), ('DBUS_SESSION_BUS_ADDRESS', 'unix:path=/run/user/1000/bus,guid=c75c46452f547b93184815786a203848'), ('COLORTERM', 'truecolor'), ('_CE_M', ''), ('_CONDA_ROOT', '/home/wu/miniconda3'), ('IM_CONFIG_PHASE', '1'), ('WAYLAND_DISPLAY', 'wayland-0'), ('COLCON_PREFIX_PATH', '/home/wu/Desktop/26_wuren_wuchunming/Ros2/ros2_homework_basic_ws/install:/home/wu/Desktop/学习/ros2_learning-main/ros2_case/install'), ('ROS_DISTRO', 'humble'), ('LOGNAME', 'wu'), ('_', '/usr/bin/colcon'), ('ROS_VERSION', '2'), ('XDG_SESSION_CLASS', 'user'), ('USERNAME', 'wu'), ('TERM', 'xterm-256color'), ('GNOME_DESKTOP_SESSION_ID', 'this-is-deprecated'), ('_CE_CONDA', ''), ('ROS_LOCALHOST_ONLY', '0'), ('PATH', '/opt/ros/humble/bin:/home/wu/miniconda3/condabin:/usr/local/sbin:/usr/local/bin:/usr/sbin:/usr/bin:/sbin:/bin:/usr/games:/usr/local/games:/snap/bin:/snap/bin'), ('SESSION_MANAGER', 'local/Wu:@/tmp/.ICE-unix/1871,unix/Wu:/tmp/.ICE-unix/1871'), ('XDG_MENU_PREFIX', 'gnome-'), ('GNOME_TERMINAL_SCREEN', '/org/gnome/Terminal/screen/d16c2010_3fd9_4b3c_8df2_fd35376575a6'), ('GNOME_SETUP_DISPLAY', ':1'), ('XDG_RUNTIME_DIR', '/run/user/1000'), ('DISPLAY', ':0'), ('LANG', 'zh_CN.UTF-8'), ('XDG_CURRENT_DESKTOP', 'ubuntu:GNOME'), ('XMODIFIERS', '@im=ibus'), ('XDG_SESSION_DESKTOP', 'ubuntu'), ('XAUTHORITY', '/run/user/1000/.mutter-Xwaylandauth.S5NSQ3'), ('LS_COLORS', 'rs=0:di=01;34:ln=01;36:mh=00:pi=40;33:so=01;35:do=01;35:bd=40;33;01:cd=40;33;01:or=40;31;01:mi=00:su=37;41:sg=30;43:ca=30;41:tw=30;42:ow=34;42:st=37;44:ex=01;32:*.tar=01;31:*.tgz=01;31:*.arc=01;31:*.arj=01;31:*.taz=01;31:*.lha=01;31:*.lz4=01;31:*.lzh=01;31:*.lzma=01;31:*.tlz=01;31:*.txz=01;31:*.tzo=01;31:*.t7z=01;31:*.zip=01;31:*.z=01;31:*.dz=01;31:*.gz=01;31:*.lrz=01;31:*.lz=01;31:*.lzo=01;31:*.xz=01;31:*.zst=01;31:*.tzst=01;31:*.bz2=01;31:*.bz=01;31:*.tbz=01;31:*.tbz2=01;31:*.tz=01;31:*.deb=01;31:*.rpm=01;31:*.jar=01;31:*.war=01;31:*.ear=01;31:*.sar=01;31:*.rar=01;31:*.alz=01;31:*.ace=01;31:*.zoo=01;31:*.cpio=01;31:*.7z=01;31:*.rz=01;31:*.cab=01;31:*.wim=01;31:*.swm=01;31:*.dwm=01;31:*.esd=01;31:*.jpg=01;35:*.jpeg=01;35:*.mjpg=01;35:*.mjpeg=01;35:*.gif=01;35:*.bmp=01;35:*.pbm=01;35:*.pgm=01;35:*.ppm=01;35:*.tga=01;35:*.xbm=01;35:*.xpm=01;35:*.tif=01;35:*.tiff=01;35:*.png=01;35:*.svg=01;35:*.svgz=01;35:*.mng=01;35:*.pcx=01;35:*.mov=01;35:*.mpg=01;35:*.mpeg=01;35:*.m2v=01;35:*.mkv=01;35:*.webm=01;35:*.webp=01;35:*.ogm=01;35:*.mp4=01;35:*.m4v=01;35:*.mp4v=01;35:*.vob=01;35:*.qt=01;35:*.nuv=01;35:*.wmv=01;35:*.asf=01;35:*.rm=01;35:*.rmvb=01;35:*.flc=01;35:*.avi=01;35:*.fli=01;35:*.flv=01;35:*.gl=01;35:*.dl=01;35:*.xcf=01;35:*.xwd=01;35:*.yuv=01;35:*.cgm=01;35:*.emf=01;35:*.ogv=01;35:*.ogx=01;35:*.aac=00;36:*.au=00;36:*.flac=00;36:*.m4a=00;36:*.mid=00;36:*.midi=00;36:*.mka=00;36:*.mp3=00;36:*.mpc=00;36:*.ogg=00;36:*.ra=00;36:*.wav=00;36:*.oga=00;36:*.opus=00;36:*.spx=00;36:*.xspf=00;36:'), ('GNOME_TERMINAL_SERVICE', ':1.432'), ('SSH_AGENT_LAUNCHER', 'gnome-keyring'), ('SSH_AUTH_SOCK', '/run/user/1000/keyring/ssh'), ('AMENT_PREFIX_PATH', '/home/wu/Desktop/26_wuren_wuchunming/Ros2/ros2_homework_advanced_ws/install/fsd_common_msgs:/home/wu/Desktop/26_wuren_wuchunming/Ros2/ros2_homework_basic_ws/install/ros2_homework_basic_package:/home/wu/Desktop/学习/ros2_learning-main/ros2_case/install/topic_case_package:/home/wu/Desktop/学习/ros2_learning-main/ros2_case/install/param_case_package:/opt/ros/humble'), ('CONDA_PYTHON_EXE', '/home/wu/miniconda3/bin/python'), ('SHELL', '/bin/bash'), ('QT_ACCESSIBILITY', '1'), ('GDMSESSION', 'ubuntu'), ('LESSCLOSE', '/usr/bin/lesspipe %s %s'), ('_CONDA_EXE', '/home/wu/miniconda3/bin/conda'), ('QT_IM_MODULE', 'ibus'), ('PWD', '/home/wu/Desktop/26_wuren_wuchunming/Ros2/ros2_homework_advanced_ws/build/ros2_homework_advanced_package'), ('XDG_CONFIG_DIRS', '/etc/xdg/xdg-ubuntu:/etc/xdg'), ('CONDA_EXE', '/home/wu/miniconda3/bin/conda'), ('DBUS_STARTER_ADDRESS', 'unix:path=/run/user/1000/bus,guid=c75c46452f547b93184815786a203848'), ('XDG_DATA_DIRS', '/usr/share/ubuntu:/usr/local/share/:/usr/share/:/var/lib/snapd/desktop'), ('PYTHONPATH', '/home/wu/Desktop/26_wuren_wuchunming/Ros2/ros2_homework_advanced_ws/install/fsd_common_msgs/local/lib/python3.10/dist-packages:/opt/ros/humble/lib/python3.10/site-packages:/opt/ros/humble/local/lib/python3.10/dist-packages'), ('COLCON', '1'), ('VTE_VERSION', '6800'), ('CMAKE_PREFIX_PATH', '/home/wu/Desktop/26_wuren_wuchunming/Ros2/ros2_homework_advanced_ws/install/fsd_common_msgs:/home/wu/Desktop/26_wuren_wuchunming/Ros2/ros2_homework_basic_ws/install/ros2_homework_basic_package:/home/wu/Desktop/学习/ros2_learning-main/ros2_case/install/topic_case_package:/home/wu/Desktop/学习/ros2_learning-main/ros2_case/install/param_case_package:/opt/ros/humble')]), 'shell': False}
[18.502703] (ros2_homework_advanced_package) StdoutLine: {'line': b'-- Install configuration: ""\n'}
[18.502792] (ros2_homework_advanced_package) StdoutLine: {'line': b'-- Installing: /home/wu/Desktop/26_wuren_wuchunming/Ros2/ros2_homework_advanced_ws/install/ros2_homework_advanced_package/lib/ros2_homework_advanced_package/map_builder\n'}
[18.506767] (ros2_homework_advanced_package) StdoutLine: {'line': b'-- Set runtime path of "/home/wu/Desktop/26_wuren_wuchunming/Ros2/ros2_homework_advanced_ws/install/ros2_homework_advanced_package/lib/ros2_homework_advanced_package/map_builder" to ""\n'}
[18.506851] (ros2_homework_advanced_package) StdoutLine: {'line': b'-- Installing: /home/wu/Desktop/26_wuren_wuchunming/Ros2/ros2_homework_advanced_ws/install/ros2_homework_advanced_package/share/ros2_homework_advanced_package/bag\n'}
[18.506898] (ros2_homework_advanced_package) StdoutLine: {'line': b'-- Installing: /home/wu/Desktop/26_wuren_wuchunming/Ros2/ros2_homework_advanced_ws/install/ros2_homework_advanced_package/share/ros2_homework_advanced_package/bag/frames_2026-06-04_22.24.36.pdf\n'}
[18.508180] (ros2_homework_advanced_package) StdoutLine: {'line': b'-- Installing: /home/wu/Desktop/26_wuren_wuchunming/Ros2/ros2_homework_advanced_ws/install/ros2_homework_advanced_package/share/ros2_homework_advanced_package/bag/metadata.yaml\n'}
[18.509083] (ros2_homework_advanced_package) StdoutLine: {'line': b'-- Installing: /home/wu/Desktop/26_wuren_wuchunming/Ros2/ros2_homework_advanced_ws/install/ros2_homework_advanced_package/share/ros2_homework_advanced_package/bag/frames_2026-06-04_22.24.36.gv\n'}
[18.509704] (ros2_homework_advanced_package) StdoutLine: {'line': b'-- Installing: /home/wu/Desktop/26_wuren_wuchunming/Ros2/ros2_homework_advanced_ws/install/ros2_homework_advanced_package/share/ros2_homework_advanced_package/bag/map_to_visualize_0.db3\n'}
[18.512502] (ros2_homework_advanced_package) StdoutLine: {'line': b'-- Installing: /home/wu/Desktop/26_wuren_wuchunming/Ros2/ros2_homework_advanced_ws/install/ros2_homework_advanced_package/share/ros2_homework_advanced_package/launch\n'}
[18.512568] (ros2_homework_advanced_package) StdoutLine: {'line': b'-- Installing: /home/wu/Desktop/26_wuren_wuchunming/Ros2/ros2_homework_advanced_ws/install/ros2_homework_advanced_package/share/ros2_homework_advanced_package/launch/map_builder.launch.py\n'}
[18.512718] (ros2_homework_advanced_package) StdoutLine: {'line': b'-- Installing: /home/wu/Desktop/26_wuren_wuchunming/Ros2/ros2_homework_advanced_ws/install/ros2_homework_advanced_package/share/ros2_homework_advanced_package/config\n'}
[18.512844] (ros2_homework_advanced_package) StdoutLine: {'line': b'-- Installing: /home/wu/Desktop/26_wuren_wuchunming/Ros2/ros2_homework_advanced_ws/install/ros2_homework_advanced_package/share/ros2_homework_advanced_package/config/rviz_init.rviz\n'}
[18.513671] (ros2_homework_advanced_package) StdoutLine: {'line': b'-- Installing: /home/wu/Desktop/26_wuren_wuchunming/Ros2/ros2_homework_advanced_ws/install/ros2_homework_advanced_package/share/ament_index/resource_index/package_run_dependencies/ros2_homework_advanced_package\n'}
[18.513834] (ros2_homework_advanced_package) StdoutLine: {'line': b'-- Installing: /home/wu/Desktop/26_wuren_wuchunming/Ros2/ros2_homework_advanced_ws/install/ros2_homework_advanced_package/share/ament_index/resource_index/parent_prefix_path/ros2_homework_advanced_package\n'}
[18.514020] (ros2_homework_advanced_package) StdoutLine: {'line': b'-- Installing: /home/wu/Desktop/26_wuren_wuchunming/Ros2/ros2_homework_advanced_ws/install/ros2_homework_advanced_package/share/ros2_homework_advanced_package/environment/ament_prefix_path.sh\n'}
[18.514093] (ros2_homework_advanced_package) StdoutLine: {'line': b'-- Installing: /home/wu/Desktop/26_wuren_wuchunming/Ros2/ros2_homework_advanced_ws/install/ros2_homework_advanced_package/share/ros2_homework_advanced_package/environment/ament_prefix_path.dsv\n'}
[18.514243] (ros2_homework_advanced_package) StdoutLine: {'line': b'-- Installing: /home/wu/Desktop/26_wuren_wuchunming/Ros2/ros2_homework_advanced_ws/install/ros2_homework_advanced_package/share/ros2_homework_advanced_package/environment/path.sh\n'}
[18.514331] (ros2_homework_advanced_package) StdoutLine: {'line': b'-- Installing: /home/wu/Desktop/26_wuren_wuchunming/Ros2/ros2_homework_advanced_ws/install/ros2_homework_advanced_package/share/ros2_homework_advanced_package/environment/path.dsv\n'}
[18.514384] (ros2_homework_advanced_package) StdoutLine: {'line': b'-- Installing: /home/wu/Desktop/26_wuren_wuchunming/Ros2/ros2_homework_advanced_ws/install/ros2_homework_advanced_package/share/ros2_homework_advanced_package/local_setup.bash\n'}
[18.514492] (ros2_homework_advanced_package) StdoutLine: {'line': b'-- Installing: /home/wu/Desktop/26_wuren_wuchunming/Ros2/ros2_homework_advanced_ws/install/ros2_homework_advanced_package/share/ros2_homework_advanced_package/local_setup.sh\n'}
[18.514609] (ros2_homework_advanced_package) StdoutLine: {'line': b'-- Installing: /home/wu/Desktop/26_wuren_wuchunming/Ros2/ros2_homework_advanced_ws/install/ros2_homework_advanced_package/share/ros2_homework_advanced_package/local_setup.zsh\n'}
[18.514720] (ros2_homework_advanced_package) StdoutLine: {'line': b'-- Installing: /home/wu/Desktop/26_wuren_wuchunming/Ros2/ros2_homework_advanced_ws/install/ros2_homework_advanced_package/share/ros2_homework_advanced_package/local_setup.dsv\n'}
[18.514828] (ros2_homework_advanced_package) StdoutLine: {'line': b'-- Installing: /home/wu/Desktop/26_wuren_wuchunming/Ros2/ros2_homework_advanced_ws/install/ros2_homework_advanced_package/share/ros2_homework_advanced_package/package.dsv\n'}
[18.514970] (ros2_homework_advanced_package) StdoutLine: {'line': b'-- Installing: /home/wu/Desktop/26_wuren_wuchunming/Ros2/ros2_homework_advanced_ws/install/ros2_homework_advanced_package/share/ament_index/resource_index/packages/ros2_homework_advanced_package\n'}
[18.515114] (ros2_homework_advanced_package) StdoutLine: {'line': b'-- Installing: /home/wu/Desktop/26_wuren_wuchunming/Ros2/ros2_homework_advanced_ws/install/ros2_homework_advanced_package/share/ros2_homework_advanced_package/cmake/ros2_homework_advanced_packageConfig.cmake\n'}
[18.515217] (ros2_homework_advanced_package) StdoutLine: {'line': b'-- Installing: /home/wu/Desktop/26_wuren_wuchunming/Ros2/ros2_homework_advanced_ws/install/ros2_homework_advanced_package/share/ros2_homework_advanced_package/cmake/ros2_homework_advanced_packageConfig-version.cmake\n'}
[18.515333] (ros2_homework_advanced_package) StdoutLine: {'line': b'-- Installing: /home/wu/Desktop/26_wuren_wuchunming/Ros2/ros2_homework_advanced_ws/install/ros2_homework_advanced_package/share/ros2_homework_advanced_package/package.xml\n'}
[18.517364] (ros2_homework_advanced_package) CommandEnded: {'returncode': 0}
[18.526163] (ros2_homework_advanced_package) JobEnded: {'identifier': 'ros2_homework_advanced_package', 'rc': 0}
[18.526680] (-) EventReactorShutdown: {}
